timestamp,temperature,humidity,wind_speed,pressure,modeled_pm25,modeled_pm10,ground_pm25,hour,day_of_week,month
2025-01-01 00:00:00,7.4,100,3.5,994.2,319.4,323.2,,0,2,1
2025-01-01 01:00:00,7.7,100,4.2,994.0,302.7,306.4,,1,2,1
2025-01-01 02:00:00,7.4,100,4.6,993.5,262.6,266.4,,2,2,1
2025-01-01 03:00:00,7.6,100,4.1,993.1,233.8,237.5,,3,2,1
2025-01-01 04:00:00,7.3,100,2.3,992.4,220.7,224.0,,4,2,1
2025-01-01 05:00:00,6.7,100,2.0,992.1,199.8,202.1,,5,2,1
2025-01-01 06:00:00,7.5,97,4.0,992.9,203.0,205.4,,6,2,1
2025-01-01 07:00:00,7.4,97,4.2,993.6,206.3,207.7,,7,2,1
2025-01-01 08:00:00,7.7,96,2.3,993.9,210.9,211.9,,8,2,1
2025-01-01 09:00:00,8.3,98,2.3,994.4,209.5,210.9,,9,2,1
2025-01-01 10:00:00,9.6,99,3.9,994.9,206.3,207.7,,10,2,1
2025-01-01 11:00:00,11.2,93,5.4,994.7,185.3,186.7,,11,2,1
2025-01-01 12:00:00,13.5,84,4.0,993.9,155.5,156.9,,12,2,1
2025-01-01 13:00:00,15.0,79,3.1,992.6,125.3,126.7,,13,2,1
2025-01-01 14:00:00,15.9,75,4.1,991.7,108.0,109.4,,14,2,1
2025-01-01 15:00:00,16.3,74,4.2,991.3,101.3,102.7,,15,2,1
2025-01-01 16:00:00,16.0,76,3.7,991.3,104.5,105.7,,16,2,1
2025-01-01 17:00:00,14.1,83,3.3,991.3,170.0,171.4,,17,2,1
2025-01-01 18:00:00,11.9,86,2.4,992.5,187.2,189.1,,18,2,1
2025-01-01 19:00:00,11.0,89,1.6,992.8,204.4,206.3,,19,2,1
2025-01-01 20:00:00,10.0,92,1.8,992.7,224.9,226.8,,20,2,1
2025-01-01 21:00:00,9.5,94,1.3,992.9,244.9,245.9,,21,2,1
2025-01-01 22:00:00,9.1,95,1.9,993.0,260.8,262.6,,22,2,1
2025-01-01 23:00:00,8.9,96,3.1,992.9,269.2,271.0,,23,2,1
2025-01-02 00:00:00,8.7,96,3.8,992.2,258.0,258.9,,0,3,1
2025-01-02 01:00:00,8.5,96,4.3,991.9,225.8,226.8,,1,3,1
2025-01-02 02:00:00,8.3,97,5.4,991.5,208.2,209.1,,2,3,1
2025-01-02 03:00:00,7.8,98,4.7,991.2,199.8,200.2,,3,3,1
2025-01-02 04:00:00,7.4,99,5.0,990.8,192.8,193.2,,4,3,1
2025-01-02 05:00:00,7.3,99,5.3,990.7,211.4,212.3,,5,3,1
2025-01-02 06:00:00,7.2,98,5.4,991.7,222.6,223.5,,6,3,1
2025-01-02 07:00:00,6.9,99,5.1,992.4,234.7,235.6,,7,3,1
2025-01-02 08:00:00,8.5,96,4.9,992.8,237.0,237.5,,8,3,1
2025-01-02 09:00:00,10.1,95,4.0,993.5,215.1,215.6,,9,3,1
2025-01-02 10:00:00,12.4,88,2.8,993.9,207.2,207.7,,10,3,1
2025-01-02 11:00:00,14.6,80,3.1,993.9,181.6,182.1,,11,3,1
2025-01-02 12:00:00,15.8,75,2.6,993.2,147.1,149.0,,12,3,1
2025-01-02 13:00:00,16.8,71,2.9,992.2,126.7,129.0,,13,3,1
2025-01-02 14:00:00,17.2,70,2.2,991.7,113.2,115.7,,14,3,1
2025-01-02 15:00:00,17.2,71,2.4,991.5,107.6,110.1,,15,3,1
2025-01-02 16:00:00,16.6,77,1.7,991.3,118.5,120.6,,16,3,1
2025-01-02 17:00:00,14.9,84,1.8,991.1,151.3,152.7,,17,3,1
2025-01-02 18:00:00,12.7,87,2.5,991.9,185.8,187.7,,18,3,1
2025-01-02 19:00:00,12.2,88,1.0,992.4,222.6,224.4,,19,3,1
2025-01-02 20:00:00,11.6,90,0.3,992.5,259.8,261.7,,20,3,1
2025-01-02 21:00:00,11.2,92,0.4,992.5,289.6,291.5,,21,3,1
2025-01-02 22:00:00,11.0,93,0.8,992.5,308.3,311.1,,22,3,1
2025-01-02 23:00:00,10.6,94,0.8,992.2,316.6,318.5,,23,3,1
2025-01-03 00:00:00,10.0,96,2.9,991.9,301.7,303.6,,0,4,1
2025-01-03 01:00:00,9.5,96,5.0,991.6,265.4,267.3,,1,4,1
2025-01-03 02:00:00,9.4,94,5.0,991.5,227.2,228.6,,2,4,1
2025-01-03 03:00:00,9.3,95,3.8,991.5,207.7,209.1,,3,4,1
2025-01-03 04:00:00,8.9,98,2.7,991.3,200.2,201.6,,4,4,1
2025-01-03 05:00:00,8.4,100,1.4,991.1,204.0,205.4,,5,4,1
2025-01-03 06:00:00,8.1,100,1.9,992.1,201.2,202.1,,6,4,1
2025-01-03 07:00:00,7.8,100,3.1,992.7,212.3,213.7,,7,4,1
2025-01-03 08:00:00,8.2,100,3.3,993.3,224.4,226.8,,8,4,1
2025-01-03 09:00:00,9.7,99,3.1,993.9,208.2,210.0,,9,4,1
2025-01-03 10:00:00,10.5,99,2.0,994.2,183.0,183.9,,10,4,1
2025-01-03 11:00:00,12.1,95,1.8,994.3,140.6,142.0,,11,4,1
2025-01-03 12:00:00,14.3,89,0.9,993.6,121.5,124.8,,12,4,1
2025-01-03 13:00:00,16.0,82,0.9,992.6,107.8,113.4,,13,4,1
2025-01-03 14:00:00,17.1,75,1.1,991.7,100.8,108.5,,14,4,1
2025-01-03 15:00:00,17.4,71,1.6,991.3,98.7,107.6,,15,4,1
2025-01-03 16:00:00,16.8,79,1.4,990.8,122.0,129.9,,16,4,1
2025-01-03 17:00:00,15.1,81,0.5,990.6,168.6,178.3,,17,4,1
2025-01-03 18:00:00,13.6,88,2.2,991.0,204.0,214.2,,18,4,1
2025-01-03 19:00:00,12.3,94,2.3,990.9,241.2,251.5,,19,4,1
2025-01-03 20:00:00,11.4,97,1.7,990.8,274.7,285.9,,20,4,1
2025-01-03 21:00:00,10.6,100,1.3,990.9,300.8,312.0,,21,4,1
2025-01-03 22:00:00,10.2,100,0.7,990.7,322.2,334.3,,22,4,1
2025-01-03 23:00:00,9.4,100,1.8,990.7,326.0,338.1,,23,4,1
2025-01-04 00:00:00,8.4,100,3.8,990.1,315.7,327.8,,0,5,1
2025-01-04 01:00:00,7.5,100,5.7,989.7,308.3,321.3,,1,5,1
2025-01-04 02:00:00,7.2,100,5.6,989.2,299.0,312.0,,2,5,1
2025-01-04 03:00:00,7.5,99,5.1,988.7,289.6,303.6,,3,5,1
2025-01-04 04:00:00,7.5,99,5.8,988.1,278.5,292.4,,4,5,1
2025-01-04 05:00:00,7.9,96,6.3,988.1,223.5,235.6,,5,5,1
2025-01-04 06:00:00,7.7,98,6.7,988.7,204.4,214.2,,6,5,1
2025-01-04 07:00:00,7.3,98,7.3,989.1,204.9,214.2,,7,5,1
2025-01-04 08:00:00,7.8,97,6.4,989.4,208.2,216.1,,8,5,1
2025-01-04 09:00:00,9.1,90,4.2,990.1,183.0,189.1,,9,5,1
2025-01-04 10:00:00,9.9,97,4.1,990.4,163.0,168.6,,10,5,1
2025-01-04 11:00:00,12.3,96,2.1,990.5,140.6,148.1,,11,5,1
2025-01-04 12:00:00,14.9,86,0.9,989.9,114.3,122.9,,12,5,1
2025-01-04 13:00:00,17.1,79,0.8,988.9,94.3,102.4,,13,5,1
2025-01-04 14:00:00,18.3,73,1.6,988.2,84.1,90.8,,14,5,1
2025-01-04 15:00:00,18.8,72,3.4,987.6,81.3,86.8,,15,5,1
2025-01-04 16:00:00,18.2,78,5.2,987.2,89.2,92.9,,16,5,1
2025-01-04 17:00:00,16.4,85,6.6,986.9,115.5,121.5,,17,5,1
2025-01-04 18:00:00,14.5,88,8.7,987.9,130.4,136.4,,18,5,1
2025-01-04 19:00:00,13.2,90,5.1,988.2,136.9,143.0,,19,5,1
2025-01-04 20:00:00,12.4,90,3.5,988.8,141.1,147.1,,20,5,1
2025-01-04 21:00:00,12.2,90,2.1,989.2,147.6,154.1,,21,5,1
2025-01-04 22:00:00,12.1,89,1.0,989.0,157.9,163.9,,22,5,1
2025-01-04 23:00:00,11.4,91,2.3,988.7,168.6,175.1,,23,5,1
2025-01-05 00:00:00,10.6,94,2.6,988.5,174.6,181.6,,0,6,1
2025-01-05 01:00:00,9.7,96,3.0,988.1,181.6,188.1,,1,6,1
2025-01-05 02:00:00,9.1,97,3.8,988.1,186.7,193.7,,2,6,1
2025-01-05 03:00:00,8.4,98,5.0,987.9,188.1,194.6,,3,6,1
2025-01-05 04:00:00,9.6,94,5.3,987.9,189.5,195.6,,4,6,1
2025-01-05 05:00:00,9.3,94,5.0,987.7,168.6,172.8,,5,6,1
2025-01-05 06:00:00,9.5,96,5.7,988.4,163.9,167.6,,6,6,1
2025-01-05 07:00:00,9.4,97,5.5,989.0,170.4,174.6,,7,6,1
2025-01-05 08:00:00,10.1,94,6.5,989.7,178.8,182.5,,8,6,1
2025-01-05 09:00:00,11.2,88,3.8,990.6,179.3,182.5,,9,6,1
2025-01-05 10:00:00,12.6,85,1.8,991.3,177.4,180.7,,10,6,1
2025-01-05 11:00:00,14.1,82,2.3,991.1,158.8,163.0,,11,6,1
2025-01-05 12:00:00,14.7,86,1.4,990.3,122.9,126.2,,12,6,1
2025-01-05 13:00:00,15.6,82,1.5,989.6,89.9,92.0,,13,6,1
2025-01-05 14:00:00,15.8,84,1.2,989.3,66.1,67.5,,14,6,1
2025-01-05 15:00:00,15.9,84,7.4,988.7,57.3,58.4,,15,6,1
2025-01-05 16:00:00,15.6,84,8.1,988.9,58.1,58.9,,16,6,1
2025-01-05 17:00:00,14.5,90,4.0,988.8,88.9,90.3,,17,6,1
2025-01-05 18:00:00,13.4,92,6.3,989.1,87.1,88.2,,18,6,1
2025-01-05 19:00:00,12.3,92,4.7,989.6,82.9,83.8,,19,6,1
2025-01-05 20:00:00,11.6,94,3.7,990.1,84.1,85.0,,20,6,1
2025-01-05 21:00:00,10.9,96,2.4,990.5,88.2,88.9,,21,6,1
2025-01-05 22:00:00,10.4,97,2.0,990.7,87.3,88.0,,22,6,1
2025-01-05 23:00:00,9.7,99,3.1,990.7,91.7,92.7,,23,6,1
2025-01-06 00:00:00,9.0,100,5.4,990.5,89.4,90.1,,0,0,1
2025-01-06 01:00:00,9.0,99,5.6,990.5,88.5,89.2,,1,0,1
2025-01-06 02:00:00,9.1,99,5.7,990.4,91.3,91.7,,2,0,1
2025-01-06 03:00:00,9.1,99,6.4,990.2,90.1,90.8,,3,0,1
2025-01-06 04:00:00,8.9,100,5.9,990.0,88.7,89.4,,4,0,1
2025-01-06 05:00:00,8.5,100,3.8,990.2,79.4,80.3,,5,0,1
2025-01-06 06:00:00,8.9,100,3.5,990.8,86.4,87.3,,6,0,1
2025-01-06 07:00:00,8.9,100,2.1,991.4,109.2,110.4,,7,0,1
2025-01-06 08:00:00,9.4,98,2.0,992.3,144.4,145.8,,8,0,1
2025-01-06 09:00:00,10.1,97,1.3,993.4,143.9,144.8,,9,0,1
2025-01-06 10:00:00,11.2,96,4.0,994.0,106.6,107.8,,10,0,1
2025-01-06 11:00:00,12.7,91,4.8,994.1,95.0,96.9,,11,0,1
2025-01-06 12:00:00,14.2,85,4.8,993.3,97.1,99.2,,12,0,1
2025-01-06 13:00:00,15.9,76,5.7,992.7,90.1,92.4,,13,0,1
2025-01-06 14:00:00,16.9,70,6.6,992.1,79.6,81.7,,14,0,1
2025-01-06 15:00:00,17.4,66,6.6,991.8,72.9,74.5,,15,0,1
2025-01-06 16:00:00,17.0,69,4.2,991.5,74.5,75.7,,16,0,1
2025-01-06 17:00:00,15.0,77,2.7,991.5,128.5,130.9,,17,0,1
2025-01-06 18:00:00,13.6,81,0.8,991.6,142.0,144.4,,18,0,1
2025-01-06 19:00:00,12.5,86,3.8,992.0,154.1,156.0,,19,0,1
2025-01-06 20:00:00,11.9,88,4.2,992.3,164.4,166.2,,20,0,1
2025-01-06 21:00:00,11.2,91,5.8,992.3,167.2,169.0,,21,0,1
2025-01-06 22:00:00,11.5,91,6.8,992.6,162.5,164.4,,22,0,1
2025-01-06 23:00:00,11.2,90,8.1,992.5,149.5,151.3,,23,0,1
2025-01-07 00:00:00,10.3,86,7.2,992.1,130.9,132.2,,0,1,1
2025-01-07 01:00:00,9.5,82,7.4,991.8,112.7,113.9,,1,1,1
2025-01-07 02:00:00,9.0,80,8.4,991.9,95.2,96.6,,2,1,1
2025-01-07 03:00:00,8.6,78,8.8,991.9,80.8,82.4,,3,1,1
2025-01-07 04:00:00,8.3,77,8.5,991.6,71.2,73.1,,4,1,1
2025-01-07 05:00:00,7.9,76,7.9,991.3,97.3,99.2,,5,1,1
2025-01-07 06:00:00,8.1,84,6.8,992.3,88.7,90.6,,6,1,1
2025-01-07 07:00:00,7.8,84,7.5,993.0,84.3,86.4,,7,1,1
2025-01-07 08:00:00,8.4,83,8.1,993.7,82.0,84.3,,8,1,1
2025-01-07 09:00:00,10.2,82,8.4,994.4,82.0,83.8,,9,1,1
2025-01-07 10:00:00,12.5,76,4.9,994.8,73.8,76.1,,10,1,1
2025-01-07 11:00:00,14.6,67,5.1,994.1,67.8,70.1,,11,1,1
2025-01-07 12:00:00,16.2,60,6.2,992.7,61.7,64.0,,12,1,1
2025-01-07 13:00:00,17.2,58,6.4,991.5,55.9,57.7,,13,1,1
2025-01-07 14:00:00,17.6,56,8.3,990.9,50.9,52.5,,14,1,1
2025-01-07 15:00:00,17.4,55,8.6,990.4,48.8,50.3,,15,1,1
2025-01-07 16:00:00,16.7,60,6.4,989.9,53.8,55.1,,16,1,1
2025-01-07 17:00:00,14.8,67,6.5,989.8,81.7,83.4,,17,1,1
2025-01-07 18:00:00,13.6,71,6.2,990.7,92.0,93.6,,18,1,1
2025-01-07 19:00:00,13.1,70,6.7,990.7,95.9,97.1,,19,1,1
2025-01-07 20:00:00,12.6,72,6.8,990.9,97.6,98.7,,20,1,1
2025-01-07 21:00:00,11.7,75,6.5,990.9,100.8,102.0,,21,1,1
2025-01-07 22:00:00,10.8,77,6.5,990.6,105.2,106.2,,22,1,1
2025-01-07 23:00:00,10.3,78,6.5,990.4,102.9,104.3,,23,1,1
2025-01-08 00:00:00,9.7,80,6.5,989.7,93.8,95.9,,0,2,1
2025-01-08 01:00:00,9.3,80,7.1,989.1,85.9,88.7,,1,2,1
2025-01-08 02:00:00,8.9,80,7.5,988.9,78.9,82.4,,2,2,1
2025-01-08 03:00:00,8.6,79,8.1,988.6,73.8,77.5,,3,2,1
2025-01-08 04:00:00,8.2,78,7.5,988.3,69.2,72.9,,4,2,1
2025-01-08 05:00:00,7.9,76,7.3,988.2,72.2,76.1,,5,2,1
2025-01-08 06:00:00,8.1,75,7.6,988.5,71.7,75.7,,6,2,1
2025-01-08 07:00:00,7.6,74,6.7,988.8,79.9,83.6,,7,2,1
2025-01-08 08:00:00,8.3,72,6.6,989.7,93.8,97.6,,8,2,1
2025-01-08 09:00:00,10.1,70,6.8,990.7,89.6,92.4,,9,2,1
2025-01-08 10:00:00,12.3,65,4.2,991.2,74.0,77.5,,10,2,1
2025-01-08 11:00:00,14.3,60,5.6,991.2,63.3,66.6,,11,2,1
2025-01-08 12:00:00,15.9,57,5.9,990.6,54.9,57.2,,12,2,1
2025-01-08 13:00:00,17.1,55,6.5,989.6,45.8,47.1,,13,2,1
2025-01-08 14:00:00,17.8,55,6.5,989.0,39.0,39.6,,14,2,1
2025-01-08 15:00:00,18.2,55,6.2,988.6,35.2,35.4,,15,2,1
2025-01-08 16:00:00,17.5,65,3.5,988.5,41.6,41.9,,16,2,1
2025-01-08 17:00:00,15.4,68,3.7,988.3,72.4,73.3,,17,2,1
2025-01-08 18:00:00,14.8,72,4.2,988.5,93.8,96.9,,18,2,1
2025-01-08 19:00:00,13.8,74,2.9,988.8,113.2,117.1,,19,2,1
2025-01-08 20:00:00,12.9,77,1.5,989.2,136.0,140.2,,20,2,1
2025-01-08 21:00:00,11.9,81,0.6,989.7,157.9,162.5,,21,2,1
2025-01-08 22:00:00,10.5,87,1.7,989.7,180.2,185.3,,22,2,1
2025-01-08 23:00:00,9.2,92,2.4,989.8,195.6,201.2,,23,2,1
2025-01-09 00:00:00,8.4,95,2.2,989.4,198.8,203.5,,0,3,1
2025-01-09 01:00:00,8.0,96,2.2,989.3,196.5,201.2,,1,3,1
2025-01-09 02:00:00,7.6,96,2.6,989.3,192.8,197.0,,2,3,1
2025-01-09 03:00:00,7.4,96,1.7,989.2,190.0,194.2,,3,3,1
2025-01-09 04:00:00,7.1,96,2.7,989.2,187.7,192.3,,4,3,1
2025-01-09 05:00:00,6.7,96,3.2,989.2,184.9,189.1,,5,3,1
2025-01-09 06:00:00,6.6,100,1.1,990.0,190.5,194.6,,6,3,1
2025-01-09 07:00:00,5.1,100,1.5,990.6,213.3,217.9,,7,3,1
2025-01-09 08:00:00,5.1,99,2.8,991.5,244.9,249.6,,8,3,1
2025-01-09 09:00:00,7.6,100,2.7,992.4,197.4,201.2,,9,3,1
2025-01-09 10:00:00,10.4,97,2.3,993.3,163.9,168.6,,10,3,1
2025-01-09 11:00:00,14.1,84,1.9,993.4,129.9,134.1,,11,3,1
2025-01-09 12:00:00,16.4,71,1.2,992.8,117.6,117.8,,12,3,1
2025-01-09 13:00:00,17.7,64,0.0,992.0,104.1,104.1,,13,3,1
2025-01-09 14:00:00,18.3,59,0.2,991.5,89.6,89.6,,14,3,1
2025-01-09 15:00:00,18.4,58,0.8,991.2,80.8,80.8,,15,3,1
2025-01-09 16:00:00,17.7,72,0.9,991.0,93.1,93.1,,16,3,1
2025-01-09 17:00:00,15.8,70,0.7,991.0,144.8,144.8,,17,3,1
2025-01-09 18:00:00,13.6,83,3.0,991.8,176.0,176.0,,18,3,1
2025-01-09 19:00:00,12.0,91,3.6,992.2,206.3,206.8,,19,3,1
2025-01-09 20:00:00,10.7,95,3.6,992.7,225.4,228.2,,20,3,1
2025-01-09 21:00:00,9.9,97,3.8,993.2,238.0,243.1,,21,3,1
2025-01-09 22:00:00,9.2,98,3.1,993.2,252.4,258.0,,22,3,1
2025-01-09 23:00:00,8.5,100,1.9,993.2,262.6,268.2,,23,3,1
2025-01-10 00:00:00,7.6,100,1.9,992.9,263.6,268.2,,0,4,1
2025-01-10 01:00:00,6.8,99,2.7,992.6,258.9,263.6,,1,4,1
2025-01-10 02:00:00,6.0,99,2.5,992.4,253.3,257.0,,2,4,1
2025-01-10 03:00:00,5.8,98,1.5,992.5,251.5,255.2,,3,4,1
2025-01-10 04:00:00,6.5,98,1.0,992.3,255.2,258.0,,4,4,1
2025-01-10 05:00:00,6.3,96,1.1,992.3,226.3,229.1,,5,4,1
2025-01-10 06:00:00,7.1,96,1.0,993.5,235.2,235.2,,6,4,1
2025-01-10 07:00:00,7.0,97,1.0,994.0,243.1,243.1,,7,4,1
2025-01-10 08:00:00,7.0,98,1.9,994.8,242.1,242.1,,8,4,1
2025-01-10 09:00:00,8.0,98,2.4,995.5,230.5,230.5,,9,4,1
2025-01-10 10:00:00,9.3,97,2.9,996.3,228.6,228.6,,10,4,1
2025-01-10 11:00:00,10.9,96,3.0,995.9,201.2,201.2,,11,4,1
2025-01-10 12:00:00,13.0,89,3.3,995.3,160.7,161.1,,12,4,1
2025-01-10 13:00:00,14.6,83,3.3,994.3,136.4,136.9,,13,4,1
2025-01-10 14:00:00,15.5,80,3.2,993.4,123.4,123.4,,14,4,1
2025-01-10 15:00:00,15.8,77,3.2,992.7,115.9,116.2,,15,4,1
2025-01-10 16:00:00,15.5,78,3.7,992.3,129.0,129.0,,16,4,1
2025-01-10 17:00:00,13.4,88,3.8,992.0,181.6,182.1,,17,4,1
2025-01-10 18:00:00,10.7,95,4.7,992.3,209.5,210.0,,18,4,1
2025-01-10 19:00:00,9.7,98,5.2,992.6,237.0,237.5,,19,4,1
2025-01-10 20:00:00,8.8,99,4.7,992.7,253.3,253.3,,20,4,1
2025-01-10 21:00:00,8.1,100,4.0,992.7,260.8,261.7,,21,4,1
2025-01-10 22:00:00,7.3,100,4.1,992.5,267.3,268.2,,22,4,1
2025-01-10 23:00:00,7.1,100,3.8,992.2,277.5,278.5,,23,4,1
2025-01-11 00:00:00,6.5,99,4.4,991.9,281.3,282.2,,0,5,1
2025-01-11 01:00:00,6.2,100,4.0,991.9,276.6,278.5,,1,5,1
2025-01-11 02:00:00,6.2,99,4.6,992.0,266.4,267.3,,2,5,1
2025-01-11 03:00:00,6.3,98,5.0,992.0,256.1,257.0,,3,5,1
2025-01-11 04:00:00,6.7,99,5.9,992.0,252.4,253.3,,4,5,1
2025-01-11 05:00:00,7.3,100,6.3,992.4,227.2,227.7,,5,5,1
2025-01-11 06:00:00,8.6,100,7.4,992.8,221.7,222.1,,6,5,1
2025-01-11 07:00:00,8.9,100,7.8,993.4,219.3,219.8,,7,5,1
2025-01-11 08:00:00,9.1,100,8.7,993.8,215.6,215.6,,8,5,1
2025-01-11 09:00:00,9.5,99,8.0,994.6,204.4,205.4,,9,5,1
2025-01-11 10:00:00,10.1,95,8.8,995.0,194.6,195.6,,10,5,1
2025-01-11 11:00:00,11.7,88,9.5,994.8,186.7,188.1,,11,5,1
2025-01-11 12:00:00,12.8,81,8.0,994.1,179.7,181.6,,12,5,1
2025-01-11 13:00:00,14.2,73,8.9,993.1,172.8,175.1,,13,5,1
2025-01-11 14:00:00,14.3,71,6.0,992.4,163.9,166.7,,14,5,1
2025-01-11 15:00:00,14.2,71,3.9,991.9,156.0,159.7,,15,5,1
2025-01-11 16:00:00,13.6,77,5.9,991.9,158.8,161.6,,16,5,1
2025-01-11 17:00:00,12.8,81,6.9,991.7,186.7,189.1,,17,5,1
2025-01-11 18:00:00,12.1,88,7.7,991.7,208.6,211.4,,18,5,1
2025-01-11 19:00:00,11.7,91,7.1,991.7,228.2,231.0,,19,5,1
2025-01-11 20:00:00,11.6,92,9.8,992.5,238.4,241.2,,20,5,1
2025-01-11 21:00:00,11.7,92,8.4,992.7,219.8,222.1,,21,5,1
2025-01-11 22:00:00,11.1,94,3.6,993.1,193.7,196.5,,22,5,1
2025-01-11 23:00:00,11.4,92,8.7,992.8,189.5,193.2,,23,5,1
2025-01-12 00:00:00,11.6,91,8.9,992.8,184.4,188.1,,0,6,1
2025-01-12 01:00:00,11.3,93,6.6,992.7,161.1,164.8,,1,6,1
2025-01-12 02:00:00,11.0,94,7.1,992.6,136.9,140.6,,2,6,1
2025-01-12 03:00:00,10.6,95,7.3,992.6,117.6,121.1,,3,6,1
2025-01-12 04:00:00,10.2,94,6.3,992.5,97.8,100.6,,4,6,1
2025-01-12 05:00:00,9.1,93,4.7,992.5,73.3,75.2,,5,6,1
2025-01-12 06:00:00,11.0,89,8.8,993.3,66.1,67.5,,6,6,1
2025-01-12 07:00:00,9.7,92,6.8,993.9,66.8,68.2,,7,6,1
2025-01-12 08:00:00,10.2,92,6.7,994.9,71.7,72.9,,8,6,1
2025-01-12 09:00:00,12.1,89,6.9,996.1,74.7,75.9,,9,6,1
2025-01-12 10:00:00,13.8,84,7.1,996.5,73.8,75.2,,10,6,1
2025-01-12 11:00:00,15.4,76,11.0,996.3,68.5,71.2,,11,6,1
2025-01-12 12:00:00,16.3,68,13.3,995.3,58.2,62.4,,12,6,1
2025-01-12 13:00:00,16.7,65,11.3,994.3,50.2,53.8,,13,6,1
2025-01-12 14:00:00,16.7,65,6.4,993.6,51.7,55.3,,14,6,1
2025-01-12 15:00:00,16.9,65,4.5,993.5,53.9,57.5,,15,6,1
2025-01-12 16:00:00,16.5,67,3.7,993.8,61.0,64.0,,16,6,1
2025-01-12 17:00:00,14.9,78,1.3,993.8,63.6,64.5,,17,6,1
2025-01-12 18:00:00,13.7,83,5.2,995.0,87.3,88.2,,18,6,1
2025-01-12 19:00:00,12.8,84,4.3,995.4,118.0,119.2,,19,6,1
2025-01-12 20:00:00,12.8,80,1.9,995.5,148.5,149.5,,20,6,1
2025-01-12 21:00:00,12.2,82,1.8,995.9,174.6,176.0,,21,6,1
2025-01-12 22:00:00,11.4,85,1.8,995.7,193.7,195.1,,22,6,1
2025-01-12 23:00:00,10.6,87,2.0,995.4,190.0,190.9,,23,6,1
2025-01-13 00:00:00,10.1,89,2.2,995.0,150.9,152.3,,0,0,1
2025-01-13 01:00:00,9.1,93,5.2,994.7,121.5,122.9,,1,0,1
2025-01-13 02:00:00,9.4,91,6.1,994.3,106.6,107.8,,2,0,1
2025-01-13 03:00:00,8.6,92,3.8,993.8,100.1,101.3,,3,0,1
2025-01-13 04:00:00,8.1,94,3.6,993.7,98.7,99.7,,4,0,1
2025-01-13 05:00:00,7.9,94,2.0,993.5,96.9,97.6,,5,0,1
2025-01-13 06:00:00,7.7,97,4.5,994.2,96.2,96.9,,6,0,1
2025-01-13 07:00:00,8.1,95,5.8,994.5,99.7,100.4,,7,0,1
2025-01-13 08:00:00,9.2,92,6.9,994.9,104.3,105.0,,8,0,1
2025-01-13 09:00:00,11.1,88,6.1,995.6,105.5,105.9,,9,0,1
2025-01-13 10:00:00,13.2,80,4.8,996.0,93.6,94.1,,10,0,1
2025-01-13 11:00:00,15.2,72,6.7,995.6,78.2,78.9,,11,0,1
2025-01-13 12:00:00,16.7,63,7.6,994.6,65.2,65.9,,12,0,1
2025-01-13 13:00:00,17.6,56,8.0,993.4,55.8,56.3,,13,0,1
2025-01-13 14:00:00,18.1,52,7.9,992.8,48.2,48.8,,14,0,1
2025-01-13 15:00:00,18.0,50,7.7,992.5,44.5,45.1,,15,0,1
2025-01-13 16:00:00,17.2,58,5.4,992.1,50.2,50.6,,16,0,1
2025-01-13 17:00:00,14.8,70,5.3,992.1,58.8,59.3,,17,0,1
2025-01-13 18:00:00,13.7,74,6.2,992.3,74.0,74.3,,18,0,1
2025-01-13 19:00:00,12.8,78,6.3,992.6,81.3,81.5,,19,0,1
2025-01-13 20:00:00,11.7,82,6.0,992.5,86.6,87.1,,20,0,1
2025-01-13 21:00:00,11.0,83,5.6,992.7,91.3,91.5,,21,0,1
2025-01-13 22:00:00,10.4,83,6.0,992.2,96.2,96.4,,22,0,1
2025-01-13 23:00:00,10.0,83,6.4,991.9,97.6,98.5,,23,0,1
2025-01-14 00:00:00,9.6,83,6.7,991.6,93.1,94.5,,0,1,1
2025-01-14 01:00:00,9.4,82,6.8,991.2,89.2,91.3,,1,1,1
2025-01-14 02:00:00,8.9,82,6.7,990.8,86.1,88.7,,2,1,1
2025-01-14 03:00:00,8.4,83,6.4,990.5,84.3,87.1,,3,1,1
2025-01-14 04:00:00,8.0,83,6.5,990.3,82.4,85.7,,4,1,1
2025-01-14 05:00:00,7.4,85,6.4,990.5,83.1,86.6,,5,1,1
2025-01-14 06:00:00,7.4,87,5.9,991.3,83.8,87.5,,6,1,1
2025-01-14 07:00:00,6.9,88,5.8,991.9,93.8,98.3,,7,1,1
2025-01-14 08:00:00,8.2,85,5.2,992.7,110.6,115.5,,8,1,1
2025-01-14 09:00:00,10.0,83,4.2,993.8,102.0,106.2,,9,1,1
2025-01-14 10:00:00,12.1,76,1.5,994.8,94.1,98.3,,10,1,1
2025-01-14 11:00:00,14.2,70,1.2,995.0,83.6,86.4,,11,1,1
2025-01-14 12:00:00,15.9,65,1.5,994.1,71.2,71.5,,12,1,1
2025-01-14 13:00:00,17.1,61,2.0,993.2,52.3,52.6,,13,1,1
2025-01-14 14:00:00,17.9,56,2.5,992.9,45.2,45.5,,14,1,1
2025-01-14 15:00:00,18.0,55,3.0,992.5,42.4,42.8,,15,1,1
2025-01-14 16:00:00,17.6,63,1.6,992.5,51.0,51.3,,16,1,1
2025-01-14 17:00:00,15.8,67,1.1,992.5,98.7,99.2,,17,1,1
2025-01-14 18:00:00,15.3,67,1.3,993.1,135.0,135.5,,18,1,1
2025-01-14 19:00:00,14.2,71,1.5,993.4,170.9,173.2,,19,1,1
2025-01-14 20:00:00,12.8,77,1.7,993.7,198.8,204.0,,20,1,1
2025-01-14 21:00:00,11.3,84,1.9,994.0,220.7,226.3,,21,1,1
2025-01-14 22:00:00,10.1,88,1.5,994.1,236.6,243.1,,22,1,1
2025-01-14 23:00:00,9.4,91,1.0,994.0,244.9,251.5,,23,1,1
2025-01-15 00:00:00,8.8,91,2.1,993.6,243.1,250.5,,0,2,1
2025-01-15 01:00:00,8.5,90,1.8,993.4,239.3,245.9,,1,2,1
2025-01-15 02:00:00,8.2,90,1.3,993.4,235.6,241.2,,2,2,1
2025-01-15 03:00:00,7.5,91,1.9,993.4,233.3,238.4,,3,2,1
2025-01-15 04:00:00,7.0,92,2.0,993.5,231.0,235.6,,4,2,1
2025-01-15 05:00:00,6.8,93,1.6,993.6,248.7,252.4,,5,2,1
2025-01-15 06:00:00,6.7,96,0.5,994.2,235.2,239.3,,6,2,1
2025-01-15 07:00:00,5.9,100,0.3,994.7,250.5,253.3,,7,2,1
2025-01-15 08:00:00,6.0,100,3.4,995.2,284.1,288.7,,8,2,1
2025-01-15 09:00:00,8.6,96,4.3,996.1,245.9,248.7,,9,2,1
2025-01-15 10:00:00,12.1,87,1.8,996.7,165.8,170.4,,10,2,1
2025-01-15 11:00:00,14.8,77,1.2,996.5,121.1,121.5,,11,2,1
2025-01-15 12:00:00,16.5,69,0.6,995.2,101.7,102.2,,12,2,1
2025-01-15 13:00:00,17.4,64,1.8,993.7,86.4,87.3,,13,2,1
2025-01-15 14:00:00,18.0,58,2.6,992.8,79.9,81.0,,14,2,1
2025-01-15 15:00:00,18.1,56,2.1,992.2,77.1,78.2,,15,2,1
2025-01-15 16:00:00,17.8,57,1.7,991.7,89.6,90.8,,16,2,1
2025-01-15 17:00:00,15.9,65,0.6,991.2,103.4,103.8,,17,2,1
2025-01-15 18:00:00,15.0,73,0.5,991.9,139.2,140.2,,18,2,1
2025-01-15 19:00:00,13.6,77,1.5,992.2,177.0,177.4,,19,2,1
2025-01-15 20:00:00,12.4,81,1.7,992.3,203.5,205.4,,20,2,1
2025-01-15 21:00:00,11.1,87,4.4,992.5,218.4,223.1,,21,2,1
2025-01-15 22:00:00,10.3,88,5.2,992.5,228.2,233.8,,22,2,1
2025-01-15 23:00:00,9.6,89,5.3,992.4,216.5,221.7,,23,2,1
2025-01-16 00:00:00,9.1,91,3.7,992.1,194.6,199.3,,0,3,1
2025-01-16 01:00:00,8.6,93,3.3,992.0,178.3,182.5,,1,3,1
2025-01-16 02:00:00,7.6,97,4.2,992.1,168.1,172.3,,2,3,1
2025-01-16 03:00:00,7.4,98,5.2,991.9,162.5,166.2,,3,3,1
2025-01-16 04:00:00,7.1,97,5.5,991.5,156.5,160.2,,4,3,1
2025-01-16 05:00:00,6.4,98,4.8,991.7,148.1,151.8,,5,3,1
2025-01-16 06:00:00,6.7,96,3.6,992.3,143.4,146.2,,6,3,1
2025-01-16 07:00:00,6.2,96,4.0,993.1,149.5,151.8,,7,3,1
2025-01-16 08:00:00,7.2,95,5.7,993.9,158.8,160.2,,8,3,1
2025-01-16 09:00:00,9.5,90,3.8,995.1,163.9,165.3,,9,3,1
2025-01-16 10:00:00,11.8,84,3.9,996.1,159.3,160.2,,10,3,1
2025-01-16 11:00:00,13.7,79,5.9,996.3,148.5,149.5,,11,3,1
2025-01-16 12:00:00,15.1,76,5.6,995.8,132.2,133.2,,12,3,1
2025-01-16 13:00:00,16.2,73,4.7,995.2,116.4,117.6,,13,3,1
2025-01-16 14:00:00,16.8,68,4.0,994.9,110.1,111.3,,14,3,1
2025-01-16 15:00:00,16.8,65,4.0,994.9,106.2,107.6,,15,3,1
2025-01-16 16:00:00,16.3,70,4.9,994.9,109.2,110.6,,16,3,1
2025-01-16 17:00:00,14.8,81,5.3,995.1,138.8,140.2,,17,3,1
2025-01-16 18:00:00,12.7,85,7.6,996.7,146.2,148.1,,18,3,1
2025-01-16 19:00:00,11.5,89,6.0,997.2,153.2,154.6,,19,3,1
2025-01-16 20:00:00,10.1,94,5.0,997.6,159.7,161.6,,20,3,1
2025-01-16 21:00:00,9.6,95,1.9,998.1,170.9,172.8,,21,3,1
2025-01-16 22:00:00,8.8,98,2.0,998.4,189.1,190.9,,22,3,1
2025-01-16 23:00:00,8.1,100,3.5,998.3,206.3,208.2,,23,3,1
2025-01-17 00:00:00,7.8,100,5.1,998.0,203.5,205.4,,0,4,1
2025-01-17 01:00:00,7.9,100,6.0,997.5,179.7,181.6,,1,4,1
2025-01-17 02:00:00,8.0,99,6.9,997.0,155.5,157.4,,2,4,1
2025-01-17 03:00:00,7.7,99,6.4,996.8,136.0,137.8,,3,4,1
2025-01-17 04:00:00,7.4,98,6.3,996.4,122.0,123.4,,4,4,1
2025-01-17 05:00:00,7.4,96,6.8,996.3,156.0,157.4,,5,4,1
2025-01-17 06:00:00,7.9,99,5.9,996.7,145.3,146.7,,6,4,1
2025-01-17 07:00:00,7.5,99,6.0,997.1,151.8,153.7,,7,4,1
2025-01-17 08:00:00,7.5,97,5.8,997.5,157.9,159.3,,8,4,1
2025-01-17 09:00:00,8.9,93,5.4,998.3,151.3,152.7,,9,4,1
2025-01-17 10:00:00,10.3,94,3.3,998.1,139.7,140.6,,10,4,1
2025-01-17 11:00:00,13.3,78,4.8,997.6,119.7,121.1,,11,4,1
2025-01-17 12:00:00,15.4,68,5.9,996.0,98.0,99.2,,12,4,1
2025-01-17 13:00:00,16.8,63,7.0,994.4,79.6,80.8,,13,4,1
2025-01-17 14:00:00,17.6,59,7.9,993.2,63.3,64.5,,14,4,1
2025-01-17 15:00:00,17.7,58,8.6,992.6,55.4,56.3,,15,4,1
2025-01-17 16:00:00,17.1,63,7.6,992.5,58.0,58.9,,16,4,1
2025-01-17 17:00:00,15.2,73,5.5,992.3,81.3,82.0,,17,4,1
2025-01-17 18:00:00,13.4,82,4.7,992.8,96.9,97.6,,18,4,1
2025-01-17 19:00:00,12.5,86,3.1,993.1,107.3,108.0,,19,4,1
2025-01-17 20:00:00,12.1,88,1.7,993.1,116.9,117.6,,20,4,1
2025-01-17 21:00:00,11.8,90,1.6,993.2,128.5,129.5,,21,4,1
2025-01-17 22:00:00,11.3,91,1.8,992.9,144.8,145.8,,22,4,1
2025-01-17 23:00:00,10.9,92,2.1,992.6,160.2,161.1,,23,4,1
2025-01-18 00:00:00,10.7,92,2.4,991.9,168.1,168.6,,0,5,1
2025-01-18 01:00:00,9.6,93,4.9,991.9,165.8,166.7,,1,5,1
2025-01-18 02:00:00,9.9,92,4.5,991.8,154.6,155.5,,2,5,1
2025-01-18 03:00:00,9.5,92,3.5,991.5,153.2,154.1,,3,5,1
2025-01-18 04:00:00,9.0,93,4.4,991.5,155.5,156.5,,4,5,1
2025-01-18 05:00:00,8.7,94,4.5,991.1,173.2,173.7,,5,5,1
2025-01-18 06:00:00,9.1,94,4.0,992.0,170.0,170.9,,6,5,1
2025-01-18 07:00:00,8.9,94,2.3,992.9,181.6,182.5,,7,5,1
2025-01-18 08:00:00,9.5,94,1.8,993.3,204.4,205.4,,8,5,1
2025-01-18 09:00:00,11.0,90,3.1,993.7,197.9,198.4,,9,5,1
2025-01-18 10:00:00,13.3,83,2.4,994.3,176.5,177.0,,10,5,1
2025-01-18 11:00:00,14.8,76,1.9,994.3,142.0,142.5,,11,5,1
2025-01-18 12:00:00,16.1,71,3.2,993.2,109.4,110.4,,12,5,1
2025-01-18 13:00:00,17.2,65,2.9,992.2,92.9,94.5,,13,5,1
2025-01-18 14:00:00,17.9,58,2.3,991.3,85.2,87.3,,14,5,1
2025-01-18 15:00:00,17.8,56,2.0,990.8,79.2,82.0,,15,5,1
2025-01-18 16:00:00,17.3,63,2.8,990.5,85.9,88.2,,16,5,1
2025-01-18 17:00:00,15.2,77,4.4,989.7,122.9,125.7,,17,5,1
2025-01-18 18:00:00,13.7,82,4.3,990.6,154.1,156.9,,18,5,1
2025-01-18 19:00:00,12.5,86,4.4,991.1,187.7,190.5,,19,5,1
2025-01-18 20:00:00,11.3,90,3.1,991.0,220.7,223.5,,20,5,1
2025-01-18 21:00:00,10.2,94,3.5,991.1,248.7,252.4,,21,5,1
2025-01-18 22:00:00,9.7,96,2.1,991.2,271.9,274.7,,22,5,1
2025-01-18 23:00:00,9.5,97,1.0,991.7,282.2,285.0,,23,5,1
2025-01-19 00:00:00,9.1,99,0.8,991.6,271.9,274.7,,0,6,1
2025-01-19 01:00:00,8.4,100,0.4,991.1,255.2,258.0,,1,6,1
2025-01-19 02:00:00,7.2,100,2.4,990.8,244.0,247.7,,2,6,1
2025-01-19 03:00:00,6.8,97,3.7,990.7,239.3,243.1,,3,6,1
2025-01-19 04:00:00,6.7,98,2.7,990.5,237.0,241.2,,4,6,1
2025-01-19 05:00:00,6.4,100,0.6,990.6,271.9,277.5,,5,6,1
2025-01-19 06:00:00,6.9,99,0.7,991.7,263.6,268.2,,6,6,1
2025-01-19 07:00:00,7.2,99,1.0,992.4,269.2,272.9,,7,6,1
2025-01-19 08:00:00,7.9,99,3.1,993.0,285.0,289.6,,8,6,1
2025-01-19 09:00:00,8.6,95,3.6,993.7,226.3,228.6,,9,6,1
2025-01-19 10:00:00,10.1,97,4.3,993.9,178.8,181.6,,10,6,1
2025-01-19 11:00:00,11.7,94,4.1,993.9,140.6,144.4,,11,6,1
2025-01-19 12:00:00,14.1,84,3.8,993.1,113.9,118.3,,12,6,1
2025-01-19 13:00:00,15.5,78,3.9,992.3,97.8,102.4,,13,6,1
2025-01-19 14:00:00,16.2,74,3.8,991.6,90.1,94.1,,14,6,1
2025-01-19 15:00:00,16.5,72,3.1,991.1,85.9,89.6,,15,6,1
2025-01-19 16:00:00,16.3,72,3.5,990.9,93.6,96.4,,16,6,1
2025-01-19 17:00:00,14.9,81,3.4,990.5,102.4,104.5,,17,6,1
2025-01-19 18:00:00,14.5,78,5.0,990.9,126.7,128.5,,18,6,1
2025-01-19 19:00:00,13.5,82,5.5,990.9,144.4,146.7,,19,6,1
2025-01-19 20:00:00,12.9,85,5.4,991.2,149.5,151.3,,20,6,1
2025-01-19 21:00:00,12.8,85,5.9,991.5,148.1,149.9,,21,6,1
2025-01-19 22:00:00,12.3,85,6.0,991.4,143.4,145.3,,22,6,1
2025-01-19 23:00:00,11.9,83,6.9,991.1,138.8,140.6,,23,6,1
2025-01-20 00:00:00,11.3,81,7.2,990.7,132.2,134.1,,0,0,1
2025-01-20 01:00:00,10.9,80,7.2,990.1,127.6,129.5,,1,0,1
2025-01-20 02:00:00,10.8,81,6.8,990.0,123.4,125.3,,2,0,1
2025-01-20 03:00:00,10.6,81,7.7,989.9,119.7,121.5,,3,0,1
2025-01-20 04:00:00,10.3,78,7.7,989.7,115.0,116.9,,4,0,1
2025-01-20 05:00:00,10.0,75,7.7,989.6,93.8,95.7,,5,0,1
2025-01-20 06:00:00,10.1,76,6.1,989.8,91.7,93.6,,6,0,1
2025-01-20 07:00:00,9.8,75,6.7,990.4,95.0,96.6,,7,0,1
2025-01-20 08:00:00,10.4,73,7.7,991.2,99.7,101.0,,8,0,1
2025-01-20 09:00:00,11.9,71,6.6,992.2,100.6,101.7,,9,0,1
2025-01-20 10:00:00,13.9,66,3.7,992.6,95.7,96.9,,10,0,1
2025-01-20 11:00:00,16.0,64,3.0,992.3,92.7,93.8,,11,0,1
2025-01-20 12:00:00,18.0,61,3.6,991.4,85.7,86.6,,12,0,1
2025-01-20 13:00:00,19.4,58,4.2,990.2,74.0,75.0,,13,0,1
2025-01-20 14:00:00,20.1,56,5.8,989.5,69.2,70.1,,14,0,1
2025-01-20 15:00:00,20.0,55,8.8,989.1,67.8,68.7,,15,0,1
2025-01-20 16:00:00,19.0,60,8.3,988.7,71.2,72.2,,16,0,1
2025-01-20 17:00:00,17.1,68,7.2,988.4,68.5,68.9,,17,0,1
2025-01-20 18:00:00,16.0,71,7.1,989.1,72.6,72.9,,18,0,1
2025-01-20 19:00:00,15.2,69,8.4,989.5,70.8,71.2,,19,0,1
2025-01-20 20:00:00,14.3,67,8.0,989.6,67.3,67.8,,20,0,1
2025-01-20 21:00:00,13.6,65,9.0,990.1,64.3,65.0,,21,0,1
2025-01-20 22:00:00,12.8,65,7.6,990.0,64.5,65.7,,22,0,1
2025-01-20 23:00:00,12.2,65,7.2,989.6,67.3,68.5,,23,0,1
2025-01-21 00:00:00,11.5,67,6.8,988.9,68.0,69.4,,0,1,1
2025-01-21 01:00:00,10.8,70,6.1,988.5,68.7,70.1,,1,1,1
2025-01-21 02:00:00,10.3,71,6.2,988.2,68.7,70.1,,2,1,1
2025-01-21 03:00:00,10.0,73,6.9,988.0,68.0,69.4,,3,1,1
2025-01-21 04:00:00,9.5,76,7.1,987.7,66.6,68.0,,4,1,1
2025-01-21 05:00:00,9.2,78,7.4,987.4,55.5,56.7,,5,1,1
2025-01-21 06:00:00,9.6,81,7.7,988.2,56.9,58.2,,6,1,1
2025-01-21 07:00:00,9.5,80,7.5,988.9,64.3,65.7,,7,1,1
2025-01-21 08:00:00,10.2,78,8.7,989.8,71.7,72.9,,8,1,1
2025-01-21 09:00:00,11.8,74,7.0,990.5,74.0,75.2,,9,1,1
2025-01-21 10:00:00,14.0,69,4.9,991.1,71.7,73.1,,10,1,1
2025-01-21 11:00:00,16.3,65,4.3,991.0,69.6,71.2,,11,1,1
2025-01-21 12:00:00,18.1,60,4.4,990.0,59.6,61.5,,12,1,1
2025-01-21 13:00:00,19.4,56,5.4,989.0,47.1,49.2,,13,1,1
2025-01-21 14:00:00,20.1,53,6.1,988.5,39.8,42.0,,14,1,1
2025-01-21 15:00:00,20.1,53,6.5,987.9,36.3,38.4,,15,1,1
2025-01-21 16:00:00,19.4,58,5.6,987.6,38.5,40.2,,16,1,1
2025-01-21 17:00:00,17.4,69,5.1,987.3,56.6,58.0,,17,1,1
2025-01-21 18:00:00,16.5,69,3.9,987.5,77.8,79.4,,18,1,1
2025-01-21 19:00:00,15.3,75,6.0,988.0,92.2,93.8,,19,1,1
2025-01-21 20:00:00,14.4,78,6.1,988.1,97.1,98.5,,20,1,1
2025-01-21 21:00:00,13.6,79,5.2,988.5,97.8,99.2,,21,1,1
2025-01-21 22:00:00,13.1,81,5.3,988.6,97.3,98.5,,22,1,1
2025-01-21 23:00:00,12.6,82,3.7,988.4,91.7,92.7,,23,1,1
2025-01-22 00:00:00,11.5,86,5.6,988.3,82.7,83.6,,0,2,1
2025-01-22 01:00:00,11.1,85,6.3,988.1,75.7,76.4,,1,2,1
2025-01-22 02:00:00,10.7,83,5.8,987.7,71.0,71.5,,2,2,1
2025-01-22 03:00:00,10.5,82,6.2,987.3,68.0,68.7,,3,2,1
2025-01-22 04:00:00,10.3,82,6.4,986.9,65.4,65.9,,4,2,1
2025-01-22 05:00:00,9.9,82,6.3,987.0,65.4,65.7,,5,2,1
2025-01-22 06:00:00,9.9,84,5.8,987.2,65.7,65.9,,6,2,1
2025-01-22 07:00:00,9.1,86,5.6,987.8,71.5,71.9,,7,2,1
2025-01-22 08:00:00,10.3,81,5.6,988.5,79.4,80.6,,8,2,1
2025-01-22 09:00:00,12.2,78,4.8,989.5,78.0,78.9,,9,2,1
2025-01-22 10:00:00,14.4,71,3.0,990.1,73.1,73.8,,10,2,1
2025-01-22 11:00:00,16.7,62,3.5,989.9,68.0,68.7,,11,2,1
2025-01-22 12:00:00,18.7,56,4.0,988.7,56.2,56.9,,12,2,1
2025-01-22 13:00:00,20.2,51,4.7,987.6,42.6,43.3,,13,2,1
2025-01-22 14:00:00,20.9,46,4.5,987.0,33.3,35.3,,14,2,1
2025-01-22 15:00:00,21.1,44,4.8,986.6,30.9,34.5,,15,2,1
2025-01-22 16:00:00,20.4,51,3.4,986.5,37.5,41.2,,16,2,1
2025-01-22 17:00:00,18.4,60,4.6,986.6,49.8,51.7,,17,2,1
2025-01-22 18:00:00,17.1,62,6.2,987.4,53.6,55.3,,18,2,1
2025-01-22 19:00:00,16.1,67,6.4,987.9,56.7,58.6,,19,2,1
2025-01-22 20:00:00,15.1,72,6.4,988.4,59.5,61.5,,20,2,1
2025-01-22 21:00:00,14.5,72,6.4,988.6,60.1,61.9,,21,2,1
2025-01-22 22:00:00,13.7,71,6.5,988.5,61.2,63.3,,22,2,1
2025-01-22 23:00:00,13.4,65,8.4,988.8,56.2,58.1,,23,2,1
2025-01-23 00:00:00,12.9,62,9.6,989.3,43.5,45.1,,0,3,1
2025-01-23 01:00:00,12.4,65,8.9,989.3,34.6,36.1,,1,3,1
2025-01-23 02:00:00,11.9,68,9.0,989.0,31.4,33.1,,2,3,1
2025-01-23 03:00:00,11.2,72,6.7,988.8,31.2,32.8,,3,3,1
2025-01-23 04:00:00,10.5,73,4.2,988.8,31.8,33.3,,4,3,1
2025-01-23 05:00:00,10.5,73,6.3,988.8,37.4,39.5,,5,3,1
2025-01-23 06:00:00,9.8,85,4.9,988.9,43.4,46.1,,6,3,1
2025-01-23 07:00:00,9.3,87,5.8,989.5,59.6,63.3,,7,3,1
2025-01-23 08:00:00,10.6,84,6.6,990.5,86.6,91.7,,8,3,1
2025-01-23 09:00:00,12.6,78,4.8,991.4,84.5,88.7,,9,3,1
2025-01-23 10:00:00,15.1,69,3.8,992.3,63.3,67.1,,10,3,1
2025-01-23 11:00:00,17.3,59,4.8,992.4,59.0,61.7,,11,3,1
2025-01-23 12:00:00,18.9,52,5.5,991.6,54.6,56.5,,12,3,1
2025-01-23 13:00:00,20.2,49,6.0,990.8,47.7,49.8,,13,3,1
2025-01-23 14:00:00,20.8,43,7.5,990.3,41.0,43.5,,14,3,1
2025-01-23 15:00:00,20.7,41,8.6,989.8,37.8,40.5,,15,3,1
2025-01-23 16:00:00,19.9,47,7.4,989.6,41.6,43.8,,16,3,1
2025-01-23 17:00:00,17.9,58,6.7,989.7,42.6,43.3,,17,3,1
2025-01-23 18:00:00,16.6,63,6.3,989.8,61.2,61.9,,18,3,1
2025-01-23 19:00:00,15.7,66,6.4,990.4,72.9,73.3,,19,3,1
2025-01-23 20:00:00,14.8,68,6.3,990.4,76.1,76.8,,20,3,1
2025-01-23 21:00:00,13.9,66,6.7,990.4,76.4,78.0,,21,3,1
2025-01-23 22:00:00,13.4,56,8.2,990.6,76.1,78.0,,22,3,1
2025-01-23 23:00:00,12.3,56,7.7,990.3,72.9,75.2,,23,3,1
2025-01-24 00:00:00,11.4,58,7.1,990.0,66.4,68.2,,0,4,1
2025-01-24 01:00:00,11.0,56,7.3,989.5,61.0,62.6,,1,4,1
2025-01-24 02:00:00,10.5,54,7.3,989.0,56.6,58.1,,2,4,1
2025-01-24 03:00:00,10.1,52,7.6,988.9,52.5,54.1,,3,4,1
2025-01-24 04:00:00,9.7,51,7.8,988.7,48.9,50.6,,4,4,1
2025-01-24 05:00:00,9.4,49,7.7,988.7,43.2,44.7,,5,4,1
2025-01-24 06:00:00,9.7,58,7.8,989.0,43.3,45.2,,6,4,1
2025-01-24 07:00:00,9.6,56,8.4,989.8,48.7,51.1,,7,4,1
2025-01-24 08:00:00,10.6,50,9.2,990.4,55.5,58.4,,8,4,1
2025-01-24 09:00:00,12.7,45,10.8,991.5,53.9,56.3,,9,4,1
2025-01-24 10:00:00,15.1,38,7.8,992.2,51.6,53.7,,10,4,1
2025-01-24 11:00:00,17.3,32,8.0,992.4,48.5,50.2,,11,4,1
2025-01-24 12:00:00,18.7,30,8.2,991.4,44.2,46.2,,12,4,1
2025-01-24 13:00:00,19.7,32,7.8,990.5,41.0,43.2,,13,4,1
2025-01-24 14:00:00,20.3,34,7.4,989.8,38.5,40.9,,14,4,1
2025-01-24 15:00:00,20.3,35,7.9,989.4,36.1,38.4,,15,4,1
2025-01-24 16:00:00,19.5,41,7.6,989.2,38.6,40.6,,16,4,1
2025-01-24 17:00:00,17.5,52,6.7,989.1,43.1,44.4,,17,4,1
2025-01-24 18:00:00,16.6,55,6.9,989.4,54.4,55.4,,18,4,1
2025-01-24 19:00:00,15.4,58,6.7,989.5,57.3,58.2,,19,4,1
2025-01-24 20:00:00,14.3,58,7.1,989.5,57.0,58.1,,20,4,1
2025-01-24 21:00:00,13.4,57,7.3,989.5,55.6,57.2,,21,4,1
2025-01-24 22:00:00,13.1,52,7.9,989.6,55.4,57.5,,22,4,1
2025-01-24 23:00:00,12.3,50,7.9,989.3,55.2,57.5,,23,4,1
2025-01-25 00:00:00,11.0,53,7.0,989.0,53.3,55.6,,0,5,1
2025-01-25 01:00:00,10.2,55,6.8,988.5,52.7,55.1,,1,5,1
2025-01-25 02:00:00,10.0,54,7.6,988.0,52.5,54.9,,2,5,1
2025-01-25 03:00:00,9.5,54,7.3,987.6,51.6,54.0,,3,5,1
2025-01-25 04:00:00,8.4,58,6.2,987.5,50.1,52.5,,4,5,1
2025-01-25 05:00:00,7.5,60,5.2,987.5,51.9,54.4,,5,5,1
2025-01-25 06:00:00,7.4,71,5.8,987.2,51.7,54.1,,6,5,1
2025-01-25 07:00:00,6.9,70,5.5,987.9,59.3,61.7,,7,5,1
2025-01-25 08:00:00,8.3,65,4.9,988.7,67.8,70.3,,8,5,1
2025-01-25 09:00:00,10.8,57,4.4,989.9,67.1,69.6,,9,5,1
2025-01-25 10:00:00,13.9,48,1.8,991.1,64.0,67.5,,10,5,1
2025-01-25 11:00:00,16.6,38,2.3,990.8,60.1,64.0,,11,5,1
2025-01-25 12:00:00,18.5,32,2.7,990.1,57.9,61.7,,12,5,1
2025-01-25 13:00:00,19.7,29,3.6,989.1,53.7,56.6,,13,5,1
2025-01-25 14:00:00,20.5,26,4.7,988.3,49.5,52.2,,14,5,1
2025-01-25 15:00:00,20.7,26,5.6,987.9,46.9,49.5,,15,5,1
2025-01-25 16:00:00,20.0,33,4.6,987.6,48.2,50.2,,16,5,1
2025-01-25 17:00:00,17.4,48,4.7,987.5,57.7,58.8,,17,5,1
2025-01-25 18:00:00,16.5,52,5.6,988.0,68.9,70.1,,18,5,1
2025-01-25 19:00:00,15.9,52,4.9,988.6,73.1,75.2,,19,5,1
2025-01-25 20:00:00,15.0,55,4.0,988.8,78.7,81.7,,20,5,1
2025-01-25 21:00:00,14.0,60,2.7,989.1,86.6,89.9,,21,5,1
2025-01-25 22:00:00,13.0,65,1.5,989.2,96.6,99.9,,22,5,1
2025-01-25 23:00:00,11.9,69,0.9,989.1,104.5,107.8,,23,5,1
2025-01-26 00:00:00,10.8,74,1.3,988.6,105.5,109.0,,0,6,1
2025-01-26 01:00:00,9.5,81,2.8,988.2,105.5,109.2,,1,6,1
2025-01-26 02:00:00,8.6,85,4.6,988.0,105.9,109.9,,2,6,1
2025-01-26 03:00:00,8.1,84,5.8,987.5,102.2,106.2,,3,6,1
2025-01-26 04:00:00,7.7,80,6.4,987.3,96.4,100.6,,4,6,1
2025-01-26 05:00:00,7.2,77,6.6,987.1,105.5,109.9,,5,6,1
2025-01-26 06:00:00,7.4,77,6.7,987.9,105.5,109.9,,6,6,1
2025-01-26 07:00:00,6.5,78,6.2,988.7,117.8,122.5,,7,6,1
2025-01-26 08:00:00,7.9,73,4.9,989.5,141.6,146.7,,8,6,1
2025-01-26 09:00:00,10.4,66,4.1,990.6,133.2,136.9,,9,6,1
2025-01-26 10:00:00,13.2,58,1.7,991.3,111.1,115.9,,10,6,1
2025-01-26 11:00:00,16.0,47,1.9,991.3,89.2,93.6,,11,6,1
2025-01-26 12:00:00,18.3,38,2.3,990.1,72.4,75.4,,12,6,1
2025-01-26 13:00:00,19.9,32,2.7,989.1,58.4,60.5,,13,6,1
2025-01-26 14:00:00,20.8,29,3.3,988.2,50.1,50.9,,14,6,1
2025-01-26 15:00:00,21.1,29,4.4,987.6,44.2,44.8,,15,6,1
2025-01-26 16:00:00,20.4,35,4.4,987.4,46.6,47.0,,16,6,1
2025-01-26 17:00:00,17.7,49,5.4,986.7,78.5,78.9,,17,6,1
2025-01-26 18:00:00,16.2,54,6.5,987.2,89.4,91.0,,18,6,1
2025-01-26 19:00:00,15.5,58,5.4,987.2,98.3,101.3,,19,6,1
2025-01-26 20:00:00,14.8,61,4.7,987.6,106.2,110.1,,20,6,1
2025-01-26 21:00:00,14.0,64,3.7,987.8,116.2,120.6,,21,6,1
2025-01-26 22:00:00,13.0,67,2.5,988.0,127.1,132.2,,22,6,1
2025-01-26 23:00:00,12.2,71,1.8,987.9,135.0,140.2,,23,6,1
2025-01-27 00:00:00,11.3,73,1.8,987.8,134.6,140.2,,0,0,1
2025-01-27 01:00:00,10.4,76,2.5,987.6,132.7,138.3,,1,0,1
2025-01-27 02:00:00,9.5,78,3.1,987.3,132.2,137.8,,2,0,1
2025-01-27 03:00:00,8.6,80,3.8,986.8,132.7,138.8,,3,0,1
2025-01-27 04:00:00,8.0,81,3.1,986.6,132.7,138.8,,4,0,1
2025-01-27 05:00:00,7.5,82,2.1,986.7,155.5,161.1,,5,0,1
2025-01-27 06:00:00,6.6,89,3.1,987.3,149.0,154.6,,6,0,1
2025-01-27 07:00:00,6.2,89,3.3,987.6,161.6,167.6,,7,0,1
2025-01-27 08:00:00,7.8,87,3.9,988.3,185.3,191.4,,8,0,1
2025-01-27 09:00:00,11.1,74,3.4,989.0,165.8,170.0,,9,0,1
2025-01-27 10:00:00,14.6,63,2.2,989.8,125.7,131.3,,10,0,1
2025-01-27 11:00:00,17.4,51,2.7,989.6,103.6,106.9,,11,0,1
2025-01-27 12:00:00,19.5,42,4.0,988.8,88.0,89.2,,12,0,1
2025-01-27 13:00:00,20.9,35,5.6,987.9,69.4,70.1,,13,0,1
2025-01-27 14:00:00,21.6,31,6.6,987.0,56.2,56.3,,14,0,1
2025-01-27 15:00:00,21.7,30,7.2,986.5,48.1,48.3,,15,0,1
2025-01-27 16:00:00,20.9,35,5.5,986.2,49.1,49.4,,16,0,1
2025-01-27 17:00:00,18.2,52,5.2,985.9,74.7,75.0,,17,0,1
2025-01-27 18:00:00,16.9,57,6.2,985.6,97.3,98.0,,18,0,1
2025-01-27 19:00:00,15.7,63,5.4,986.2,111.5,114.1,,19,0,1
2025-01-27 20:00:00,14.8,68,4.4,986.3,120.1,124.3,,20,0,1
2025-01-27 21:00:00,14.0,71,3.2,986.4,125.3,129.9,,21,0,1
2025-01-27 22:00:00,13.2,73,2.2,986.5,129.0,133.6,,22,0,1
2025-01-27 23:00:00,12.0,78,3.2,986.2,127.1,132.2,,23,0,1
2025-01-28 00:00:00,10.8,84,5.8,985.6,118.7,123.9,,0,1,1
2025-01-28 01:00:00,10.4,82,6.2,985.6,108.7,113.9,,1,1,1
2025-01-28 02:00:00,9.9,80,6.4,985.4,101.3,106.2,,2,1,1
2025-01-28 03:00:00,9.6,79,6.0,985.0,96.2,100.8,,3,1,1
2025-01-28 04:00:00,9.1,79,5.8,984.7,91.7,96.4,,4,1,1
2025-01-28 05:00:00,8.5,81,5.9,984.6,109.2,114.3,,5,1,1
2025-01-28 06:00:00,8.2,83,3.3,985.5,109.0,114.1,,6,1,1
2025-01-28 07:00:00,7.7,84,1.1,986.3,120.1,125.7,,7,1,1
2025-01-28 08:00:00,8.4,86,1.1,987.1,138.8,145.3,,8,1,1
2025-01-28 09:00:00,11.1,77,2.4,988.0,124.8,130.4,,9,1,1
2025-01-28 10:00:00,14.2,68,1.7,988.9,109.2,113.2,,10,1,1
2025-01-28 11:00:00,16.9,58,1.2,988.7,99.4,100.8,,11,1,1
2025-01-28 12:00:00,19.0,50,1.5,987.9,88.2,88.7,,12,1,1
2025-01-28 13:00:00,20.5,44,2.0,986.9,76.4,76.8,,13,1,1
2025-01-28 14:00:00,21.5,40,2.4,986.3,64.0,64.7,,14,1,1
2025-01-28 15:00:00,21.7,40,3.6,985.6,56.5,57.6,,15,1,1
2025-01-28 16:00:00,21.1,43,4.2,985.3,54.9,56.1,,16,1,1
2025-01-28 17:00:00,18.5,61,4.7,985.0,95.7,96.4,,17,1,1
2025-01-28 18:00:00,17.0,64,4.1,984.9,116.6,117.3,,18,1,1
2025-01-28 19:00:00,16.0,64,2.4,985.4,136.0,136.4,,19,1,1
2025-01-28 20:00:00,14.9,66,3.8,985.8,148.1,148.5,,20,1,1
2025-01-28 21:00:00,13.6,69,4.9,986.0,149.0,149.5,,21,1,1
2025-01-28 22:00:00,12.6,74,3.8,986.4,149.5,149.9,,22,1,1
2025-01-28 23:00:00,11.6,80,2.2,986.6,151.8,152.7,,23,1,1
2025-01-29 00:00:00,10.1,86,3.5,986.5,153.2,154.6,,0,2,1
2025-01-29 01:00:00,9.3,88,5.9,986.8,150.9,153.2,,1,2,1
2025-01-29 02:00:00,9.2,85,6.2,986.7,146.7,149.5,,2,2,1
2025-01-29 03:00:00,9.2,83,6.9,986.6,139.2,141.6,,3,2,1
2025-01-29 04:00:00,9.0,82,7.6,986.3,131.3,133.2,,4,2,1
2025-01-29 05:00:00,8.8,83,8.7,986.4,128.5,130.4,,5,2,1
2025-01-29 06:00:00,9.1,84,9.7,987.2,120.1,121.5,,6,2,1
2025-01-29 07:00:00,9.1,85,10.1,987.9,117.3,118.3,,7,2,1
2025-01-29 08:00:00,10.2,81,11.2,988.7,114.3,115.0,,8,2,1
2025-01-29 09:00:00,12.4,76,11.1,989.5,111.3,111.5,,9,2,1
2025-01-29 10:00:00,15.2,68,9.3,990.1,105.9,106.2,,10,2,1
2025-01-29 11:00:00,17.7,61,8.7,990.2,96.2,96.4,,11,2,1
2025-01-29 12:00:00,19.5,55,7.0,989.5,82.9,83.6,,12,2,1
2025-01-29 13:00:00,20.9,50,6.1,988.4,68.2,68.9,,13,2,1
2025-01-29 14:00:00,21.7,47,7.1,987.7,56.2,57.0,,14,2,1
2025-01-29 15:00:00,21.8,47,8.2,986.9,50.4,51.3,,15,2,1
2025-01-29 16:00:00,21.5,49,8.2,986.8,49.8,50.8,,16,2,1
2025-01-29 17:00:00,19.8,58,8.4,986.3,104.3,105.9,,17,2,1
2025-01-29 18:00:00,18.1,63,6.5,986.8,110.4,112.0,,18,2,1
2025-01-29 19:00:00,17.2,63,8.0,987.1,110.8,112.2,,19,2,1
2025-01-29 20:00:00,16.0,69,7.6,987.7,110.6,112.0,,20,2,1
2025-01-29 21:00:00,15.3,73,7.3,988.0,110.6,112.2,,21,2,1
2025-01-29 22:00:00,15.5,72,8.2,988.1,110.4,112.2,,22,2,1
2025-01-29 23:00:00,14.9,73,9.5,988.1,108.7,110.6,,23,2,1
2025-01-30 00:00:00,14.9,72,8.1,987.7,105.0,107.1,,0,3,1
2025-01-30 01:00:00,14.4,75,6.3,987.2,102.7,104.8,,1,3,1
2025-01-30 02:00:00,13.6,80,6.0,986.9,102.0,104.3,,2,3,1
2025-01-30 03:00:00,12.2,86,5.3,986.3,104.1,106.2,,3,3,1
2025-01-30 04:00:00,11.5,85,5.4,986.2,108.0,110.1,,4,3,1
2025-01-30 05:00:00,10.9,82,5.6,985.8,133.2,135.0,,5,3,1
2025-01-30 06:00:00,11.4,90,4.9,986.6,133.6,135.5,,6,3,1
2025-01-30 07:00:00,11.2,87,6.7,987.0,136.9,138.8,,7,3,1
2025-01-30 08:00:00,12.1,78,6.4,987.5,138.8,140.6,,8,3,1
2025-01-30 09:00:00,13.9,72,6.6,988.0,133.6,135.0,,9,3,1
2025-01-30 10:00:00,17.1,61,4.1,988.3,122.5,124.3,,10,3,1
2025-01-30 11:00:00,19.6,53,4.0,988.2,109.0,112.0,,11,3,1
2025-01-30 12:00:00,21.2,49,4.7,987.2,103.8,107.6,,12,3,1
2025-01-30 13:00:00,22.1,45,5.9,986.0,88.0,92.7,,13,3,1
2025-01-30 14:00:00,22.6,41,6.6,985.1,75.0,80.3,,14,3,1
2025-01-30 15:00:00,22.5,39,6.7,984.5,65.9,71.5,,15,3,1
2025-01-30 16:00:00,22.0,40,6.4,984.1,60.3,66.4,,16,3,1
2025-01-30 17:00:00,20.1,58,3.5,983.9,71.2,77.3,,17,3,1
2025-01-30 18:00:00,18.9,59,1.8,984.0,82.2,88.9,,18,3,1
2025-01-30 19:00:00,17.6,62,3.5,984.3,88.7,95.9,,19,3,1
2025-01-30 20:00:00,16.7,63,3.6,984.6,99.2,106.9,,20,3,1
2025-01-30 21:00:00,15.9,64,4.0,984.9,112.7,120.6,,21,3,1
2025-01-30 22:00:00,15.6,63,2.3,984.9,126.2,135.0,,22,3,1
2025-01-30 23:00:00,14.8,67,2.6,984.6,135.0,143.9,,23,3,1
2025-01-31 00:00:00,13.4,72,5.2,984.3,134.1,143.4,,0,4,1
2025-01-31 01:00:00,12.9,69,4.4,984.0,131.8,140.6,,1,4,1
2025-01-31 02:00:00,11.8,69,5.4,984.0,121.5,130.4,,2,4,1
2025-01-31 03:00:00,10.8,68,4.7,983.5,105.9,112.9,,3,4,1
2025-01-31 04:00:00,10.3,67,3.8,983.3,96.2,102.0,,4,4,1
2025-01-31 05:00:00,10.0,64,3.5,983.2,96.9,101.5,,5,4,1
2025-01-31 06:00:00,10.4,83,1.4,983.5,103.1,107.6,,6,4,1
2025-01-31 07:00:00,9.7,85,2.6,984.2,122.0,127.6,,7,4,1
2025-01-31 08:00:00,11.0,79,2.7,985.0,143.9,151.3,,8,4,1
2025-01-31 09:00:00,13.6,70,0.2,986.0,137.4,143.4,,9,4,1
2025-01-31 10:00:00,16.5,58,2.8,986.7,131.8,136.4,,10,4,1
2025-01-31 11:00:00,18.9,52,3.2,986.7,126.2,131.3,,11,4,1
2025-01-31 12:00:00,20.6,50,3.2,986.1,114.6,120.1,,12,4,1
2025-01-31 13:00:00,21.8,48,4.0,985.1,97.8,103.8,,13,4,1
2025-01-31 14:00:00,22.4,41,4.9,984.5,87.1,93.4,,14,4,1
2025-01-31 15:00:00,22.2,40,4.0,984.0,82.4,88.5,,15,4,1
2025-01-31 16:00:00,21.9,41,4.1,984.0,81.5,87.5,,16,4,1
2025-01-31 17:00:00,20.2,58,3.3,983.8,129.5,137.4,,17,4,1
2025-01-31 18:00:00,18.5,63,1.1,984.3,157.9,165.3,,18,4,1
2025-01-31 19:00:00,17.7,65,0.4,985.0,169.5,175.6,,19,4,1
2025-01-31 20:00:00,17.0,67,0.6,985.4,163.9,169.5,,20,4,1
2025-01-31 21:00:00,15.9,71,1.8,985.8,156.5,161.1,,21,4,1
2025-01-31 22:00:00,14.6,76,2.6,986.1,153.7,158.3,,22,4,1
2025-01-31 23:00:00,14.1,78,7.6,986.1,154.6,159.3,,23,4,1
2025-02-01 00:00:00,13.2,82,6.7,985.8,157.4,162.1,,0,5,2
2025-02-01 01:00:00,12.5,88,9.0,985.7,163.4,168.1,,1,5,2
2025-02-01 02:00:00,12.1,91,8.6,985.7,165.8,170.4,,2,5,2
2025-02-01 03:00:00,11.5,92,5.6,985.7,159.3,164.4,,3,5,2
2025-02-01 04:00:00,11.0,93,2.1,985.7,150.4,155.1,,4,5,2
2025-02-01 05:00:00,10.9,94,8.9,986.2,141.6,145.8,,5,5,2
2025-02-01 06:00:00,11.2,91,2.8,985.9,138.8,143.0,,6,5,2
2025-02-01 07:00:00,10.9,91,5.7,987.3,140.6,143.9,,7,5,2
2025-02-01 08:00:00,11.4,89,9.0,988.2,142.0,145.3,,8,5,2
2025-02-01 09:00:00,13.2,83,11.1,989.6,140.2,142.0,,9,5,2
2025-02-01 10:00:00,15.5,69,12.2,990.5,132.7,135.5,,10,5,2
2025-02-01 11:00:00,18.2,59,8.7,990.5,119.2,121.5,,11,5,2
2025-02-01 12:00:00,20.2,54,6.2,990.1,105.5,108.0,,12,5,2
2025-02-01 13:00:00,21.6,42,4.7,989.1,89.9,92.4,,13,5,2
2025-02-01 14:00:00,22.1,34,3.8,988.5,76.6,79.6,,14,5,2
2025-02-01 15:00:00,22.1,32,3.6,988.0,61.5,64.7,,15,5,2
2025-02-01 16:00:00,21.7,33,4.8,988.0,52.3,56.0,,16,5,2
2025-02-01 17:00:00,19.9,49,3.9,988.1,111.8,117.8,,17,5,2
2025-02-01 18:00:00,15.9,76,5.2,988.4,139.7,145.3,,18,5,2
2025-02-01 19:00:00,15.3,79,11.2,989.2,158.3,163.4,,19,5,2
2025-02-01 20:00:00,14.4,83,6.9,989.7,159.7,163.9,,20,5,2
2025-02-01 21:00:00,13.2,88,3.6,990.0,144.4,148.5,,21,5,2
2025-02-01 22:00:00,12.4,90,2.8,990.3,132.2,136.4,,22,5,2
2025-02-01 23:00:00,11.7,92,1.6,990.3,129.0,134.6,,23,5,2
2025-02-02 00:00:00,11.2,94,1.7,989.9,130.9,138.8,,0,6,2
2025-02-02 01:00:00,10.4,95,4.1,989.5,136.9,146.7,,1,6,2
2025-02-02 02:00:00,9.6,98,4.2,988.9,145.8,156.9,,2,6,2
2025-02-02 03:00:00,9.0,100,4.1,988.9,153.2,165.3,,3,6,2
2025-02-02 04:00:00,9.0,100,4.4,988.9,154.6,167.2,,4,6,2
2025-02-02 05:00:00,8.7,100,4.6,989.0,170.0,186.3,,5,6,2
2025-02-02 06:00:00,11.4,99,4.2,989.9,177.9,194.2,,6,6,2
2025-02-02 07:00:00,11.1,100,5.1,990.6,194.6,211.9,,7,6,2
2025-02-02 08:00:00,11.4,98,4.4,991.6,218.4,235.2,,8,6,2
2025-02-02 09:00:00,12.3,97,5.9,992.7,184.4,196.5,,9,6,2
2025-02-02 10:00:00,13.5,92,6.5,993.3,157.9,172.3,,10,6,2
2025-02-02 11:00:00,16.5,78,3.4,993.1,136.4,151.3,,11,6,2
2025-02-02 12:00:00,19.3,59,5.3,992.2,121.1,132.7,,12,6,2
2025-02-02 13:00:00,20.9,43,9.3,991.2,88.9,97.6,,13,6,2
2025-02-02 14:00:00,21.3,38,8.7,990.6,60.5,67.3,,14,6,2
2025-02-02 15:00:00,21.3,37,8.2,990.2,55.2,61.5,,15,6,2
2025-02-02 16:00:00,20.7,38,7.7,990.0,55.6,61.5,,16,6,2
2025-02-02 17:00:00,18.8,50,5.2,989.7,73.1,77.1,,17,6,2
2025-02-02 18:00:00,16.7,67,5.7,989.6,90.8,95.2,,18,6,2
2025-02-02 19:00:00,15.5,70,5.9,989.6,105.0,109.9,,19,6,2
2025-02-02 20:00:00,14.3,75,6.1,989.5,116.2,121.1,,20,6,2
2025-02-02 21:00:00,13.6,75,6.4,989.8,122.5,127.1,,21,6,2
2025-02-02 22:00:00,12.9,72,6.7,989.6,127.1,131.3,,22,6,2
2025-02-02 23:00:00,12.8,67,7.1,989.4,123.9,127.6,,23,6,2
2025-02-03 00:00:00,12.1,69,6.9,989.0,110.8,114.3,,0,0,2
2025-02-03 01:00:00,11.0,74,6.5,988.5,102.0,104.8,,1,0,2
2025-02-03 02:00:00,10.2,78,6.2,988.2,97.8,100.4,,2,0,2
2025-02-03 03:00:00,9.7,79,4.9,987.8,96.2,98.3,,3,0,2
2025-02-03 04:00:00,9.4,79,4.0,987.4,95.7,97.6,,4,0,2
2025-02-03 05:00:00,9.1,80,2.9,987.2,129.0,131.8,,5,0,2
2025-02-03 06:00:00,9.3,85,3.8,988.1,129.5,132.2,,6,0,2
2025-02-03 07:00:00,9.0,85,1.8,988.5,140.2,142.5,,7,0,2
2025-02-03 08:00:00,10.3,86,0.9,988.9,153.7,156.0,,8,0,2
2025-02-03 09:00:00,12.6,78,1.1,989.4,140.2,141.6,,9,0,2
2025-02-03 10:00:00,15.3,69,2.2,989.7,124.8,126.2,,10,0,2
2025-02-03 11:00:00,17.7,60,3.9,989.8,99.0,100.8,,11,0,2
2025-02-03 12:00:00,19.6,50,5.3,988.7,68.9,71.2,,12,0,2
2025-02-03 13:00:00,20.5,40,6.7,987.6,48.1,52.0,,13,0,2
2025-02-03 14:00:00,20.7,37,8.3,986.9,42.6,46.9,,14,0,2
2025-02-03 15:00:00,20.3,36,9.5,986.7,40.7,44.9,,15,0,2
2025-02-03 16:00:00,19.4,40,8.4,986.5,41.7,45.6,,16,0,2
2025-02-03 17:00:00,17.5,58,5.0,986.4,65.0,68.9,,17,0,2
2025-02-03 18:00:00,15.3,67,5.2,987.0,85.2,89.4,,18,0,2
2025-02-03 19:00:00,14.3,71,6.6,987.8,102.2,106.4,,19,0,2
2025-02-03 20:00:00,13.2,72,6.5,988.3,112.9,117.1,,20,0,2
2025-02-03 21:00:00,12.5,73,5.4,988.8,116.4,120.6,,21,0,2
2025-02-03 22:00:00,11.8,75,5.1,989.1,118.3,122.0,,22,0,2
2025-02-03 23:00:00,11.1,78,4.6,989.5,120.6,123.9,,23,0,2
2025-02-04 00:00:00,10.3,81,5.0,989.4,121.5,124.8,,0,1,2
2025-02-04 01:00:00,9.5,85,5.8,989.3,128.5,131.3,,1,1,2
2025-02-04 02:00:00,9.4,86,5.3,989.5,136.4,139.2,,2,1,2
2025-02-04 03:00:00,9.1,86,4.5,989.2,140.6,143.0,,3,1,2
2025-02-04 04:00:00,9.7,84,5.1,988.8,136.9,139.2,,4,1,2
2025-02-04 05:00:00,9.9,84,5.8,988.6,115.3,116.6,,5,1,2
2025-02-04 06:00:00,8.0,91,5.5,989.5,118.3,120.1,,6,1,2
2025-02-04 07:00:00,7.6,91,4.4,989.7,127.1,129.5,,7,1,2
2025-02-04 08:00:00,9.5,86,4.2,990.3,138.3,140.6,,8,1,2
2025-02-04 09:00:00,12.9,76,4.2,991.2,141.1,143.0,,9,1,2
2025-02-04 10:00:00,16.8,63,4.5,991.7,136.9,139.7,,10,1,2
2025-02-04 11:00:00,18.9,48,5.8,991.4,110.6,114.6,,11,1,2
2025-02-04 12:00:00,20.0,42,4.9,990.5,75.2,79.4,,12,1,2
2025-02-04 13:00:00,20.6,39,6.4,989.4,60.3,64.3,,13,1,2
2025-02-04 14:00:00,20.8,38,4.9,988.6,56.9,60.5,,14,1,2
2025-02-04 15:00:00,20.7,38,3.1,988.4,55.9,59.0,,15,1,2
2025-02-04 16:00:00,20.2,41,3.2,987.9,58.0,60.8,,16,1,2
2025-02-04 17:00:00,18.2,62,3.5,987.8,81.3,85.0,,17,1,2
2025-02-04 18:00:00,16.1,61,6.7,988.1,108.7,112.5,,18,1,2
2025-02-04 19:00:00,14.9,65,6.5,988.4,136.4,140.2,,19,1,2
2025-02-04 20:00:00,13.9,67,5.1,988.6,164.4,168.1,,20,1,2
2025-02-04 21:00:00,13.1,70,2.7,989.0,188.1,192.3,,21,1,2
2025-02-04 22:00:00,11.3,78,4.3,989.1,203.0,207.2,,22,1,2
2025-02-04 23:00:00,10.8,84,9.0,989.2,204.9,208.6,,23,1,2
2025-02-05 00:00:00,10.1,92,5.4,989.1,188.6,192.3,,0,2,2
2025-02-05 01:00:00,9.5,94,4.0,988.8,172.3,176.5,,1,2,2
2025-02-05 02:00:00,8.9,97,4.9,988.5,161.6,165.8,,2,2,2
2025-02-05 03:00:00,8.6,98,3.6,988.2,156.0,160.2,,3,2,2
2025-02-05 04:00:00,8.2,99,3.6,988.1,154.1,158.3,,4,2,2
2025-02-05 05:00:00,7.6,100,3.4,988.2,179.3,182.5,,5,2,2
2025-02-05 06:00:00,7.7,99,1.9,988.0,173.7,177.9,,6,2,2
2025-02-05 07:00:00,7.7,98,2.3,988.8,174.6,178.8,,7,2,2
2025-02-05 08:00:00,8.6,98,2.9,989.6,176.5,180.2,,8,2,2
2025-02-05 09:00:00,9.1,98,1.5,990.8,178.8,181.1,,9,2,2
2025-02-05 10:00:00,10.4,98,0.7,991.8,157.4,159.7,,10,2,2
2025-02-05 11:00:00,13.5,87,0.6,992.4,140.6,143.0,,11,2,2
2025-02-05 12:00:00,16.0,77,1.5,991.6,120.1,121.5,,12,2,2
2025-02-05 13:00:00,18.0,64,1.3,990.8,99.2,101.0,,13,2,2
2025-02-05 14:00:00,19.0,54,1.5,990.1,72.6,75.9,,14,2,2
2025-02-05 15:00:00,19.5,47,1.7,989.8,55.8,60.1,,15,2,2
2025-02-05 16:00:00,19.3,45,3.3,989.7,52.0,57.0,,16,2,2
2025-02-05 17:00:00,17.8,65,2.6,989.6,66.8,75.4,,17,2,2
2025-02-05 18:00:00,16.9,49,0.9,989.7,87.8,96.2,,18,2,2
2025-02-05 19:00:00,15.7,52,0.7,990.3,103.1,110.8,,19,2,2
2025-02-05 20:00:00,14.8,56,0.6,990.8,115.0,121.5,,20,2,2
2025-02-05 21:00:00,13.9,59,0.5,991.3,127.6,133.6,,21,2,2
2025-02-05 22:00:00,12.1,69,4.1,991.6,141.1,146.2,,22,2,2
2025-02-05 23:00:00,11.4,73,4.0,991.5,150.4,155.1,,23,2,2
2025-02-06 00:00:00,11.2,72,2.4,991.6,150.4,154.1,,0,3,2
2025-02-06 01:00:00,10.6,75,2.2,991.5,147.1,150.4,,1,3,2
2025-02-06 02:00:00,10.0,77,1.5,991.3,143.9,147.1,,2,3,2
2025-02-06 03:00:00,9.3,80,2.4,991.2,143.4,146.2,,3,3,2
2025-02-06 04:00:00,9.0,83,7.5,991.4,146.2,149.5,,4,3,2
2025-02-06 05:00:00,8.6,85,5.9,991.3,143.4,147.1,,5,3,2
2025-02-06 06:00:00,8.3,91,3.2,991.6,149.5,152.7,,6,3,2
2025-02-06 07:00:00,8.0,91,2.4,992.2,156.0,158.3,,7,3,2
2025-02-06 08:00:00,9.7,87,5.2,993.0,157.4,159.7,,8,3,2
2025-02-06 09:00:00,12.6,78,4.0,993.7,145.8,147.1,,9,3,2
2025-02-06 10:00:00,15.9,69,2.1,994.4,123.9,126.7,,10,3,2
2025-02-06 11:00:00,18.2,57,3.9,994.6,95.5,102.0,,11,3,2
2025-02-06 12:00:00,19.6,46,7.1,993.8,74.7,84.1,,12,3,2
2025-02-06 13:00:00,20.3,35,10.1,993.1,43.4,54.2,,13,3,2
2025-02-06 14:00:00,20.4,34,10.4,992.4,34.5,44.5,,14,3,2
2025-02-06 15:00:00,20.2,34,10.1,991.8,31.3,40.7,,15,3,2
2025-02-06 16:00:00,19.5,37,8.6,991.4,30.0,38.4,,16,3,2
2025-02-06 17:00:00,17.8,46,6.3,991.1,46.4,53.4,,17,3,2
2025-02-06 18:00:00,16.3,49,6.8,991.3,55.9,62.6,,18,3,2
2025-02-06 19:00:00,15.0,52,6.9,991.8,58.1,63.8,,19,3,2
2025-02-06 20:00:00,14.3,53,7.8,992.0,56.5,61.2,,20,3,2
2025-02-06 21:00:00,13.8,56,8.5,992.4,52.0,56.1,,21,3,2
2025-02-06 22:00:00,13.2,55,7.7,992.6,48.5,52.0,,22,3,2
2025-02-06 23:00:00,12.8,53,8.9,992.7,46.1,49.2,,23,3,2
2025-02-07 00:00:00,11.9,56,8.0,992.5,43.0,45.9,,0,4,2
2025-02-07 01:00:00,11.4,56,8.2,992.3,41.4,44.0,,1,4,2
2025-02-07 02:00:00,11.0,56,8.6,991.8,41.3,43.5,,2,4,2
2025-02-07 03:00:00,10.4,56,8.2,991.2,42.1,44.1,,3,4,2
2025-02-07 04:00:00,9.7,57,7.8,991.1,42.6,44.5,,4,4,2
2025-02-07 05:00:00,9.6,55,8.3,990.9,45.3,47.1,,5,4,2
2025-02-07 06:00:00,9.8,64,8.1,991.2,44.1,46.0,,6,4,2
2025-02-07 07:00:00,9.6,64,8.3,991.5,46.9,48.7,,7,4,2
2025-02-07 08:00:00,10.7,59,9.2,992.2,50.2,51.9,,8,4,2
2025-02-07 09:00:00,12.6,57,7.5,993.3,51.8,53.2,,9,4,2
2025-02-07 10:00:00,14.8,51,5.5,993.9,46.6,48.7,,10,4,2
2025-02-07 11:00:00,17.3,44,7.1,993.6,42.0,44.6,,11,4,2
2025-02-07 12:00:00,19.2,37,9.8,992.7,38.5,41.2,,12,4,2
2025-02-07 13:00:00,20.2,35,10.4,991.7,32.5,35.3,,13,4,2
2025-02-07 14:00:00,20.9,33,10.4,990.8,28.3,31.3,,14,4,2
2025-02-07 15:00:00,21.0,33,10.5,990.3,26.7,29.7,,15,4,2
2025-02-07 16:00:00,20.4,36,10.0,990.0,26.4,29.2,,16,4,2
2025-02-07 17:00:00,18.8,44,8.7,989.8,28.8,30.0,,17,4,2
2025-02-07 18:00:00,16.9,54,6.7,989.7,39.0,40.2,,18,4,2
2025-02-07 19:00:00,16.0,54,7.5,990.2,44.0,45.3,,19,4,2
2025-02-07 20:00:00,15.5,51,8.6,990.3,46.3,47.7,,20,4,2
2025-02-07 21:00:00,14.9,50,8.3,990.6,47.5,49.0,,21,4,2
2025-02-07 22:00:00,14.0,51,7.6,990.6,49.2,51.0,,22,4,2
2025-02-07 23:00:00,13.1,52,7.5,990.3,50.3,52.0,,23,4,2
2025-02-08 00:00:00,12.5,53,7.6,990.0,49.4,51.1,,0,5,2
2025-02-08 01:00:00,11.8,55,7.4,989.4,48.7,50.4,,1,5,2
2025-02-08 02:00:00,11.4,57,6.9,989.3,48.8,50.4,,2,5,2
2025-02-08 03:00:00,11.4,57,7.4,989.0,49.2,50.8,,3,5,2
2025-02-08 04:00:00,11.1,58,7.6,988.8,49.7,51.2,,4,5,2
2025-02-08 05:00:00,11.0,58,7.6,988.8,54.6,55.9,,5,5,2
2025-02-08 06:00:00,10.5,65,6.6,989.2,55.6,56.7,,6,5,2
2025-02-08 07:00:00,9.6,69,5.6,989.6,59.0,60.1,,7,5,2
2025-02-08 08:00:00,11.2,63,4.7,990.4,63.1,64.3,,8,5,2
2025-02-08 09:00:00,13.3,57,3.1,991.4,62.4,63.3,,9,5,2
2025-02-08 10:00:00,15.9,50,2.3,992.1,58.4,59.4,,10,5,2
2025-02-08 11:00:00,18.3,42,2.9,992.0,52.9,54.0,,11,5,2
2025-02-08 12:00:00,20.4,36,3.7,991.3,42.3,43.8,,12,5,2
2025-02-08 13:00:00,21.9,31,5.4,990.3,32.7,34.5,,13,5,2
2025-02-08 14:00:00,22.6,28,6.9,989.3,25.7,27.5,,14,5,2
2025-02-08 15:00:00,22.8,28,7.8,988.7,22.1,23.8,,15,5,2
2025-02-08 16:00:00,22.2,32,7.2,988.2,24.7,25.9,,16,5,2
2025-02-08 17:00:00,20.2,46,5.0,988.2,50.8,51.8,,17,5,2
2025-02-08 18:00:00,18.2,54,6.0,988.7,73.6,75.0,,18,5,2
2025-02-08 19:00:00,17.8,58,5.0,989.2,92.9,94.3,,19,5,2
2025-02-08 20:00:00,16.9,59,3.3,989.4,110.6,112.2,,20,5,2
2025-02-08 21:00:00,15.9,61,2.0,989.9,127.1,129.9,,21,5,2
2025-02-08 22:00:00,14.8,65,0.9,990.2,140.6,144.8,,22,5,2
2025-02-08 23:00:00,13.7,68,0.9,990.0,151.3,156.0,,23,5,2
2025-02-09 00:00:00,13.1,70,1.2,989.8,155.5,160.2,,0,6,2
2025-02-09 01:00:00,12.4,74,3.5,989.3,154.1,159.3,,1,6,2
2025-02-09 02:00:00,12.1,74,2.1,988.9,152.7,157.4,,2,6,2
2025-02-09 03:00:00,10.9,78,3.6,988.8,153.7,158.3,,3,6,2
2025-02-09 04:00:00,10.1,80,3.4,988.3,154.1,159.7,,4,6,2
2025-02-09 05:00:00,9.9,79,1.7,988.2,159.3,163.0,,5,6,2
2025-02-09 06:00:00,10.4,85,2.7,988.3,154.1,158.3,,6,6,2
2025-02-09 07:00:00,10.1,86,0.7,989.0,162.5,166.2,,7,6,2
2025-02-09 08:00:00,11.3,83,3.5,989.8,178.8,183.5,,8,6,2
2025-02-09 09:00:00,14.1,72,1.8,990.7,178.3,181.6,,9,6,2
2025-02-09 10:00:00,17.5,59,1.1,991.2,113.6,114.8,,10,6,2
2025-02-09 11:00:00,20.2,47,0.6,991.0,86.1,87.5,,11,6,2
2025-02-09 12:00:00,22.1,39,1.3,990.4,69.2,71.5,,12,6,2
2025-02-09 13:00:00,23.2,34,2.2,989.3,55.6,58.6,,13,6,2
2025-02-09 14:00:00,23.8,31,3.0,988.4,45.9,49.0,,14,6,2
2025-02-09 15:00:00,23.8,30,3.3,987.6,41.1,44.6,,15,6,2
2025-02-09 16:00:00,23.4,32,3.2,987.3,40.6,44.1,,16,6,2
2025-02-09 17:00:00,21.6,53,1.8,987.0,70.5,74.3,,17,6,2
2025-02-09 18:00:00,20.1,51,0.5,986.9,97.8,101.7,,18,6,2
2025-02-09 19:00:00,18.6,55,1.0,987.5,121.5,125.7,,19,6,2
2025-02-09 20:00:00,17.4,61,0.9,987.7,141.1,145.8,,20,6,2
2025-02-09 21:00:00,16.2,67,0.5,988.1,155.5,160.2,,21,6,2
2025-02-09 22:00:00,15.4,70,0.4,988.4,168.1,172.8,,22,6,2
2025-02-09 23:00:00,14.9,72,0.4,988.2,177.9,183.0,,23,6,2
2025-02-10 00:00:00,13.6,78,2.6,987.9,179.7,184.9,,0,0,2
2025-02-10 01:00:00,11.8,85,4.7,987.6,177.4,182.1,,1,0,2
2025-02-10 02:00:00,11.5,87,4.3,987.1,174.6,179.3,,2,0,2
2025-02-10 03:00:00,12.0,86,3.6,986.8,172.8,177.4,,3,0,2
2025-02-10 04:00:00,11.6,86,4.7,986.4,172.8,177.0,,4,0,2
2025-02-10 05:00:00,10.8,87,4.6,986.2,140.2,147.6,,5,0,2
2025-02-10 06:00:00,10.0,91,1.3,986.6,147.6,156.0,,6,0,2
2025-02-10 07:00:00,9.4,93,2.3,987.1,163.9,172.8,,7,0,2
2025-02-10 08:00:00,11.3,86,6.2,988.0,183.5,192.8,,8,0,2
2025-02-10 09:00:00,14.9,74,4.0,989.3,159.7,166.7,,9,0,2
2025-02-10 10:00:00,18.2,64,2.4,990.3,124.3,132.7,,10,0,2
2025-02-10 11:00:00,20.0,57,3.4,990.4,100.4,111.1,,11,0,2
2025-02-10 12:00:00,22.1,46,3.9,989.9,81.7,94.5,,12,0,2
2025-02-10 13:00:00,23.4,39,1.7,988.9,70.3,85.2,,13,0,2
2025-02-10 14:00:00,24.0,33,2.7,988.2,60.5,76.6,,14,0,2
2025-02-10 15:00:00,24.0,32,5.2,987.8,53.9,69.6,,15,0,2
2025-02-10 16:00:00,23.2,36,7.3,987.7,51.8,66.8,,16,0,2
2025-02-10 17:00:00,21.4,49,7.7,987.6,75.9,92.2,,17,0,2
2025-02-10 18:00:00,19.5,61,3.1,987.7,100.6,118.0,,18,0,2
2025-02-10 19:00:00,17.8,70,4.5,988.5,119.0,136.9,,19,0,2
2025-02-10 20:00:00,16.9,71,4.2,988.6,133.2,151.3,,20,0,2
2025-02-10 21:00:00,16.2,66,6.8,989.0,138.8,156.0,,21,0,2
2025-02-10 22:00:00,15.3,71,6.8,989.2,144.4,159.7,,22,0,2
2025-02-10 23:00:00,14.4,78,6.1,988.9,141.1,154.6,,23,0,2
2025-02-11 00:00:00,13.7,81,6.0,988.2,131.3,143.0,,0,1,2
2025-02-11 01:00:00,13.1,81,5.8,987.8,124.3,133.6,,1,1,2
2025-02-11 02:00:00,12.7,81,6.1,987.2,117.6,124.8,,2,1,2
2025-02-11 03:00:00,11.9,83,5.6,986.9,111.5,117.1,,3,1,2
2025-02-11 04:00:00,11.2,86,5.0,986.9,107.3,111.5,,4,1,2
2025-02-11 05:00:00,10.6,88,5.0,987.3,135.0,143.4,,5,1,2
2025-02-11 06:00:00,11.8,89,6.9,988.4,121.1,127.1,,6,1,2
2025-02-11 07:00:00,11.7,87,6.6,988.8,114.6,121.1,,7,1,2
2025-02-11 08:00:00,13.6,75,10.2,989.3,112.2,118.7,,8,1,2
2025-02-11 09:00:00,15.7,69,5.7,990.3,105.2,111.3,,9,1,2
2025-02-11 10:00:00,17.9,63,2.7,990.9,86.1,95.5,,10,1,2
2025-02-11 11:00:00,20.7,53,1.7,991.1,66.4,78.2,,11,1,2
2025-02-11 12:00:00,21.3,46,3.6,990.4,56.6,68.2,,12,1,2
2025-02-11 13:00:00,21.7,41,8.7,989.6,58.1,71.5,,13,1,2
2025-02-11 14:00:00,21.4,42,10.6,988.8,51.3,68.9,,14,1,2
2025-02-11 15:00:00,21.7,40,5.7,987.8,39.6,63.1,,15,1,2
2025-02-11 16:00:00,21.8,40,4.5,987.5,37.7,61.7,,16,1,2
2025-02-11 17:00:00,20.6,50,3.9,987.3,32.1,48.2,,17,1,2
2025-02-11 18:00:00,19.4,45,6.2,987.8,40.6,53.7,,18,1,2
2025-02-11 19:00:00,18.4,57,8.1,988.4,44.5,54.6,,19,1,2
2025-02-11 20:00:00,17.4,60,7.2,988.6,46.0,54.0,,20,1,2
2025-02-11 21:00:00,16.4,57,6.3,988.9,48.1,55.1,,21,1,2
2025-02-11 22:00:00,15.8,56,6.6,989.3,52.9,59.8,,22,1,2
2025-02-11 23:00:00,14.9,59,6.1,989.0,58.9,66.4,,23,1,2
2025-02-12 00:00:00,14.5,59,6.7,988.9,63.6,71.5,,0,2,2
2025-02-12 01:00:00,14.2,61,6.7,988.7,68.2,76.4,,1,2,2
2025-02-12 02:00:00,12.9,67,5.6,988.3,71.5,79.6,,2,2,2
2025-02-12 03:00:00,12.4,68,5.5,987.9,71.9,79.9,,3,2,2
2025-02-12 04:00:00,12.1,67,4.4,987.8,68.5,76.4,,4,2,2
2025-02-12 05:00:00,11.5,68,4.8,988.0,64.5,73.8,,5,2,2
2025-02-12 06:00:00,11.7,74,6.3,988.7,67.5,77.1,,6,2,2
2025-02-12 07:00:00,11.0,75,6.2,989.3,78.0,87.8,,7,2,2
2025-02-12 08:00:00,12.4,68,7.1,990.2,92.7,102.0,,8,2,2
2025-02-12 09:00:00,14.7,62,4.1,991.3,80.8,87.1,,9,2,2
2025-02-12 10:00:00,17.7,51,4.3,991.8,55.6,64.7,,10,2,2
2025-02-12 11:00:00,20.6,40,4.8,991.9,32.4,42.6,,11,2,2
2025-02-12 12:00:00,22.5,32,7.6,991.2,21.2,32.7,,12,2,2
2025-02-12 13:00:00,23.3,29,10.2,990.3,17.6,29.6,,13,2,2
2025-02-12 14:00:00,23.6,27,11.8,989.7,15.9,28.1,,14,2,2
2025-02-12 15:00:00,23.4,28,11.8,989.3,15.9,28.0,,15,2,2
2025-02-12 16:00:00,22.9,30,11.2,988.8,16.7,28.6,,16,2,2
2025-02-12 17:00:00,21.7,35,8.1,988.8,22.6,36.0,,17,2,2
2025-02-12 18:00:00,19.2,50,5.2,989.3,33.6,45.2,,18,2,2
2025-02-12 19:00:00,17.9,57,5.0,989.6,44.0,55.6,,19,2,2
2025-02-12 20:00:00,17.0,61,4.0,989.9,50.5,62.2,,20,2,2
2025-02-12 21:00:00,16.4,62,3.8,990.2,51.5,63.3,,21,2,2
2025-02-12 22:00:00,15.6,64,4.6,990.6,54.1,66.4,,22,2,2
2025-02-12 23:00:00,14.5,65,6.3,990.7,59.4,71.7,,23,2,2
2025-02-13 00:00:00,13.9,62,6.7,990.5,61.0,73.3,,0,3,2
2025-02-13 01:00:00,13.5,58,6.6,990.0,60.5,72.4,,1,3,2
2025-02-13 02:00:00,13.1,56,7.1,989.9,58.9,69.4,,2,3,2
2025-02-13 03:00:00,12.2,60,6.9,989.7,54.8,63.3,,3,3,2
2025-02-13 04:00:00,11.3,66,6.1,989.2,49.7,56.5,,4,3,2
2025-02-13 05:00:00,10.4,71,6.2,989.0,56.9,63.8,,5,3,2
2025-02-13 06:00:00,10.6,76,6.5,989.4,59.4,66.4,,6,3,2
2025-02-13 07:00:00,9.9,78,6.0,989.8,69.6,77.3,,7,3,2
2025-02-13 08:00:00,11.7,68,7.7,990.8,85.7,92.9,,8,3,2
2025-02-13 09:00:00,14.1,61,6.0,991.4,66.8,72.2,,9,3,2
2025-02-13 10:00:00,17.7,44,4.1,992.0,53.8,59.0,,10,3,2
2025-02-13 11:00:00,20.8,30,4.5,992.0,35.4,41.4,,11,3,2
2025-02-13 12:00:00,22.7,22,5.0,991.1,19.2,25.4,,12,3,2
2025-02-13 13:00:00,23.6,18,8.0,990.1,14.8,20.5,,13,3,2
2025-02-13 14:00:00,23.8,19,11.2,989.5,13.7,19.4,,14,3,2
2025-02-13 15:00:00,23.5,21,11.1,988.8,13.5,19.3,,15,3,2
2025-02-13 16:00:00,22.9,23,9.5,988.5,14.0,19.8,,16,3,2
2025-02-13 17:00:00,21.5,28,6.4,988.2,18.2,22.5,,17,3,2
2025-02-13 18:00:00,19.6,40,5.7,988.7,31.0,35.0,,18,3,2
2025-02-13 19:00:00,18.6,48,5.1,989.2,40.0,43.8,,19,3,2
2025-02-13 20:00:00,18.1,52,5.1,989.4,44.1,48.1,,20,3,2
2025-02-13 21:00:00,17.3,55,4.7,989.1,46.3,50.6,,21,3,2
2025-02-13 22:00:00,16.5,58,4.0,989.0,51.1,56.0,,22,3,2
2025-02-13 23:00:00,15.5,59,3.6,989.2,56.9,61.5,,23,3,2
2025-02-14 00:00:00,14.8,61,3.7,988.6,59.4,63.6,,0,4,2
2025-02-14 01:00:00,13.9,63,4.2,988.5,60.8,65.0,,1,4,2
2025-02-14 02:00:00,13.1,66,4.2,988.2,62.2,65.9,,2,4,2
2025-02-14 03:00:00,11.8,71,5.1,987.5,63.1,66.6,,3,4,2
2025-02-14 04:00:00,11.0,74,5.8,987.1,63.1,66.4,,4,4,2
2025-02-14 05:00:00,10.5,75,5.4,986.8,55.4,58.9,,5,4,2
2025-02-14 06:00:00,10.1,82,5.6,987.6,53.8,57.2,,6,4,2
2025-02-14 07:00:00,10.0,82,5.6,988.2,60.5,64.0,,7,4,2
2025-02-14 08:00:00,11.4,73,5.0,989.1,72.6,75.7,,8,4,2
2025-02-14 09:00:00,14.3,63,1.2,989.7,55.2,57.9,,9,4,2
2025-02-14 10:00:00,17.7,49,0.0,990.2,44.5,46.7,,10,4,2
2025-02-14 11:00:00,20.8,39,2.2,989.9,30.2,31.4,,11,4,2
2025-02-14 12:00:00,22.9,29,3.9,989.1,19.2,20.3,,12,4,2
2025-02-14 13:00:00,24.0,24,6.6,988.0,14.0,15.3,,13,4,2
2025-02-14 14:00:00,24.4,22,8.1,987.0,12.7,14.2,,14,4,2
2025-02-14 15:00:00,24.3,23,8.8,986.1,12.5,14.6,,15,4,2
2025-02-14 16:00:00,23.7,25,8.2,985.6,13.6,16.8,,16,4,2
2025-02-14 17:00:00,22.4,30,5.6,985.2,27.0,31.9,,17,4,2
2025-02-14 18:00:00,20.1,40,5.4,986.3,42.6,47.7,,18,4,2
2025-02-14 19:00:00,19.0,50,4.4,986.5,55.5,60.5,,19,4,2
2025-02-14 20:00:00,18.3,54,3.0,986.6,64.7,70.1,,20,4,2
2025-02-14 21:00:00,17.6,57,1.6,986.5,71.5,77.8,,21,4,2
2025-02-14 22:00:00,16.7,60,1.8,986.0,77.3,84.5,,22,4,2
2025-02-14 23:00:00,16.2,61,0.2,985.6,82.7,90.6,,23,4,2
2025-02-15 00:00:00,15.7,64,0.8,985.2,84.1,92.4,,0,5,2
2025-02-15 01:00:00,15.7,65,0.7,984.6,83.4,91.5,,1,5,2
2025-02-15 02:00:00,14.6,69,2.6,983.9,82.0,89.9,,2,5,2
2025-02-15 03:00:00,14.1,66,5.9,984.3,80.8,88.9,,3,5,2
2025-02-15 04:00:00,14.8,65,10.6,984.1,78.2,87.3,,4,5,2
2025-02-15 05:00:00,14.5,68,11.7,984.2,48.2,53.2,,5,5,2
2025-02-15 06:00:00,15.9,66,8.9,985.2,41.4,45.6,,6,5,2
2025-02-15 07:00:00,15.2,66,8.4,986.1,41.3,45.4,,7,5,2
2025-02-15 08:00:00,15.4,73,2.8,986.1,47.8,51.6,,8,5,2
2025-02-15 09:00:00,17.4,69,3.1,986.7,47.5,51.0,,9,5,2
2025-02-15 10:00:00,20.1,51,2.6,987.2,35.9,40.3,,10,5,2
2025-02-15 11:00:00,21.9,42,4.3,987.2,27.0,31.7,,11,5,2
2025-02-15 12:00:00,22.4,42,7.5,986.5,20.6,25.6,,12,5,2
2025-02-15 13:00:00,22.9,41,6.0,985.7,15.8,20.4,,13,5,2
2025-02-15 14:00:00,23.5,36,4.3,985.2,14.3,18.2,,14,5,2
2025-02-15 15:00:00,23.7,33,3.7,984.6,14.1,17.6,,15,5,2
2025-02-15 16:00:00,23.5,34,2.5,984.9,14.6,17.8,,16,5,2
2025-02-15 17:00:00,22.1,48,2.4,984.9,16.4,19.3,,17,5,2
2025-02-15 18:00:00,20.4,55,1.7,985.2,42.6,45.4,,18,5,2
2025-02-15 19:00:00,19.4,58,1.0,985.9,66.8,69.6,,19,5,2
2025-02-15 20:00:00,18.7,59,0.7,986.0,85.0,88.2,,20,5,2
2025-02-15 21:00:00,17.9,60,0.6,985.9,89.2,93.4,,21,5,2
2025-02-15 22:00:00,17.0,62,0.6,985.9,90.8,94.8,,22,5,2
2025-02-15 23:00:00,15.3,70,3.2,985.9,86.8,90.8,,23,5,2
2025-02-16 00:00:00,14.4,70,4.0,985.7,77.1,81.0,,0,6,2
2025-02-16 01:00:00,14.5,66,2.7,985.8,71.9,75.9,,1,6,2
2025-02-16 02:00:00,14.6,64,1.3,985.5,71.2,75.2,,2,6,2
2025-02-16 03:00:00,12.7,71,3.9,985.2,73.1,77.3,,3,6,2
2025-02-16 04:00:00,11.9,75,5.0,985.2,76.6,81.5,,4,6,2
2025-02-16 05:00:00,11.3,78,4.9,985.2,54.6,58.3,,5,6,2
2025-02-16 06:00:00,12.2,84,6.0,986.4,61.5,65.7,,6,6,2
2025-02-16 07:00:00,12.2,82,6.1,986.5,77.3,82.2,,7,6,2
2025-02-16 08:00:00,13.6,75,6.3,987.2,83.1,87.8,,8,6,2
2025-02-16 09:00:00,16.7,67,4.3,987.9,67.1,70.3,,9,6,2
2025-02-16 10:00:00,19.6,57,3.4,988.6,53.4,58.2,,10,6,2
2025-02-16 11:00:00,21.6,51,3.6,988.4,43.3,49.6,,11,6,2
2025-02-16 12:00:00,23.1,44,4.0,987.9,29.7,34.8,,12,6,2
2025-02-16 13:00:00,24.2,37,5.5,986.9,23.1,27.8,,13,6,2
2025-02-16 14:00:00,24.7,33,6.8,986.4,22.2,26.7,,14,6,2
2025-02-16 15:00:00,24.4,33,8.0,985.9,21.8,26.1,,15,6,2
2025-02-16 16:00:00,23.9,36,7.1,985.9,22.1,26.1,,16,6,2
2025-02-16 17:00:00,22.7,44,8.1,986.2,34.0,40.5,,17,6,2
2025-02-16 18:00:00,20.7,59,2.7,986.9,55.3,61.2,,18,6,2
2025-02-16 19:00:00,19.4,62,2.4,987.4,71.5,77.8,,19,6,2
2025-02-16 20:00:00,19.3,64,1.2,987.8,82.7,89.2,,20,6,2
2025-02-16 21:00:00,17.4,70,4.3,988.5,95.2,102.7,,21,6,2
2025-02-16 22:00:00,17.5,67,5.4,989.0,108.5,117.3,,22,6,2
2025-02-16 23:00:00,15.5,74,5.2,989.0,108.3,116.4,,23,6,2
2025-02-17 00:00:00,14.6,75,5.6,989.0,94.5,101.5,,0,0,2
2025-02-17 01:00:00,14.3,74,6.1,988.4,75.2,78.9,,1,0,2
2025-02-17 02:00:00,13.8,75,5.5,988.0,66.4,69.4,,2,0,2
2025-02-17 03:00:00,13.1,78,4.6,987.8,64.5,67.8,,3,0,2
2025-02-17 04:00:00,12.3,82,4.0,987.9,62.6,65.7,,4,0,2
2025-02-17 05:00:00,11.6,86,4.6,987.8,81.5,84.3,,5,0,2
2025-02-17 06:00:00,12.3,87,5.5,989.1,81.5,84.3,,6,0,2
2025-02-17 07:00:00,12.0,88,5.5,989.5,86.6,89.9,,7,0,2
2025-02-17 08:00:00,14.1,81,6.3,990.5,91.0,94.5,,8,0,2
2025-02-17 09:00:00,17.3,71,3.4,991.6,86.1,88.7,,9,0,2
2025-02-17 10:00:00,20.4,62,2.4,992.0,59.3,63.3,,10,0,2
2025-02-17 11:00:00,22.8,49,1.8,992.2,35.0,41.9,,11,0,2
2025-02-17 12:00:00,24.2,40,1.6,991.9,27.6,36.7,,12,0,2
2025-02-17 13:00:00,25.1,34,2.8,990.9,24.2,32.9,,13,0,2
2025-02-17 14:00:00,25.6,31,3.8,990.1,22.8,31.1,,14,0,2
2025-02-17 15:00:00,25.6,31,6.1,989.7,22.5,30.6,,15,0,2
2025-02-17 16:00:00,25.0,32,7.3,989.6,22.6,30.5,,16,0,2
2025-02-17 17:00:00,23.4,40,5.0,989.4,24.1,31.8,,17,0,2
2025-02-17 18:00:00,21.1,54,5.6,989.5,40.9,47.8,,18,0,2
2025-02-17 19:00:00,20.1,56,6.3,990.0,57.2,64.0,,19,0,2
2025-02-17 20:00:00,19.1,61,5.7,990.1,65.0,71.5,,20,0,2
2025-02-17 21:00:00,18.4,62,6.1,990.4,68.7,74.7,,21,0,2
2025-02-17 22:00:00,18.1,63,5.8,990.6,65.4,71.0,,22,0,2
2025-02-17 23:00:00,17.8,62,6.1,990.5,55.5,61.0,,23,0,2
2025-02-18 00:00:00,17.1,63,5.6,990.2,48.8,53.9,,0,1,2
2025-02-18 01:00:00,15.8,66,5.8,989.7,45.2,49.9,,1,1,2
2025-02-18 02:00:00,15.0,69,6.1,989.2,43.9,48.4,,2,1,2
2025-02-18 03:00:00,13.4,75,5.6,988.7,44.2,48.8,,3,1,2
2025-02-18 04:00:00,12.9,75,5.1,988.1,44.9,49.6,,4,1,2
2025-02-18 05:00:00,12.8,74,4.7,987.9,74.0,79.4,,5,1,2
2025-02-18 06:00:00,13.1,83,0.9,988.9,78.7,85.0,,6,1,2
2025-02-18 07:00:00,12.5,86,2.5,989.5,89.9,97.3,,7,1,2
2025-02-18 08:00:00,14.5,80,5.4,990.3,106.9,114.8,,8,1,2
2025-02-18 09:00:00,17.4,72,3.2,991.0,88.5,94.3,,9,1,2
2025-02-18 10:00:00,20.1,61,3.2,991.4,62.2,68.0,,10,1,2
2025-02-18 11:00:00,22.3,50,3.5,991.4,39.8,46.3,,11,1,2
2025-02-18 12:00:00,24.0,40,4.5,990.8,25.4,31.9,,12,1,2
2025-02-18 13:00:00,25.1,32,6.2,989.6,25.1,31.8,,13,1,2
2025-02-18 14:00:00,25.4,29,7.8,988.7,25.7,32.2,,14,1,2
2025-02-18 15:00:00,25.2,29,8.9,988.1,25.8,32.1,,15,1,2
2025-02-18 16:00:00,24.6,31,8.6,987.9,26.1,32.0,,16,1,2
2025-02-18 17:00:00,23.0,39,6.0,987.9,18.3,20.7,,17,1,2
2025-02-18 18:00:00,21.0,44,6.5,988.7,26.8,28.5,,18,1,2
2025-02-18 19:00:00,19.5,53,6.1,988.9,34.7,36.3,,19,1,2
2025-02-18 20:00:00,18.6,58,5.7,989.0,38.6,40.3,,20,1,2
2025-02-18 21:00:00,18.2,58,4.6,989.0,40.5,42.1,,21,1,2
2025-02-18 22:00:00,17.8,57,4.2,989.1,44.2,46.0,,22,1,2
2025-02-18 23:00:00,17.1,58,5.2,988.7,48.5,50.4,,23,1,2
2025-02-19 00:00:00,16.3,60,4.6,988.5,48.5,50.3,,0,2,2
2025-02-19 01:00:00,15.7,62,5.1,988.0,45.4,47.0,,1,2,2
2025-02-19 02:00:00,14.7,65,6.4,987.8,41.0,42.4,,2,2,2
2025-02-19 03:00:00,13.6,71,5.9,987.2,37.0,38.1,,3,2,2
2025-02-19 04:00:00,13.4,70,6.3,987.0,33.8,34.7,,4,2,2
2025-02-19 05:00:00,13.5,65,7.0,986.9,42.4,43.3,,5,2,2
2025-02-19 06:00:00,13.5,75,5.9,987.6,44.5,45.5,,6,2,2
2025-02-19 07:00:00,13.0,76,5.8,988.0,54.5,56.1,,7,2,2
2025-02-19 08:00:00,14.6,67,6.1,988.4,71.0,74.0,,8,2,2
2025-02-19 09:00:00,16.7,62,3.1,988.9,59.0,60.8,,9,2,2
2025-02-19 10:00:00,19.5,52,1.9,989.0,45.1,45.8,,10,2,2
2025-02-19 11:00:00,22.4,42,1.3,988.3,28.7,29.7,,11,2,2
2025-02-19 12:00:00,24.6,34,0.7,987.2,16.2,18.3,,12,2,2
2025-02-19 13:00:00,25.8,27,2.7,985.9,15.0,18.4,,13,2,2
2025-02-19 14:00:00,25.7,28,4.2,984.6,15.3,19.2,,14,2,2
2025-02-19 15:00:00,25.4,30,5.6,984.1,15.9,20.0,,15,2,2
2025-02-19 16:00:00,24.5,38,3.8,984.0,17.0,20.7,,16,2,2
2025-02-19 17:00:00,22.9,54,2.3,984.0,21.0,24.4,,17,2,2
2025-02-19 18:00:00,21.1,54,4.8,986.0,26.1,29.0,,18,2,2
2025-02-19 19:00:00,20.2,58,8.1,986.6,33.6,37.5,,19,2,2
2025-02-19 20:00:00,18.8,63,8.5,986.7,42.1,47.7,,20,2,2
2025-02-19 21:00:00,16.8,73,6.3,987.3,46.8,52.5,,21,2,2
2025-02-19 22:00:00,15.9,78,3.3,986.8,52.3,57.9,,22,2,2
2025-02-19 23:00:00,15.8,79,6.4,986.5,57.2,62.4,,23,2,2
2025-02-20 00:00:00,15.7,80,8.7,985.7,50.2,54.8,,0,3,2
2025-02-20 01:00:00,15.1,82,10.5,985.1,43.8,47.6,,1,3,2
2025-02-20 02:00:00,14.9,83,11.7,984.9,37.3,40.4,,2,3,2
2025-02-20 03:00:00,14.5,87,5.4,985.1,31.4,34.1,,3,3,2
2025-02-20 04:00:00,13.6,95,6.2,986.1,28.9,33.2,,4,3,2
2025-02-20 05:00:00,13.3,91,8.9,985.2,45.3,51.5,,5,3,2
2025-02-20 06:00:00,14.0,94,3.7,986.9,44.1,51.9,,6,3,2
2025-02-20 07:00:00,13.8,94,1.2,987.5,44.5,52.6,,7,3,2
2025-02-20 08:00:00,14.5,92,5.9,988.0,40.9,50.4,,8,3,2
2025-02-20 09:00:00,15.6,80,11.4,989.3,37.5,47.8,,9,3,2
2025-02-20 10:00:00,15.7,82,9.0,989.5,31.7,43.2,,10,3,2
2025-02-20 11:00:00,16.4,82,10.6,989.6,29.5,45.4,,11,3,2
2025-02-20 12:00:00,15.8,78,9.8,989.5,29.1,49.8,,12,3,2
2025-02-20 13:00:00,16.7,79,6.4,988.2,31.3,54.4,,13,3,2
2025-02-20 14:00:00,16.8,75,9.2,987.9,33.8,57.6,,14,3,2
2025-02-20 15:00:00,14.9,84,4.5,987.5,32.9,57.6,,15,3,2
2025-02-20 16:00:00,14.8,83,10.4,988.0,33.5,55.8,,16,3,2
2025-02-20 17:00:00,14.3,88,8.8,988.7,44.6,75.4,,17,3,2
2025-02-20 18:00:00,13.6,89,9.6,989.2,46.4,67.8,,18,3,2
2025-02-20 19:00:00,12.9,90,6.7,989.9,43.5,61.0,,19,3,2
2025-02-20 20:00:00,12.2,92,4.2,990.3,40.9,56.0,,20,3,2
2025-02-20 21:00:00,11.6,92,2.4,990.9,41.9,57.5,,21,3,2
2025-02-20 22:00:00,11.0,94,3.7,991.7,48.2,65.7,,22,3,2
2025-02-20 23:00:00,10.7,95,4.5,992.0,56.8,74.5,,23,3,2
2025-02-21 00:00:00,10.2,96,4.3,992.1,63.3,80.8,,0,4,2
2025-02-21 01:00:00,10.2,96,5.8,991.9,63.3,77.1,,1,4,2
2025-02-21 02:00:00,9.9,97,6.7,992.0,53.1,63.8,,2,4,2
2025-02-21 03:00:00,9.6,97,5.6,991.9,52.9,61.2,,3,4,2
2025-02-21 04:00:00,9.5,98,5.2,991.8,52.4,59.8,,4,4,2
2025-02-21 05:00:00,8.8,99,5.2,992.0,50.6,58.6,,5,4,2
2025-02-21 06:00:00,9.1,98,5.6,992.5,47.8,59.5,,6,4,2
2025-02-21 07:00:00,9.2,97,6.5,993.2,48.7,64.0,,7,4,2
2025-02-21 08:00:00,10.8,94,7.6,993.6,50.6,68.7,,8,4,2
2025-02-21 09:00:00,13.2,87,3.1,994.5,51.3,73.8,,9,4,2
2025-02-21 10:00:00,15.7,76,2.8,994.9,53.9,82.4,,10,4,2
2025-02-21 11:00:00,17.5,70,2.9,994.8,55.4,85.7,,11,4,2
2025-02-21 12:00:00,18.8,66,1.9,994.3,51.6,82.4,,12,4,2
2025-02-21 13:00:00,19.6,62,4.0,993.3,47.6,75.7,,13,4,2
2025-02-21 14:00:00,20.0,60,5.1,992.5,43.3,68.0,,14,4,2
2025-02-21 15:00:00,20.1,59,6.0,991.8,40.2,62.2,,15,4,2
2025-02-21 16:00:00,19.7,61,6.6,991.5,38.5,58.4,,16,4,2
2025-02-21 17:00:00,18.7,67,5.0,991.2,31.0,42.1,,17,4,2
2025-02-21 18:00:00,17.0,77,4.9,991.6,44.0,54.2,,18,4,2
2025-02-21 19:00:00,16.1,81,5.4,992.0,55.4,65.0,,19,4,2
2025-02-21 20:00:00,15.3,83,5.3,992.1,58.8,67.5,,20,4,2
2025-02-21 21:00:00,14.5,84,5.3,992.0,58.8,67.1,,21,4,2
2025-02-21 22:00:00,13.8,86,5.6,992.2,60.5,68.7,,22,4,2
2025-02-21 23:00:00,13.7,87,6.2,992.2,59.8,67.8,,23,4,2
2025-02-22 00:00:00,13.4,87,5.8,991.4,55.9,63.3,,0,5,2
2025-02-22 01:00:00,13.1,87,6.4,991.0,52.2,59.4,,1,5,2
2025-02-22 02:00:00,13.0,86,7.1,990.8,49.0,55.6,,2,5,2
2025-02-22 03:00:00,12.5,86,5.3,990.4,43.4,49.4,,3,5,2
2025-02-22 04:00:00,12.2,86,6.7,990.0,38.2,42.8,,4,5,2
2025-02-22 05:00:00,11.6,87,6.9,989.9,39.0,42.8,,5,5,2
2025-02-22 06:00:00,13.2,87,6.4,990.2,39.3,42.7,,6,5,2
2025-02-22 07:00:00,12.7,88,6.1,990.7,42.8,45.9,,7,5,2
2025-02-22 08:00:00,13.6,87,6.8,991.4,46.8,48.8,,8,5,2
2025-02-22 09:00:00,15.5,81,3.4,992.3,43.1,45.2,,9,5,2
2025-02-22 10:00:00,17.6,73,3.1,992.8,36.6,39.0,,10,5,2
2025-02-22 11:00:00,19.4,63,3.3,992.8,24.7,28.2,,11,5,2
2025-02-22 12:00:00,20.6,56,4.4,992.3,16.2,20.6,,12,5,2
2025-02-22 13:00:00,21.4,51,5.7,991.5,14.7,19.6,,13,5,2
2025-02-22 14:00:00,21.9,48,6.2,990.7,14.7,19.8,,14,5,2
2025-02-22 15:00:00,21.9,47,6.2,990.1,14.9,20.1,,15,5,2
2025-02-22 16:00:00,21.6,48,6.4,989.9,15.3,20.4,,16,5,2
2025-02-22 17:00:00,20.4,58,4.6,989.9,19.6,24.0,,17,5,2
2025-02-22 18:00:00,18.5,67,5.2,990.2,36.1,40.2,,18,5,2
2025-02-22 19:00:00,17.7,69,4.6,990.9,53.7,57.7,,19,5,2
2025-02-22 20:00:00,17.2,69,2.9,991.2,68.9,73.1,,20,5,2
2025-02-22 21:00:00,16.7,69,1.9,991.5,80.8,85.7,,21,5,2
2025-02-22 22:00:00,16.2,70,0.8,991.8,91.5,97.3,,22,5,2
2025-02-22 23:00:00,15.2,74,0.7,991.7,101.5,108.3,,23,5,2
2025-02-23 00:00:00,14.6,76,0.7,991.5,108.3,115.0,,0,6,2
2025-02-23 01:00:00,13.9,78,1.5,991.5,112.2,119.0,,1,6,2
2025-02-23 02:00:00,13.1,81,2.8,991.2,112.0,118.7,,2,6,2
2025-02-23 03:00:00,12.4,82,4.2,990.9,108.5,115.7,,3,6,2
2025-02-23 04:00:00,11.8,84,3.4,990.8,108.0,114.8,,4,6,2
2025-02-23 05:00:00,11.0,87,3.6,991.1,89.4,96.2,,5,6,2
2025-02-23 06:00:00,12.1,82,3.1,990.9,89.4,96.4,,6,6,2
2025-02-23 07:00:00,12.0,84,2.7,991.6,96.4,103.6,,7,6,2
2025-02-23 08:00:00,13.7,81,4.1,992.4,108.3,115.0,,8,6,2
2025-02-23 09:00:00,16.4,75,1.7,993.2,86.4,92.2,,9,6,2
2025-02-23 10:00:00,19.1,65,2.1,993.9,65.7,70.1,,10,6,2
2025-02-23 11:00:00,21.0,58,2.9,993.8,51.0,54.4,,11,6,2
2025-02-23 12:00:00,22.5,49,4.4,993.1,36.1,39.0,,12,6,2
2025-02-23 13:00:00,23.4,42,6.1,992.2,22.3,25.8,,13,6,2
2025-02-23 14:00:00,23.7,37,7.5,991.3,17.5,22.2,,14,6,2
2025-02-23 15:00:00,23.6,37,7.6,990.5,16.7,22.4,,15,6,2
2025-02-23 16:00:00,23.1,40,6.8,990.3,16.4,22.5,,16,6,2
2025-02-23 17:00:00,21.6,55,4.0,990.1,21.1,27.1,,17,6,2
2025-02-23 18:00:00,19.5,60,5.3,990.5,48.0,54.1,,18,6,2
2025-02-23 19:00:00,18.5,62,4.9,991.1,67.8,74.0,,19,6,2
2025-02-23 20:00:00,17.7,63,4.2,991.7,83.6,89.9,,20,6,2
2025-02-23 21:00:00,17.1,63,2.2,991.9,95.5,102.9,,21,6,2
2025-02-23 22:00:00,16.6,63,0.6,992.2,103.6,112.5,,22,6,2
2025-02-23 23:00:00,15.8,65,0.6,992.1,109.9,119.2,,23,6,2
2025-02-24 00:00:00,15.1,67,1.2,992.1,112.5,122.5,,0,0,2
2025-02-24 01:00:00,14.5,69,1.3,991.9,112.5,122.9,,1,0,2
2025-02-24 02:00:00,13.6,72,1.0,991.7,110.6,120.6,,2,0,2
2025-02-24 03:00:00,11.9,78,4.4,991.9,110.6,120.6,,3,0,2
2025-02-24 04:00:00,10.9,83,5.6,991.4,109.7,119.2,,4,0,2
2025-02-24 05:00:00,10.4,86,3.8,991.6,109.4,119.0,,5,0,2
2025-02-24 06:00:00,11.6,86,1.1,992.1,114.3,123.4,,6,0,2
2025-02-24 07:00:00,11.5,87,0.6,992.6,125.7,135.0,,7,0,2
2025-02-24 08:00:00,13.2,84,0.9,993.4,139.2,148.5,,8,0,2
2025-02-24 09:00:00,17.0,76,1.7,994.5,103.1,109.7,,9,0,2
2025-02-24 10:00:00,20.5,62,0.6,995.1,70.3,75.7,,10,0,2
2025-02-24 11:00:00,22.6,52,2.2,994.9,43.2,48.2,,11,0,2
2025-02-24 12:00:00,24.0,46,4.0,994.3,20.1,23.8,,12,0,2
2025-02-24 13:00:00,24.9,38,5.6,993.1,15.3,18.5,,13,0,2
2025-02-24 14:00:00,25.3,33,6.8,992.1,14.4,17.6,,14,0,2
2025-02-24 15:00:00,25.2,32,7.5,991.4,13.6,16.9,,15,0,2
2025-02-24 16:00:00,24.6,35,6.9,991.3,13.1,16.3,,16,0,2
2025-02-24 17:00:00,22.9,54,3.9,991.1,21.7,26.5,,17,0,2
2025-02-24 18:00:00,20.4,62,5.8,992.0,40.6,45.5,,18,0,2
2025-02-24 19:00:00,19.6,66,3.9,992.5,59.5,64.5,,19,0,2
2025-02-24 20:00:00,19.0,67,0.6,992.6,72.9,77.8,,20,0,2
2025-02-24 21:00:00,17.7,71,2.1,992.9,83.1,88.7,,21,0,2
2025-02-24 22:00:00,17.0,72,2.7,993.1,95.5,102.4,,22,0,2
2025-02-24 23:00:00,16.5,71,2.4,993.0,106.6,115.0,,23,0,2
2025-02-25 00:00:00,15.8,74,2.4,992.6,112.7,121.5,,0,1,2
2025-02-25 01:00:00,15.5,74,1.5,992.1,115.3,123.4,,1,1,2
2025-02-25 02:00:00,15.6,74,0.4,991.6,112.2,120.6,,2,1,2
2025-02-25 03:00:00,14.8,80,2.5,991.2,112.9,121.5,,3,1,2
2025-02-25 04:00:00,14.3,83,2.8,991.5,105.5,113.6,,4,1,2
2025-02-25 05:00:00,15.0,79,7.4,991.7,75.2,85.2,,5,1,2
2025-02-25 06:00:00,15.9,83,2.1,991.6,65.0,74.7,,6,1,2
2025-02-25 07:00:00,15.4,86,3.0,992.2,63.1,74.5,,7,1,2
2025-02-25 08:00:00,15.9,86,0.7,992.8,65.9,77.5,,8,1,2
2025-02-25 09:00:00,16.7,87,5.2,994.4,67.8,79.9,,9,1,2
2025-02-25 10:00:00,16.4,78,8.0,995.0,68.2,82.7,,10,1,2
2025-02-25 11:00:00,17.1,80,5.5,995.5,60.5,77.5,,11,1,2
2025-02-25 12:00:00,18.0,72,5.3,995.2,52.0,67.8,,12,1,2
2025-02-25 13:00:00,19.1,70,9.0,994.0,54.1,81.7,,13,1,2
2025-02-25 14:00:00,19.6,69,9.4,993.3,52.2,79.2,,14,1,2
2025-02-25 15:00:00,19.9,72,10.3,992.9,41.9,66.4,,15,1,2
2025-02-25 16:00:00,20.0,71,10.5,992.9,35.3,57.5,,16,1,2
2025-02-25 17:00:00,19.6,71,8.8,992.8,38.6,45.9,,17,1,2
2025-02-25 18:00:00,17.9,82,7.5,992.4,42.5,48.5,,18,1,2
2025-02-25 19:00:00,17.5,83,8.4,992.7,45.6,51.7,,19,1,2
2025-02-25 20:00:00,17.2,84,8.0,992.5,47.1,53.7,,20,1,2
2025-02-25 21:00:00,17.0,83,6.8,992.7,46.2,53.9,,21,1,2
2025-02-25 22:00:00,16.7,84,8.1,992.7,43.4,52.5,,22,1,2
2025-02-25 23:00:00,16.5,82,6.6,992.6,40.2,49.9,,23,1,2
2025-02-26 00:00:00,16.4,78,7.5,992.3,37.0,46.9,,0,2,2
2025-02-26 01:00:00,16.5,74,8.6,991.8,34.8,44.9,,1,2,2
2025-02-26 02:00:00,16.3,74,6.7,991.7,32.9,43.8,,2,2,2
2025-02-26 03:00:00,16.3,73,11.2,991.0,31.2,42.4,,3,2,2
2025-02-26 04:00:00,16.5,72,11.8,990.5,30.6,41.9,,4,2,2
2025-02-26 05:00:00,16.3,73,12.1,990.4,27.7,51.5,,5,2,2
2025-02-26 06:00:00,16.6,81,9.2,991.0,26.0,51.8,,6,2,2
2025-02-26 07:00:00,17.0,81,10.1,992.1,26.8,54.4,,7,2,2
2025-02-26 08:00:00,18.3,76,11.2,992.7,29.1,57.6,,8,2,2
2025-02-26 09:00:00,20.3,71,9.4,993.7,30.9,58.9,,9,2,2
2025-02-26 10:00:00,21.9,65,10.2,994.4,30.4,66.4,,10,2,2
2025-02-26 11:00:00,23.6,58,11.2,994.2,29.6,68.0,,11,2,2
2025-02-26 12:00:00,25.0,54,12.0,993.1,28.3,65.2,,12,2,2
2025-02-26 13:00:00,26.4,48,10.7,991.8,28.7,61.5,,13,2,2
2025-02-26 14:00:00,26.6,47,9.5,990.4,30.2,60.3,,14,2,2
2025-02-26 15:00:00,26.1,48,10.6,990.0,31.5,60.8,,15,2,2
2025-02-26 16:00:00,26.0,51,5.4,989.0,32.5,61.9,,16,2,2
2025-02-26 17:00:00,24.8,61,5.7,989.3,34.9,58.0,,17,2,2
2025-02-26 18:00:00,22.5,69,4.7,989.8,46.3,71.5,,18,2,2
2025-02-26 19:00:00,21.2,77,3.2,990.4,50.1,73.8,,19,2,2
2025-02-26 20:00:00,17.2,85,13.1,991.2,42.4,63.6,,20,2,2
2025-02-26 21:00:00,16.8,87,12.3,991.6,29.0,56.2,,21,2,2
2025-02-26 22:00:00,17.2,84,13.0,991.8,25.6,52.4,,22,2,2
2025-02-26 23:00:00,16.9,85,12.7,991.8,25.3,52.9,,23,2,2
2025-02-27 00:00:00,17.0,83,10.8,990.6,24.1,56.9,,0,3,2
2025-02-27 01:00:00,16.8,84,9.3,990.4,23.4,59.8,,1,3,2
2025-02-27 02:00:00,16.3,85,12.4,989.9,22.6,56.5,,2,3,2
2025-02-27 03:00:00,16.2,83,12.4,988.8,21.5,51.1,,3,3,2
2025-02-27 04:00:00,16.2,81,10.5,988.4,21.1,49.2,,4,3,2
2025-02-27 05:00:00,15.7,81,6.0,988.8,23.6,53.8,,5,3,2
2025-02-27 06:00:00,16.4,88,11.7,988.6,21.8,54.9,,6,3,2
2025-02-27 07:00:00,16.5,90,11.4,988.4,21.4,56.0,,7,3,2
2025-02-27 08:00:00,17.3,91,10.6,989.0,22.7,56.2,,8,3,2
2025-02-27 09:00:00,18.2,90,10.4,990.3,23.8,55.1,,9,3,2
2025-02-27 10:00:00,19.3,85,14.7,990.7,23.6,61.0,,10,3,2
2025-02-27 11:00:00,19.7,84,12.6,990.3,23.9,59.8,,11,3,2
2025-02-27 12:00:00,20.8,78,12.7,989.5,24.0,57.4,,12,3,2
2025-02-27 13:00:00,19.3,81,12.1,988.6,25.7,60.5,,13,3,2
2025-02-27 14:00:00,20.4,78,14.2,987.4,27.8,58.9,,14,3,2
2025-02-27 15:00:00,19.4,81,10.3,987.1,28.9,55.9,,15,3,2
2025-02-27 16:00:00,18.3,86,9.4,986.5,29.4,52.9,,16,3,2
2025-02-27 17:00:00,18.5,89,8.6,986.1,35.2,61.5,,17,3,2
2025-02-27 18:00:00,17.1,95,13.0,986.0,37.1,78.2,,18,3,2
2025-02-27 19:00:00,17.0,95,13.6,987.0,38.5,85.0,,19,3,2
2025-02-27 20:00:00,16.8,95,15.4,987.2,38.9,95.2,,20,3,2
2025-02-27 21:00:00,16.7,96,13.6,987.5,40.2,93.1,,21,3,2
2025-02-27 22:00:00,16.4,97,13.1,987.0,39.3,95.7,,22,3,2
2025-02-27 23:00:00,16.0,97,8.8,986.8,39.5,96.4,,23,3,2
2025-02-28 00:00:00,15.9,95,11.3,986.2,39.2,93.4,,0,4,2
2025-02-28 01:00:00,15.8,93,13.0,985.1,39.3,89.4,,1,4,2
2025-02-28 02:00:00,15.4,96,9.4,984.3,37.8,81.7,,2,4,2
2025-02-28 03:00:00,15.1,97,9.4,983.9,34.6,72.4,,3,4,2
2025-02-28 04:00:00,14.9,97,8.4,983.1,31.4,63.3,,4,4,2
2025-02-28 05:00:00,14.9,97,6.6,982.8,33.8,43.7,,5,4,2
2025-02-28 06:00:00,15.1,96,3.0,983.0,34.2,43.5,,6,4,2
2025-02-28 07:00:00,15.2,96,5.7,982.9,40.9,51.5,,7,4,2
2025-02-28 08:00:00,16.0,93,6.6,984.4,43.2,57.5,,8,4,2
2025-02-28 09:00:00,17.0,90,7.8,985.6,42.4,63.6,,9,4,2
2025-02-28 10:00:00,18.2,84,7.4,986.4,34.1,54.0,,10,4,2
2025-02-28 11:00:00,19.5,76,3.9,986.5,28.6,47.6,,11,4,2
2025-02-28 12:00:00,20.7,69,3.1,986.2,29.5,50.4,,12,4,2
2025-02-28 13:00:00,20.7,66,4.9,985.3,29.7,51.3,,13,4,2
2025-02-28 14:00:00,20.7,66,4.4,984.1,30.2,51.0,,14,4,2
2025-02-28 15:00:00,21.1,63,1.0,983.4,36.2,59.0,,15,4,2
2025-02-28 16:00:00,20.8,63,1.4,983.4,38.6,60.8,,16,4,2
2025-02-28 17:00:00,19.7,71,6.8,983.8,34.8,47.6,,17,4,2
2025-02-28 18:00:00,18.0,83,1.0,984.6,38.8,51.3,,18,4,2
2025-02-28 19:00:00,15.7,88,18.1,986.1,48.0,59.0,,19,4,2
2025-02-28 20:00:00,14.6,91,10.6,986.6,56.1,65.7,,20,4,2
2025-02-28 21:00:00,14.0,92,8.5,987.1,59.8,67.8,,21,4,2
2025-02-28 22:00:00,13.8,94,8.5,987.9,56.8,63.3,,22,4,2
2025-02-28 23:00:00,13.6,96,8.5,987.9,51.2,56.5,,23,4,2
2025-03-01 00:00:00,13.6,97,8.5,987.7,45.4,49.8,,0,5,3
2025-03-01 01:00:00,13.4,98,6.8,987.7,39.9,44.0,,1,5,3
2025-03-01 02:00:00,12.8,99,6.2,987.2,36.1,39.7,,2,5,3
2025-03-01 03:00:00,11.7,100,5.2,987.1,34.1,37.5,,3,5,3
2025-03-01 04:00:00,11.6,100,5.6,987.2,32.7,35.6,,4,5,3
2025-03-01 05:00:00,11.7,99,6.5,987.4,22.9,25.6,,5,5,3
2025-03-01 06:00:00,12.6,100,6.5,988.0,23.7,26.8,,6,5,3
2025-03-01 07:00:00,12.7,99,6.4,989.0,28.8,32.4,,7,5,3
2025-03-01 08:00:00,13.3,98,8.2,990.1,32.8,38.1,,8,5,3
2025-03-01 09:00:00,14.4,95,7.6,991.1,37.5,48.0,,9,5,3
2025-03-01 10:00:00,16.5,87,6.6,991.6,38.8,54.1,,10,5,3
2025-03-01 11:00:00,18.7,80,5.4,991.5,36.4,53.1,,11,5,3
2025-03-01 12:00:00,20.2,75,4.4,990.8,33.6,49.6,,12,5,3
2025-03-01 13:00:00,21.4,68,3.3,989.7,31.4,45.9,,13,5,3
2025-03-01 14:00:00,22.0,61,2.7,988.6,29.2,42.0,,14,5,3
2025-03-01 15:00:00,22.2,58,3.4,988.1,27.9,39.3,,15,5,3
2025-03-01 16:00:00,22.0,59,5.3,987.9,27.6,37.7,,16,5,3
2025-03-01 17:00:00,21.1,65,5.3,987.8,14.3,15.2,,17,5,3
2025-03-01 18:00:00,19.1,69,6.5,988.6,21.0,21.6,,18,5,3
2025-03-01 19:00:00,17.8,75,6.7,989.3,27.4,27.8,,19,5,3
2025-03-01 20:00:00,16.6,80,5.8,989.8,32.7,33.6,,20,5,3
2025-03-01 21:00:00,16.0,81,6.0,989.9,39.5,40.6,,21,5,3
2025-03-01 22:00:00,15.4,81,6.0,989.9,45.6,47.7,,22,5,3
2025-03-01 23:00:00,14.6,82,6.0,989.9,45.5,48.5,,23,5,3
2025-03-02 00:00:00,14.3,79,6.6,989.4,38.8,42.7,,0,6,3
2025-03-02 01:00:00,14.0,77,7.2,988.9,34.9,39.8,,1,6,3
2025-03-02 02:00:00,13.2,77,7.6,988.4,32.8,38.6,,2,6,3
2025-03-02 03:00:00,12.4,77,7.3,988.0,33.2,39.5,,3,6,3
2025-03-02 04:00:00,12.0,75,7.8,987.5,35.7,41.8,,4,6,3
2025-03-02 05:00:00,11.5,74,7.3,987.4,50.5,56.6,,5,6,3
2025-03-02 06:00:00,12.5,80,6.0,988.1,52.6,59.5,,6,6,3
2025-03-02 07:00:00,12.7,78,6.3,988.6,60.8,68.9,,7,6,3
2025-03-02 08:00:00,14.3,75,8.0,989.2,60.8,67.5,,8,6,3
2025-03-02 09:00:00,16.8,69,5.5,989.8,56.5,63.6,,9,6,3
2025-03-02 10:00:00,19.0,64,5.0,990.2,50.5,59.6,,10,6,3
2025-03-02 11:00:00,20.7,54,6.7,990.1,37.1,47.6,,11,6,3
2025-03-02 12:00:00,21.8,46,8.0,989.2,24.9,34.2,,12,6,3
2025-03-02 13:00:00,22.3,42,8.3,988.1,21.4,29.3,,13,6,3
2025-03-02 14:00:00,22.6,40,8.4,986.9,19.8,26.7,,14,6,3
2025-03-02 15:00:00,22.4,40,8.4,985.7,18.6,24.7,,15,6,3
2025-03-02 16:00:00,21.9,43,7.4,985.2,18.6,24.2,,16,6,3
2025-03-02 17:00:00,20.6,58,3.3,984.8,22.1,25.1,,17,6,3
2025-03-02 18:00:00,18.4,62,4.2,985.1,38.5,41.8,,18,6,3
2025-03-02 19:00:00,17.4,63,3.3,985.3,55.6,58.9,,19,6,3
2025-03-02 20:00:00,16.4,67,3.3,985.5,71.7,75.0,,20,6,3
2025-03-02 21:00:00,15.7,69,3.3,986.0,83.6,86.8,,21,6,3
2025-03-02 22:00:00,15.2,69,2.4,986.2,91.3,94.5,,22,6,3
2025-03-02 23:00:00,14.3,71,1.5,986.1,93.8,97.3,,23,6,3
2025-03-03 00:00:00,12.9,77,3.9,985.8,92.2,95.5,,0,0,3
2025-03-03 01:00:00,11.9,81,5.7,985.4,88.9,92.2,,1,0,3
2025-03-03 02:00:00,11.8,80,6.2,985.1,83.1,86.1,,2,0,3
2025-03-03 03:00:00,12.1,77,8.2,984.4,74.0,76.4,,3,0,3
2025-03-03 04:00:00,12.2,76,10.0,984.0,62.6,64.7,,4,0,3
2025-03-03 05:00:00,12.4,76,10.1,984.3,62.2,64.3,,5,0,3
2025-03-03 06:00:00,13.5,83,5.2,986.2,58.3,60.5,,6,0,3
2025-03-03 07:00:00,13.3,85,7.8,986.5,55.9,57.9,,7,0,3
2025-03-03 08:00:00,14.2,87,8.6,987.3,54.1,56.1,,8,0,3
2025-03-03 09:00:00,16.2,82,6.7,988.1,53.9,56.0,,9,0,3
2025-03-03 10:00:00,16.4,79,9.7,988.4,47.3,51.7,,10,0,3
2025-03-03 11:00:00,18.1,66,12.1,988.0,31.4,40.4,,11,0,3
2025-03-03 12:00:00,18.6,64,10.9,987.6,26.2,39.1,,12,0,3
2025-03-03 13:00:00,19.5,60,11.1,986.4,24.0,39.8,,13,0,3
2025-03-03 14:00:00,20.1,60,13.7,985.2,22.8,40.3,,14,0,3
2025-03-03 15:00:00,20.4,56,14.7,984.1,22.8,40.9,,15,0,3
2025-03-03 16:00:00,20.4,59,12.4,983.6,23.5,41.4,,16,0,3
2025-03-03 17:00:00,19.7,69,7.1,983.4,32.4,55.6,,17,0,3
2025-03-03 18:00:00,18.0,77,4.3,984.3,40.3,61.7,,18,0,3
2025-03-03 19:00:00,16.7,81,5.4,984.3,55.2,78.9,,19,0,3
2025-03-03 20:00:00,16.0,84,5.6,984.6,69.4,94.1,,20,0,3
2025-03-03 21:00:00,15.0,86,4.8,984.9,74.5,95.7,,21,0,3
2025-03-03 22:00:00,14.2,87,4.8,985.2,67.8,87.5,,22,0,3
2025-03-03 23:00:00,13.7,87,11.4,985.5,56.5,75.9,,23,0,3
2025-03-04 00:00:00,12.7,89,6.9,985.2,46.2,60.5,,0,1,3
2025-03-04 01:00:00,12.3,89,7.9,984.9,34.8,56.3,,1,1,3
2025-03-04 02:00:00,11.6,92,8.2,985.2,33.5,56.3,,2,1,3
2025-03-04 03:00:00,11.1,93,12.5,985.9,33.4,56.8,,3,1,3
2025-03-04 04:00:00,11.0,87,13.0,985.6,34.0,57.6,,4,1,3
2025-03-04 05:00:00,11.0,83,11.7,985.6,34.6,57.3,,5,1,3
2025-03-04 06:00:00,11.2,90,9.3,986.5,34.2,58.9,,6,1,3
2025-03-04 07:00:00,11.2,90,6.1,987.4,36.6,65.0,,7,1,3
2025-03-04 08:00:00,12.4,88,4.1,988.4,40.3,67.1,,8,1,3
2025-03-04 09:00:00,14.2,81,3.6,990.4,39.6,84.3,,9,1,3
2025-03-04 10:00:00,16.1,75,4.7,991.4,41.3,91.0,,10,1,3
2025-03-04 11:00:00,17.7,67,6.8,991.5,42.8,95.2,,11,1,3
2025-03-04 12:00:00,18.8,57,9.4,991.6,36.6,80.1,,12,1,3
2025-03-04 13:00:00,19.3,53,10.4,991.1,31.9,65.2,,13,1,3
2025-03-04 14:00:00,19.6,51,12.7,990.7,30.3,58.2,,14,1,3
2025-03-04 15:00:00,19.6,47,12.3,990.6,29.0,53.7,,15,1,3
2025-03-04 16:00:00,19.0,49,12.7,990.6,27.6,49.0,,16,1,3
2025-03-04 17:00:00,18.0,55,10.1,990.7,20.4,32.7,,17,1,3
2025-03-04 18:00:00,16.4,66,6.0,991.3,25.6,34.5,,18,1,3
2025-03-04 19:00:00,15.5,69,7.1,991.5,32.9,39.9,,19,1,3
2025-03-04 20:00:00,14.7,69,7.8,991.8,35.6,41.0,,20,1,3
2025-03-04 21:00:00,13.8,69,7.2,992.0,36.1,39.9,,21,1,3
2025-03-04 22:00:00,12.7,71,6.6,992.2,36.2,38.6,,22,1,3
2025-03-04 23:00:00,12.1,71,7.6,992.2,35.0,36.4,,23,1,3
2025-03-05 00:00:00,11.7,71,7.8,991.8,31.4,32.2,,0,2,3
2025-03-05 01:00:00,11.5,71,7.5,991.6,28.1,28.4,,1,2,3
2025-03-05 02:00:00,11.3,71,9.6,991.2,25.7,25.8,,2,2,3
2025-03-05 03:00:00,11.1,72,10.2,990.8,23.8,24.0,,3,2,3
2025-03-05 04:00:00,10.9,72,10.4,990.4,22.5,22.8,,4,2,3
2025-03-05 05:00:00,10.8,72,10.7,990.4,21.0,21.4,,5,2,3
2025-03-05 06:00:00,11.0,73,11.3,990.2,20.4,21.1,,6,2,3
2025-03-05 07:00:00,11.0,72,11.4,990.4,21.5,22.2,,7,2,3
2025-03-05 08:00:00,12.6,66,12.0,991.2,21.7,22.2,,8,2,3
2025-03-05 09:00:00,14.9,63,9.4,991.7,21.8,22.1,,9,2,3
2025-03-05 10:00:00,17.3,57,10.2,991.8,18.0,18.3,,10,2,3
2025-03-05 11:00:00,19.2,49,14.0,991.3,13.0,13.9,,11,2,3
2025-03-05 12:00:00,20.4,41,16.3,990.6,13.0,14.8,,12,2,3
2025-03-05 13:00:00,21.2,40,15.9,989.4,13.3,15.4,,13,2,3
2025-03-05 14:00:00,21.7,38,16.3,988.3,13.1,15.3,,14,2,3
2025-03-05 15:00:00,21.5,40,16.7,987.5,13.0,14.8,,15,2,3
2025-03-05 16:00:00,21.0,43,15.0,987.2,12.9,14.3,,16,2,3
2025-03-05 17:00:00,20.0,48,11.9,987.0,6.8,6.8,,17,2,3
2025-03-05 18:00:00,18.4,53,9.5,987.4,9.0,9.2,,18,2,3
2025-03-05 19:00:00,17.4,53,12.1,987.9,12.4,12.9,,19,2,3
2025-03-05 20:00:00,16.3,57,10.6,988.1,14.3,14.9,,20,2,3
2025-03-05 21:00:00,15.5,59,10.3,988.4,15.7,16.3,,21,2,3
2025-03-05 22:00:00,14.6,61,9.4,988.1,17.2,17.9,,22,2,3
2025-03-05 23:00:00,14.0,63,9.2,987.7,18.2,18.9,,23,2,3
2025-03-06 00:00:00,13.6,64,9.0,987.2,18.0,18.7,,0,3,3
2025-03-06 01:00:00,13.3,65,8.9,986.6,18.0,18.9,,1,3,3
2025-03-06 02:00:00,12.7,67,8.3,986.1,18.3,19.2,,2,3,3
2025-03-06 03:00:00,12.0,70,7.0,985.4,18.2,19.0,,3,3,3
2025-03-06 04:00:00,11.6,71,5.8,985.3,18.2,18.9,,4,3,3
2025-03-06 05:00:00,10.9,74,6.6,985.6,17.1,18.0,,5,3,3
2025-03-06 06:00:00,11.2,76,5.9,985.7,18.0,18.8,,6,3,3
2025-03-06 07:00:00,11.4,76,4.2,986.0,22.7,23.8,,7,3,3
2025-03-06 08:00:00,13.4,71,4.6,987.1,26.7,27.9,,8,3,3
2025-03-06 09:00:00,15.8,66,1.9,987.5,26.1,27.4,,9,3,3
2025-03-06 10:00:00,18.2,59,0.5,987.6,24.6,25.4,,10,3,3
2025-03-06 11:00:00,20.2,54,1.1,987.6,21.8,22.1,,11,3,3
2025-03-06 12:00:00,21.8,50,1.7,987.2,13.4,13.8,,12,3,3
2025-03-06 13:00:00,23.1,45,2.2,986.3,11.6,12.3,,13,3,3
2025-03-06 14:00:00,23.9,41,2.7,985.9,11.1,11.9,,14,3,3
2025-03-06 15:00:00,24.2,38,3.1,985.5,11.1,11.9,,15,3,3
2025-03-06 16:00:00,24.0,39,4.1,985.2,11.4,12.3,,16,3,3
2025-03-06 17:00:00,22.6,57,3.1,985.0,14.4,14.4,,17,3,3
2025-03-06 18:00:00,20.6,61,2.1,985.9,40.5,40.5,,18,3,3
2025-03-06 19:00:00,18.8,68,2.1,986.2,61.9,61.9,,19,3,3
2025-03-06 20:00:00,17.1,75,2.5,986.7,78.2,78.5,,20,3,3
2025-03-06 21:00:00,15.8,80,2.3,987.1,88.7,89.6,,21,3,3
2025-03-06 22:00:00,14.7,84,2.3,987.0,94.8,96.6,,22,3,3
2025-03-06 23:00:00,13.9,86,2.3,986.7,95.9,98.5,,23,3,3
2025-03-07 00:00:00,13.0,88,2.0,986.6,91.3,94.1,,0,4,3
2025-03-07 01:00:00,12.2,89,2.5,986.1,87.3,90.1,,1,4,3
2025-03-07 02:00:00,11.6,90,2.1,985.4,84.8,87.5,,2,4,3
2025-03-07 03:00:00,11.5,88,0.6,985.0,83.4,86.1,,3,4,3
2025-03-07 04:00:00,11.4,88,0.2,985.0,82.4,85.2,,4,4,3
2025-03-07 05:00:00,10.3,93,3.3,984.5,78.5,81.5,,5,4,3
2025-03-07 06:00:00,10.9,94,4.4,985.4,79.2,82.2,,6,4,3
2025-03-07 07:00:00,11.6,92,4.8,985.7,88.5,91.7,,7,4,3
2025-03-07 08:00:00,14.0,85,3.6,986.4,100.8,104.3,,8,4,3
2025-03-07 09:00:00,16.7,78,2.9,986.9,77.8,79.2,,9,4,3
2025-03-07 10:00:00,19.5,67,1.8,987.2,68.0,68.7,,10,4,3
2025-03-07 11:00:00,21.7,57,0.9,986.9,62.4,63.8,,11,4,3
2025-03-07 12:00:00,23.4,49,1.7,986.3,48.4,50.8,,12,4,3
2025-03-07 13:00:00,24.7,44,3.7,985.6,31.7,33.8,,13,4,3
2025-03-07 14:00:00,25.6,39,4.8,984.6,27.4,29.1,,14,4,3
2025-03-07 15:00:00,25.8,35,7.1,984.0,24.7,26.2,,15,4,3
2025-03-07 16:00:00,25.3,36,8.4,983.5,22.9,24.4,,16,4,3
2025-03-07 17:00:00,23.8,49,5.3,983.3,18.1,18.1,,17,4,3
2025-03-07 18:00:00,22.2,54,3.2,983.4,28.4,28.4,,18,4,3
2025-03-07 19:00:00,20.4,58,6.3,983.6,46.2,46.2,,19,4,3
2025-03-07 20:00:00,19.2,63,5.0,984.0,59.4,59.4,,20,4,3
2025-03-07 21:00:00,18.6,65,3.9,984.4,66.1,66.1,,21,4,3
2025-03-07 22:00:00,17.7,65,6.2,984.4,68.9,68.9,,22,4,3
2025-03-07 23:00:00,18.0,60,4.2,984.2,73.3,73.3,,23,4,3
2025-03-08 00:00:00,15.9,70,3.9,984.1,78.5,78.5,,0,5,3
2025-03-08 01:00:00,14.0,79,5.2,983.8,83.4,83.4,,1,5,3
2025-03-08 02:00:00,13.1,81,3.4,983.4,85.4,85.7,,2,5,3
2025-03-08 03:00:00,12.7,83,3.7,982.9,84.1,84.8,,3,5,3
2025-03-08 04:00:00,12.8,84,5.6,982.7,78.0,78.9,,4,5,3
2025-03-08 05:00:00,13.0,82,4.0,982.7,89.4,91.7,,5,5,3
2025-03-08 06:00:00,13.4,85,3.6,982.8,86.1,88.5,,6,5,3
2025-03-08 07:00:00,14.2,83,6.1,983.3,89.6,92.2,,7,5,3
2025-03-08 08:00:00,17.3,71,8.8,983.7,81.5,83.6,,8,5,3
2025-03-08 09:00:00,21.0,63,7.7,984.1,55.5,56.6,,9,5,3
2025-03-08 10:00:00,24.0,51,6.6,984.5,32.6,33.9,,10,5,3
2025-03-08 11:00:00,26.0,37,9.9,984.3,17.9,20.3,,11,5,3
2025-03-08 12:00:00,26.8,33,11.5,984.1,13.8,17.0,,12,5,3
2025-03-08 13:00:00,27.2,32,10.7,983.1,11.7,15.3,,13,5,3
2025-03-08 14:00:00,27.3,31,9.7,982.5,10.5,14.3,,14,5,3
2025-03-08 15:00:00,27.4,29,9.0,981.8,10.0,13.6,,15,5,3
2025-03-08 16:00:00,26.9,29,8.8,981.7,10.0,13.3,,16,5,3
2025-03-08 17:00:00,25.2,43,4.6,981.5,11.0,13.3,,17,5,3
2025-03-08 18:00:00,22.9,52,4.2,982.1,21.5,23.2,,18,5,3
2025-03-08 19:00:00,21.2,56,3.6,982.6,36.6,38.1,,19,5,3
2025-03-08 20:00:00,19.9,61,2.8,982.9,49.5,51.3,,20,5,3
2025-03-08 21:00:00,18.5,65,1.3,983.5,59.8,62.2,,21,5,3
2025-03-08 22:00:00,16.1,74,6.6,983.9,72.9,75.9,,22,5,3
2025-03-08 23:00:00,15.9,73,5.0,984.2,76.4,80.3,,23,5,3
2025-03-09 00:00:00,15.4,73,5.2,984.2,68.0,71.2,,0,6,3
2025-03-09 01:00:00,14.3,78,6.5,983.8,61.5,64.0,,1,6,3
2025-03-09 02:00:00,13.9,80,6.3,983.7,57.9,59.8,,2,6,3
2025-03-09 03:00:00,13.2,83,6.1,983.3,55.2,57.2,,3,6,3
2025-03-09 04:00:00,12.8,85,6.0,983.4,53.6,55.8,,4,6,3
2025-03-09 05:00:00,12.6,86,6.3,983.3,49.9,52.0,,5,6,3
2025-03-09 06:00:00,12.7,89,4.9,984.2,50.9,53.1,,6,6,3
2025-03-09 07:00:00,13.0,89,5.2,985.2,54.5,56.9,,7,6,3
2025-03-09 08:00:00,15.3,82,6.1,986.6,56.0,58.3,,8,6,3
2025-03-09 09:00:00,18.3,72,3.1,987.9,53.3,57.5,,9,6,3
2025-03-09 10:00:00,21.6,62,4.1,988.2,46.0,53.9,,10,6,3
2025-03-09 11:00:00,24.5,51,4.6,988.6,32.8,43.4,,11,6,3
2025-03-09 12:00:00,26.5,42,5.6,988.4,22.6,29.6,,12,6,3
2025-03-09 13:00:00,27.6,37,5.4,987.5,17.6,22.5,,13,6,3
2025-03-09 14:00:00,28.1,35,5.2,986.8,16.7,21.1,,14,6,3
2025-03-09 15:00:00,28.0,35,6.5,986.1,16.7,20.9,,15,6,3
2025-03-09 16:00:00,27.4,37,8.4,985.7,16.9,21.0,,16,6,3
2025-03-09 17:00:00,26.1,44,6.6,986.2,21.9,25.4,,17,6,3
2025-03-09 18:00:00,23.4,64,3.8,987.4,28.9,31.4,,18,6,3
2025-03-09 19:00:00,21.5,67,4.8,987.7,32.7,34.6,,19,6,3
2025-03-09 20:00:00,20.5,67,7.7,988.0,32.1,33.3,,20,6,3
2025-03-09 21:00:00,19.8,70,8.2,988.6,31.7,32.5,,21,6,3
2025-03-09 22:00:00,20.0,69,8.3,988.6,32.2,32.8,,22,6,3
2025-03-09 23:00:00,19.4,69,7.6,988.7,32.9,33.5,,23,6,3
2025-03-10 00:00:00,19.0,69,8.1,988.5,32.9,33.5,,0,0,3
2025-03-10 01:00:00,19.2,69,6.8,988.3,33.8,34.8,,1,0,3
2025-03-10 02:00:00,18.4,74,6.0,988.4,35.9,36.8,,2,0,3
2025-03-10 03:00:00,17.9,77,6.5,988.2,37.1,38.3,,3,0,3
2025-03-10 04:00:00,17.8,77,8.4,987.9,39.3,40.7,,4,0,3
2025-03-10 05:00:00,17.5,77,9.2,988.1,42.5,42.5,,5,0,3
2025-03-10 06:00:00,17.2,84,8.0,989.7,43.2,43.5,,6,0,3
2025-03-10 07:00:00,18.1,76,8.7,990.3,44.2,45.3,,7,0,3
2025-03-10 08:00:00,19.6,67,9.3,991.6,46.6,47.7,,8,0,3
2025-03-10 09:00:00,21.4,64,10.7,992.2,43.3,48.3,,9,0,3
2025-03-10 10:00:00,24.7,55,11.4,992.4,36.2,54.2,,10,0,3
2025-03-10 11:00:00,26.6,48,11.5,992.5,36.3,96.2,,11,0,3
2025-03-10 12:00:00,27.9,44,10.9,992.0,36.3,119.7,,12,0,3
2025-03-10 13:00:00,28.7,40,12.5,991.2,33.9,116.2,,13,0,3
2025-03-10 14:00:00,28.7,42,14.0,990.2,33.3,116.4,,14,0,3
2025-03-10 15:00:00,27.3,51,14.6,989.7,34.1,122.5,,15,0,3
2025-03-10 16:00:00,26.4,54,15.8,989.0,35.4,129.9,,16,0,3
2025-03-10 17:00:00,25.4,56,14.9,988.9,36.4,116.9,,17,0,3
2025-03-10 18:00:00,25.0,63,7.5,989.6,37.0,84.1,,18,0,3
2025-03-10 19:00:00,23.3,70,8.4,989.7,38.5,68.0,,19,0,3
2025-03-10 20:00:00,22.1,74,8.4,990.0,37.8,58.0,,20,0,3
2025-03-10 21:00:00,21.1,75,7.9,990.3,37.1,53.6,,21,0,3
2025-03-10 22:00:00,20.2,74,9.6,990.4,36.9,51.8,,22,0,3
2025-03-10 23:00:00,19.4,73,9.4,990.0,36.4,50.6,,23,0,3
2025-03-11 00:00:00,18.6,72,8.7,989.7,35.0,49.1,,0,1,3
2025-03-11 01:00:00,17.9,70,8.8,989.7,33.5,47.5,,1,1,3
2025-03-11 02:00:00,17.1,68,8.8,989.5,31.8,47.0,,2,1,3
2025-03-11 03:00:00,16.5,65,10.3,989.4,29.6,44.8,,3,1,3
2025-03-11 04:00:00,16.3,60,10.1,988.9,27.8,42.3,,4,1,3
2025-03-11 05:00:00,15.9,61,8.9,988.7,25.7,56.3,,5,1,3
2025-03-11 06:00:00,17.0,71,6.8,989.1,23.5,44.4,,6,1,3
2025-03-11 07:00:00,17.1,73,7.1,990.3,25.1,42.3,,7,1,3
2025-03-11 08:00:00,18.9,66,7.8,990.9,28.3,41.6,,8,1,3
2025-03-11 09:00:00,21.0,62,4.7,991.3,27.9,45.9,,9,1,3
2025-03-11 10:00:00,23.5,55,5.5,991.3,28.2,53.2,,10,1,3
2025-03-11 11:00:00,25.2,52,5.2,991.2,29.5,62.9,,11,1,3
2025-03-11 12:00:00,26.9,48,7.1,990.5,30.7,73.1,,12,1,3
2025-03-11 13:00:00,27.9,45,6.7,989.5,31.4,80.1,,13,1,3
2025-03-11 14:00:00,28.5,43,7.7,988.6,31.2,83.6,,14,1,3
2025-03-11 15:00:00,28.5,41,9.0,988.1,30.3,82.4,,15,1,3
2025-03-11 16:00:00,27.8,41,9.6,987.8,29.9,81.3,,16,1,3
2025-03-11 17:00:00,26.6,45,11.4,987.3,29.4,87.3,,17,1,3
2025-03-11 18:00:00,23.7,63,4.0,987.8,34.3,82.9,,18,1,3
2025-03-11 19:00:00,22.4,69,4.0,987.5,45.3,97.1,,19,1,3
2025-03-11 20:00:00,21.2,71,5.2,987.7,53.7,103.4,,20,1,3
2025-03-11 21:00:00,20.4,74,5.1,987.6,55.6,101.0,,21,1,3
2025-03-11 22:00:00,20.0,75,4.3,987.4,56.9,102.9,,22,1,3
2025-03-11 23:00:00,19.5,76,3.1,987.0,59.1,106.4,,23,1,3
2025-03-12 00:00:00,18.9,78,3.5,986.6,56.8,99.7,,0,2,3
2025-03-12 01:00:00,18.3,81,5.5,986.2,52.9,88.5,,1,2,3
2025-03-12 02:00:00,18.1,80,5.6,985.5,48.7,82.0,,2,2,3
2025-03-12 03:00:00,17.6,80,5.6,984.9,45.8,79.4,,3,2,3
2025-03-12 04:00:00,17.4,79,7.9,984.7,43.4,76.4,,4,2,3
2025-03-12 05:00:00,17.0,79,6.6,984.6,29.8,52.4,,5,2,3
2025-03-12 06:00:00,17.4,77,8.8,985.2,26.8,46.3,,6,2,3
2025-03-12 07:00:00,17.3,77,7.6,985.8,26.4,43.2,,7,2,3
2025-03-12 08:00:00,18.6,74,4.8,986.1,26.1,40.7,,8,2,3
2025-03-12 09:00:00,20.6,66,5.3,986.8,23.2,40.5,,9,2,3
2025-03-12 10:00:00,22.8,57,5.7,987.2,22.2,41.1,,10,2,3
2025-03-12 11:00:00,24.9,51,5.3,987.1,20.7,47.4,,11,2,3
2025-03-12 12:00:00,26.7,44,6.3,986.1,22.4,68.5,,12,2,3
2025-03-12 13:00:00,27.7,40,7.1,985.2,26.3,90.6,,13,2,3
2025-03-12 14:00:00,28.0,39,8.2,984.2,28.8,100.4,,14,2,3
2025-03-12 15:00:00,27.9,39,8.3,983.6,29.8,102.4,,15,2,3
2025-03-12 16:00:00,27.2,41,9.0,983.1,30.2,102.7,,16,2,3
2025-03-12 17:00:00,25.7,46,10.4,982.7,23.9,82.7,,17,2,3
2025-03-12 18:00:00,24.4,56,4.3,982.9,27.4,73.3,,18,2,3
2025-03-12 19:00:00,23.1,60,4.5,983.1,34.5,75.2,,19,2,3
2025-03-12 20:00:00,22.2,62,5.1,983.3,34.9,68.7,,20,2,3
2025-03-12 21:00:00,21.4,63,5.5,983.5,35.0,65.7,,21,2,3
2025-03-12 22:00:00,20.3,69,5.2,983.5,37.3,68.0,,22,2,3
2025-03-12 23:00:00,19.7,71,5.7,983.5,39.9,72.6,,23,2,3
2025-03-13 00:00:00,19.3,71,6.4,983.3,43.0,78.5,,0,3,3
2025-03-13 01:00:00,18.8,72,6.4,982.7,46.2,82.7,,1,3,3
2025-03-13 02:00:00,18.5,73,6.7,982.2,49.8,90.8,,2,3,3
2025-03-13 03:00:00,17.5,76,5.5,981.4,53.6,98.5,,3,3,3
2025-03-13 04:00:00,16.8,79,5.2,980.9,55.6,102.4,,4,3,3
2025-03-13 05:00:00,16.3,80,5.2,981.2,62.4,96.2,,5,3,3
2025-03-13 06:00:00,16.9,84,4.0,982.2,41.3,62.6,,6,3,3
2025-03-13 07:00:00,17.3,81,8.3,983.1,33.5,53.1,,7,3,3
2025-03-13 08:00:00,18.5,74,9.6,984.1,29.2,50.1,,8,3,3
2025-03-13 09:00:00,20.3,66,7.4,984.5,26.3,49.9,,9,3,3
2025-03-13 10:00:00,22.7,57,4.5,984.6,26.4,61.9,,10,3,3
2025-03-13 11:00:00,24.2,53,10.1,984.6,26.7,73.8,,11,3,3
2025-03-13 12:00:00,25.2,48,7.6,983.9,27.4,83.8,,12,3,3
2025-03-13 13:00:00,26.1,45,4.8,983.2,28.1,84.8,,13,3,3
2025-03-13 14:00:00,26.6,43,5.2,982.1,27.5,79.9,,14,3,3
2025-03-13 15:00:00,26.6,42,9.7,981.6,25.8,71.7,,15,3,3
2025-03-13 16:00:00,23.6,57,16.6,981.9,24.4,66.6,,16,3,3
2025-03-13 17:00:00,23.1,58,11.5,982.2,17.9,42.0,,17,3,3
2025-03-13 18:00:00,23.0,50,11.4,981.5,19.3,42.0,,18,3,3
2025-03-13 19:00:00,21.8,60,11.1,982.0,26.4,47.7,,19,3,3
2025-03-13 20:00:00,21.0,66,8.4,982.6,36.7,59.6,,20,3,3
2025-03-13 21:00:00,19.8,73,6.6,983.3,45.4,69.4,,21,3,3
2025-03-13 22:00:00,18.9,78,5.3,983.3,54.6,78.7,,22,3,3
2025-03-13 23:00:00,18.1,82,4.6,983.1,59.1,82.7,,23,3,3
2025-03-14 00:00:00,17.3,85,4.0,982.9,54.1,75.4,,0,4,3
2025-03-14 01:00:00,17.1,86,4.9,982.6,48.8,69.6,,1,4,3
2025-03-14 02:00:00,16.4,88,5.2,981.9,46.3,67.5,,2,4,3
2025-03-14 03:00:00,15.8,89,5.2,981.5,45.1,65.2,,3,4,3
2025-03-14 04:00:00,15.5,88,6.7,981.3,42.7,61.0,,4,4,3
2025-03-14 05:00:00,15.0,86,6.2,981.9,35.3,41.3,,5,4,3
2025-03-14 06:00:00,16.0,86,5.6,982.2,35.3,44.6,,6,4,3
2025-03-14 07:00:00,16.1,82,7.3,983.4,36.9,47.6,,7,4,3
2025-03-14 08:00:00,17.9,70,4.2,984.5,38.6,48.9,,8,4,3
2025-03-14 09:00:00,21.0,53,4.8,986.2,34.9,49.8,,9,4,3
2025-03-14 10:00:00,22.0,46,10.5,986.6,29.6,48.0,,10,4,3
2025-03-14 11:00:00,24.1,42,11.2,987.0,25.3,47.0,,11,4,3
2025-03-14 12:00:00,24.3,40,9.3,986.5,21.8,43.5,,12,4,3
2025-03-14 13:00:00,25.1,39,10.0,985.2,19.2,40.9,,13,4,3
2025-03-14 14:00:00,24.7,41,7.4,984.7,18.7,42.0,,14,4,3
2025-03-14 15:00:00,25.4,39,8.6,984.1,19.0,42.6,,15,4,3
2025-03-14 16:00:00,24.9,40,8.7,983.6,20.1,44.6,,16,4,3
2025-03-14 17:00:00,24.8,41,7.3,984.3,23.3,53.7,,17,4,3
2025-03-14 18:00:00,21.8,58,13.4,984.6,25.7,50.6,,18,4,3
2025-03-14 19:00:00,20.0,67,9.2,985.3,30.4,48.7,,19,4,3
2025-03-14 20:00:00,18.9,73,14.2,985.1,32.7,48.1,,20,4,3
2025-03-14 21:00:00,16.9,89,4.4,986.2,34.1,47.8,,21,4,3
2025-03-14 22:00:00,17.0,90,5.2,985.9,35.9,49.6,,22,4,3
2025-03-14 23:00:00,16.6,94,0.6,986.7,38.8,54.1,,23,4,3
2025-03-15 00:00:00,16.4,97,8.1,985.8,38.6,54.4,,0,5,3
2025-03-15 01:00:00,15.8,96,5.7,985.3,39.9,59.6,,1,5,3
2025-03-15 02:00:00,15.6,93,8.8,984.6,35.0,51.7,,2,5,3
2025-03-15 03:00:00,15.0,93,5.8,984.9,29.9,49.1,,3,5,3
2025-03-15 04:00:00,14.8,92,9.7,985.1,28.2,48.4,,4,5,3
2025-03-15 05:00:00,14.3,92,6.5,985.4,43.2,60.8,,5,5,3
2025-03-15 06:00:00,14.8,89,11.5,985.9,43.4,60.5,,6,5,3
2025-03-15 07:00:00,14.9,83,9.5,986.8,44.8,59.1,,7,5,3
2025-03-15 08:00:00,16.2,79,6.4,987.3,41.2,54.0,,8,5,3
2025-03-15 09:00:00,18.3,76,4.4,988.0,33.9,58.3,,9,5,3
2025-03-15 10:00:00,20.1,71,5.5,988.2,31.3,66.4,,10,5,3
2025-03-15 11:00:00,21.9,66,5.6,988.2,30.6,75.4,,11,5,3
2025-03-15 12:00:00,22.3,64,5.0,987.8,29.5,78.7,,12,5,3
2025-03-15 13:00:00,23.1,62,2.7,987.3,30.6,80.6,,13,5,3
2025-03-15 14:00:00,23.6,59,6.0,986.7,30.7,76.8,,14,5,3
2025-03-15 15:00:00,23.4,57,3.9,986.2,31.3,73.8,,15,5,3
2025-03-15 16:00:00,22.9,56,2.5,986.1,31.0,65.2,,16,5,3
2025-03-15 17:00:00,22.5,59,2.5,986.1,28.1,69.8,,17,5,3
2025-03-15 18:00:00,19.9,72,8.7,987.3,30.4,67.3,,18,5,3
2025-03-15 19:00:00,18.8,81,10.6,988.0,50.9,84.5,,19,5,3
2025-03-15 20:00:00,16.5,80,9.9,988.5,60.8,89.2,,20,5,3
2025-03-15 21:00:00,16.1,84,3.7,988.7,64.5,89.2,,21,5,3
2025-03-15 22:00:00,15.9,87,0.6,988.6,71.7,96.9,,22,5,3
2025-03-15 23:00:00,15.5,88,1.2,988.4,74.7,97.1,,23,5,3
2025-03-16 00:00:00,15.0,90,5.4,988.3,65.0,82.7,,0,6,3
2025-03-16 01:00:00,14.6,92,5.0,988.2,54.1,68.5,,1,6,3
2025-03-16 02:00:00,14.3,94,5.5,987.9,51.0,64.5,,2,6,3
2025-03-16 03:00:00,14.0,96,5.6,987.6,46.1,59.1,,3,6,3
2025-03-16 04:00:00,13.7,97,4.2,987.5,40.0,52.6,,4,6,3
2025-03-16 05:00:00,13.5,97,5.0,987.9,39.2,58.0,,5,6,3
2025-03-16 06:00:00,14.3,99,3.9,987.8,42.8,61.9,,6,6,3
2025-03-16 07:00:00,14.6,98,3.3,988.6,50.8,69.2,,7,6,3
2025-03-16 08:00:00,15.8,94,3.0,989.0,50.2,63.8,,8,6,3
2025-03-16 09:00:00,18.4,84,2.7,989.8,42.4,67.8,,9,6,3
2025-03-16 10:00:00,21.1,70,4.2,990.0,37.0,73.1,,10,6,3
2025-03-16 11:00:00,22.9,60,5.8,989.9,30.2,74.3,,11,6,3
2025-03-16 12:00:00,24.0,50,5.1,989.2,28.1,68.2,,12,6,3
2025-03-16 13:00:00,24.7,42,4.3,988.3,27.8,61.0,,13,6,3
2025-03-16 14:00:00,25.2,38,4.7,987.3,27.1,54.1,,14,6,3
2025-03-16 15:00:00,24.8,39,6.9,986.6,25.6,46.9,,15,6,3
2025-03-16 16:00:00,24.3,38,6.7,986.2,23.7,40.3,,16,6,3
2025-03-16 17:00:00,23.8,41,4.7,986.2,19.0,31.8,,17,6,3
2025-03-16 18:00:00,22.7,53,4.4,985.9,20.8,31.0,,18,6,3
2025-03-16 19:00:00,21.4,57,5.2,985.9,35.7,44.6,,19,6,3
2025-03-16 20:00:00,20.3,61,5.1,986.1,51.0,59.8,,20,6,3
2025-03-16 21:00:00,19.4,62,5.8,986.3,62.2,71.2,,21,6,3
2025-03-16 22:00:00,18.6,66,5.5,986.4,74.5,83.6,,22,6,3
2025-03-16 23:00:00,18.0,67,3.9,986.4,85.0,93.8,,23,6,3
2025-03-17 00:00:00,17.3,69,2.1,986.5,89.6,98.0,,0,0,3
2025-03-17 01:00:00,16.5,72,1.3,986.7,89.4,97.6,,1,0,3
2025-03-17 02:00:00,15.4,77,1.8,986.7,87.8,95.9,,2,0,3
2025-03-17 03:00:00,14.4,81,3.5,986.5,86.8,94.8,,3,0,3
2025-03-17 04:00:00,14.2,82,3.8,986.5,86.4,94.3,,4,0,3
2025-03-17 05:00:00,14.0,82,4.3,986.5,79.9,87.8,,5,0,3
2025-03-17 06:00:00,14.9,87,1.5,987.2,83.1,91.0,,6,0,3
2025-03-17 07:00:00,15.4,85,2.2,987.5,94.8,102.4,,7,0,3
2025-03-17 08:00:00,18.3,79,1.5,988.4,85.7,91.5,,8,0,3
2025-03-17 09:00:00,21.8,63,0.4,989.3,66.6,73.1,,9,0,3
2025-03-17 10:00:00,24.3,49,1.1,989.5,44.6,49.2,,10,0,3
2025-03-17 11:00:00,25.9,36,3.7,989.6,21.2,26.5,,11,0,3
2025-03-17 12:00:00,26.7,31,5.2,989.1,18.5,25.6,,12,0,3
2025-03-17 13:00:00,27.4,28,5.2,988.0,17.1,24.6,,13,0,3
2025-03-17 14:00:00,27.9,27,4.9,987.3,16.6,23.7,,14,0,3
2025-03-17 15:00:00,28.2,26,5.5,986.3,16.4,22.9,,15,0,3
2025-03-17 16:00:00,27.9,27,7.9,986.1,15.8,21.8,,16,0,3
2025-03-17 17:00:00,26.7,29,10.5,986.2,14.4,18.9,,17,0,3
2025-03-17 18:00:00,24.5,40,6.2,987.3,17.6,21.1,,18,0,3
2025-03-17 19:00:00,22.7,44,6.9,987.7,28.0,31.2,,19,0,3
2025-03-17 20:00:00,21.4,54,5.2,987.9,38.8,41.9,,20,0,3
2025-03-17 21:00:00,21.1,54,0.9,988.2,47.0,50.2,,21,0,3
2025-03-17 22:00:00,19.4,60,3.1,988.0,54.1,57.4,,22,0,3
2025-03-17 23:00:00,18.2,65,4.7,987.7,60.3,63.6,,23,0,3
2025-03-18 00:00:00,17.6,67,4.5,987.4,63.1,66.4,,0,1,3
2025-03-18 01:00:00,17.3,68,2.8,987.1,64.0,67.5,,1,1,3
2025-03-18 02:00:00,16.6,72,2.3,986.8,65.4,69.2,,2,1,3
2025-03-18 03:00:00,15.6,75,5.6,986.6,66.6,70.3,,3,1,3
2025-03-18 04:00:00,15.7,72,5.3,986.7,66.8,70.5,,4,1,3
2025-03-18 05:00:00,15.5,71,4.5,986.7,85.7,88.9,,5,1,3
2025-03-18 06:00:00,16.4,76,5.2,987.7,81.5,84.8,,6,1,3
2025-03-18 07:00:00,17.4,70,5.0,988.3,83.6,87.1,,7,1,3
2025-03-18 08:00:00,19.8,61,4.5,988.8,79.4,81.7,,8,1,3
2025-03-18 09:00:00,22.9,50,2.0,989.3,59.8,63.1,,9,1,3
2025-03-18 10:00:00,25.5,41,2.6,989.3,39.9,43.9,,10,1,3
2025-03-18 11:00:00,27.6,32,4.6,988.9,23.0,27.0,,11,1,3
2025-03-18 12:00:00,29.1,25,7.1,988.1,15.8,19.1,,12,1,3
2025-03-18 13:00:00,30.0,21,7.9,987.0,12.3,15.4,,13,1,3
2025-03-18 14:00:00,30.3,20,8.0,985.9,11.4,14.5,,14,1,3
2025-03-18 15:00:00,30.3,19,8.4,985.4,11.1,14.3,,15,1,3
2025-03-18 16:00:00,29.9,19,8.7,985.2,11.0,14.2,,16,1,3
2025-03-18 17:00:00,29.2,20,8.2,985.3,8.3,9.7,,17,1,3
2025-03-18 18:00:00,26.1,32,5.1,986.4,12.9,13.8,,18,1,3
2025-03-18 19:00:00,24.4,45,4.2,986.6,26.2,27.1,,19,1,3
2025-03-18 20:00:00,23.4,47,0.6,986.8,39.2,40.0,,20,1,3
2025-03-18 21:00:00,22.0,50,4.3,987.2,48.0,48.9,,21,1,3
2025-03-18 22:00:00,21.0,56,5.2,987.2,53.4,54.4,,22,1,3
2025-03-18 23:00:00,20.9,54,5.4,987.2,58.7,60.1,,23,1,3
2025-03-19 00:00:00,20.3,54,5.7,986.9,61.2,62.9,,0,2,3
2025-03-19 01:00:00,20.9,52,4.5,986.5,57.7,59.4,,1,2,3
2025-03-19 02:00:00,20.3,52,1.8,986.2,51.1,52.5,,2,2,3
2025-03-19 03:00:00,18.9,53,8.3,986.3,49.6,51.5,,3,2,3
2025-03-19 04:00:00,17.9,58,6.7,985.9,50.8,53.1,,4,2,3
2025-03-19 05:00:00,17.3,62,4.7,985.9,67.1,70.1,,5,2,3
2025-03-19 06:00:00,17.7,75,4.2,986.6,67.8,71.0,,6,2,3
2025-03-19 07:00:00,18.4,70,4.1,987.5,75.0,78.9,,7,2,3
2025-03-19 08:00:00,20.3,63,3.8,988.0,71.9,75.0,,8,2,3
2025-03-19 09:00:00,23.1,55,4.2,989.1,54.2,56.6,,9,2,3
2025-03-19 10:00:00,25.3,46,4.6,989.7,32.1,35.6,,10,2,3
2025-03-19 11:00:00,27.1,40,3.2,989.8,20.0,26.2,,11,2,3
2025-03-19 12:00:00,28.0,34,6.4,989.5,16.1,25.8,,12,2,3
2025-03-19 13:00:00,27.3,37,8.4,988.8,15.5,28.8,,13,2,3
2025-03-19 14:00:00,26.7,37,4.9,988.6,15.8,30.7,,14,2,3
2025-03-19 15:00:00,26.5,33,8.6,988.6,16.1,32.0,,15,2,3
2025-03-19 16:00:00,26.4,33,4.8,988.3,16.2,34.1,,16,2,3
2025-03-19 17:00:00,26.0,35,4.6,988.2,16.1,32.2,,17,2,3
2025-03-19 18:00:00,25.5,31,2.9,987.7,24.4,37.5,,18,2,3
2025-03-19 19:00:00,23.5,34,5.4,988.4,33.3,43.9,,19,2,3
2025-03-19 20:00:00,22.7,38,6.8,988.9,34.9,41.8,,20,2,3
2025-03-19 21:00:00,21.1,50,7.6,989.5,34.2,38.1,,21,2,3
2025-03-19 22:00:00,20.5,53,6.9,989.6,34.6,36.8,,22,2,3
2025-03-19 23:00:00,19.6,56,7.4,989.6,36.0,37.5,,23,2,3
2025-03-20 00:00:00,18.7,60,7.3,989.6,36.1,37.4,,0,3,3
2025-03-20 01:00:00,18.5,62,8.1,989.1,35.4,36.4,,1,3,3
2025-03-20 02:00:00,17.9,64,6.7,988.7,33.9,35.0,,2,3,3
2025-03-20 03:00:00,16.4,73,4.9,988.8,32.5,33.6,,3,3,3
2025-03-20 04:00:00,15.5,78,3.0,989.1,32.6,33.9,,4,3,3
2025-03-20 05:00:00,15.0,80,1.5,989.3,29.1,30.7,,5,3,3
2025-03-20 06:00:00,15.9,82,1.2,990.1,31.5,33.3,,6,3,3
2025-03-20 07:00:00,16.6,79,3.3,990.9,39.8,41.6,,7,3,3
2025-03-20 08:00:00,19.2,68,3.1,991.7,39.3,40.9,,8,3,3
2025-03-20 09:00:00,22.9,53,2.3,992.6,31.1,33.8,,9,3,3
2025-03-20 10:00:00,26.1,39,4.4,993.0,22.4,26.3,,10,3,3
2025-03-20 11:00:00,28.2,30,6.9,992.8,17.0,23.1,,11,3,3
2025-03-20 12:00:00,29.5,24,8.1,992.0,14.6,23.2,,12,3,3
2025-03-20 13:00:00,30.3,21,8.0,990.9,13.4,22.9,,13,3,3
2025-03-20 14:00:00,30.9,18,7.7,989.7,12.7,22.8,,14,3,3
2025-03-20 15:00:00,31.0,18,8.9,988.9,12.3,22.5,,15,3,3
2025-03-20 16:00:00,30.4,17,10.3,988.3,12.2,22.4,,16,3,3
2025-03-20 17:00:00,29.5,19,11.2,988.2,7.5,12.2,,17,3,3
2025-03-20 18:00:00,27.2,24,8.8,988.6,10.4,14.6,,18,3,3
2025-03-20 19:00:00,25.8,27,7.4,988.9,19.2,22.6,,19,3,3
2025-03-20 20:00:00,24.6,31,6.7,989.4,25.2,28.5,,20,3,3
2025-03-20 21:00:00,23.4,36,6.2,989.8,27.6,30.6,,21,3,3
2025-03-20 22:00:00,22.7,37,6.7,989.8,28.2,31.2,,22,3,3
2025-03-20 23:00:00,21.7,41,6.4,989.6,28.3,31.4,,23,3,3
2025-03-21 00:00:00,21.5,38,7.0,989.4,28.3,31.7,,0,4,3
2025-03-21 01:00:00,20.7,40,7.0,989.3,29.8,33.5,,1,4,3
2025-03-21 02:00:00,19.8,43,8.9,989.1,31.8,35.7,,2,4,3
2025-03-21 03:00:00,19.1,46,7.3,988.4,33.5,37.6,,3,4,3
2025-03-21 04:00:00,18.0,52,6.0,988.3,34.8,39.1,,4,4,3
2025-03-21 05:00:00,17.2,55,5.9,988.5,44.1,49.1,,5,4,3
2025-03-21 06:00:00,17.4,73,4.3,988.9,48.8,54.2,,6,4,3
2025-03-21 07:00:00,18.2,73,3.6,989.7,58.6,65.0,,7,4,3
2025-03-21 08:00:00,20.2,65,2.7,990.7,57.9,63.1,,8,4,3
2025-03-21 09:00:00,23.2,55,1.4,991.4,42.0,48.3,,9,4,3
2025-03-21 10:00:00,26.1,43,2.1,991.4,23.7,30.7,,10,4,3
2025-03-21 11:00:00,28.2,34,3.6,991.2,16.2,22.7,,11,4,3
2025-03-21 12:00:00,29.5,26,6.0,990.5,13.7,20.5,,12,4,3
2025-03-21 13:00:00,30.0,22,8.6,989.6,13.2,19.9,,13,4,3
2025-03-21 14:00:00,30.4,20,8.2,988.5,13.0,19.5,,14,4,3
2025-03-21 15:00:00,30.7,19,10.7,987.5,12.8,18.9,,15,4,3
2025-03-21 16:00:00,30.0,20,12.5,986.9,12.5,18.4,,16,4,3
2025-03-21 17:00:00,29.0,23,9.2,986.6,9.7,13.8,,17,4,3
2025-03-21 18:00:00,26.5,33,5.3,987.2,13.1,16.5,,18,4,3
2025-03-21 19:00:00,25.1,39,3.5,987.2,22.1,25.2,,19,4,3
2025-03-21 20:00:00,23.6,40,6.0,987.4,29.5,32.8,,20,4,3
2025-03-21 21:00:00,24.4,35,2.8,987.4,35.5,39.1,,21,4,3
2025-03-21 22:00:00,23.0,37,5.9,987.2,38.6,42.5,,22,4,3
2025-03-21 23:00:00,21.4,43,5.6,987.1,37.7,41.8,,23,4,3
2025-03-22 00:00:00,19.9,43,6.6,986.5,35.0,39.3,,0,5,3
2025-03-22 01:00:00,20.0,38,7.9,986.0,34.7,39.1,,1,5,3
2025-03-22 02:00:00,19.2,40,7.9,985.3,37.0,41.4,,2,5,3
2025-03-22 03:00:00,17.5,47,6.0,985.2,40.9,45.3,,3,5,3
2025-03-22 04:00:00,16.6,51,6.5,985.6,44.4,48.9,,4,5,3
2025-03-22 05:00:00,15.5,60,5.0,985.6,50.8,53.3,,5,5,3
2025-03-22 06:00:00,16.9,75,4.3,986.1,52.4,55.1,,6,5,3
2025-03-22 07:00:00,17.8,73,4.4,986.6,57.3,60.3,,7,5,3
2025-03-22 08:00:00,20.1,66,2.7,987.6,52.2,54.2,,8,5,3
2025-03-22 09:00:00,23.2,59,1.6,988.6,41.2,43.8,,9,5,3
2025-03-22 10:00:00,25.3,50,2.6,988.9,29.5,32.6,,10,5,3
2025-03-22 11:00:00,27.1,42,2.3,988.8,22.2,25.3,,11,5,3
2025-03-22 12:00:00,28.6,32,2.5,988.3,18.7,21.7,,12,5,3
2025-03-22 13:00:00,29.6,25,3.4,987.7,17.6,21.2,,13,5,3
2025-03-22 14:00:00,30.3,21,4.2,987.1,17.9,22.1,,14,5,3
2025-03-22 15:00:00,30.6,19,4.3,986.4,18.3,22.9,,15,5,3
2025-03-22 16:00:00,30.4,19,4.8,986.3,18.8,23.6,,16,5,3
2025-03-22 17:00:00,29.3,28,3.7,986.2,14.4,17.0,,17,5,3
2025-03-22 18:00:00,27.2,37,3.3,987.1,21.1,23.2,,18,5,3
2025-03-22 19:00:00,25.8,36,2.4,987.5,33.9,36.0,,19,5,3
2025-03-22 20:00:00,23.6,40,5.8,987.9,46.0,48.0,,20,5,3
2025-03-22 21:00:00,21.8,52,5.5,988.0,58.3,60.3,,21,5,3
2025-03-22 22:00:00,20.7,59,3.1,988.0,69.6,71.5,,22,5,3
2025-03-22 23:00:00,19.3,62,4.4,987.9,77.3,78.9,,23,5,3
2025-03-23 00:00:00,18.9,62,2.8,987.5,76.6,78.0,,0,6,3
2025-03-23 01:00:00,18.2,65,2.7,987.3,71.0,72.4,,1,6,3
2025-03-23 02:00:00,17.3,68,3.8,986.9,64.7,66.1,,2,6,3
2025-03-23 03:00:00,16.5,71,3.8,986.6,59.8,61.0,,3,6,3
2025-03-23 04:00:00,15.9,73,3.9,986.7,55.6,56.9,,4,6,3
2025-03-23 05:00:00,15.3,76,2.2,987.0,56.8,58.7,,5,6,3
2025-03-23 06:00:00,15.9,81,3.1,987.7,54.6,56.2,,6,6,3
2025-03-23 07:00:00,17.2,74,6.1,988.6,55.4,57.0,,7,6,3
2025-03-23 08:00:00,20.6,62,4.9,989.7,50.5,51.6,,8,6,3
2025-03-23 09:00:00,24.6,49,3.6,990.6,39.3,40.4,,9,6,3
2025-03-23 10:00:00,28.0,36,3.7,990.9,28.3,30.4,,10,6,3
2025-03-23 11:00:00,30.3,26,4.5,990.6,23.3,26.8,,11,6,3
2025-03-23 12:00:00,31.8,20,3.8,990.1,21.4,25.4,,12,6,3
2025-03-23 13:00:00,32.7,17,2.2,989.2,20.5,24.4,,13,6,3
2025-03-23 14:00:00,33.3,16,1.1,988.5,20.0,23.9,,14,6,3
2025-03-23 15:00:00,33.4,15,0.9,987.9,19.3,23.3,,15,6,3
2025-03-23 16:00:00,33.2,15,1.5,987.8,19.0,23.1,,16,6,3
2025-03-23 17:00:00,32.5,15,1.7,987.8,19.7,24.0,,17,6,3
2025-03-23 18:00:00,28.3,36,3.7,988.4,26.3,29.8,,18,6,3
2025-03-23 19:00:00,26.2,41,2.3,988.7,39.3,43.2,,19,6,3
2025-03-23 20:00:00,25.4,44,0.5,989.0,49.9,53.8,,20,6,3
2025-03-23 21:00:00,23.2,45,6.0,989.3,56.8,60.5,,21,6,3
2025-03-23 22:00:00,21.6,54,5.0,989.2,63.1,66.4,,22,6,3
2025-03-23 23:00:00,21.0,54,6.1,989.0,67.5,70.3,,23,6,3
2025-03-24 00:00:00,20.3,58,5.7,988.3,69.8,71.9,,0,0,3
2025-03-24 01:00:00,19.5,63,5.4,988.0,72.6,74.5,,1,0,3
2025-03-24 02:00:00,18.7,67,4.7,987.1,75.2,76.6,,2,0,3
2025-03-24 03:00:00,17.9,71,4.0,986.8,77.3,78.5,,3,0,3
2025-03-24 04:00:00,17.6,73,1.0,986.9,78.9,80.3,,4,0,3
2025-03-24 05:00:00,16.3,78,3.2,987.1,80.6,81.0,,5,0,3
2025-03-24 06:00:00,16.9,84,4.5,988.0,81.7,82.9,,6,0,3
2025-03-24 07:00:00,17.9,78,6.6,988.8,87.1,88.7,,7,0,3
2025-03-24 08:00:00,20.9,66,4.3,989.5,70.1,70.8,,8,0,3
2025-03-24 09:00:00,24.8,52,3.4,990.5,45.4,47.1,,9,0,3
2025-03-24 10:00:00,28.2,40,5.1,990.4,29.9,33.3,,10,0,3
2025-03-24 11:00:00,30.7,29,6.5,990.2,26.8,31.3,,11,0,3
2025-03-24 12:00:00,32.0,23,5.2,989.4,27.5,33.6,,12,0,3
2025-03-24 13:00:00,32.9,21,3.6,988.4,26.8,33.4,,13,0,3
2025-03-24 14:00:00,33.3,20,2.2,987.4,26.4,33.1,,14,0,3
2025-03-24 15:00:00,33.5,19,1.0,987.0,26.3,33.1,,15,0,3
2025-03-24 16:00:00,33.2,19,2.5,986.4,26.5,33.4,,16,0,3
2025-03-24 17:00:00,32.4,21,4.5,986.4,35.2,39.7,,17,0,3
2025-03-24 18:00:00,29.5,30,5.1,986.9,43.5,48.1,,18,0,3
2025-03-24 19:00:00,27.3,42,3.0,987.0,65.2,69.8,,19,0,3
2025-03-24 20:00:00,25.9,45,1.4,987.4,88.0,92.2,,20,0,3
2025-03-24 21:00:00,23.9,49,4.3,987.8,99.2,102.9,,21,0,3
2025-03-24 22:00:00,22.9,52,5.4,987.6,100.4,103.1,,22,0,3
2025-03-24 23:00:00,22.2,60,5.6,987.0,92.2,94.5,,23,0,3
2025-03-25 00:00:00,21.5,64,5.5,986.2,85.4,87.3,,0,1,3
2025-03-25 01:00:00,20.3,70,5.1,985.5,80.6,82.2,,1,1,3
2025-03-25 02:00:00,19.7,71,5.1,984.8,76.6,78.2,,2,1,3
2025-03-25 03:00:00,19.0,74,7.5,984.2,73.3,75.0,,3,1,3
2025-03-25 04:00:00,18.8,76,8.4,983.9,70.5,72.6,,4,1,3
2025-03-25 05:00:00,18.3,79,6.1,984.0,75.0,75.2,,5,1,3
2025-03-25 06:00:00,18.1,86,4.6,984.9,72.9,73.6,,6,1,3
2025-03-25 07:00:00,18.9,82,6.0,985.9,73.6,75.4,,7,1,3
2025-03-25 08:00:00,21.4,75,5.1,986.6,70.5,76.1,,8,1,3
2025-03-25 09:00:00,24.4,63,3.5,986.9,61.5,78.0,,9,1,3
2025-03-25 10:00:00,28.1,47,4.1,987.0,46.3,74.7,,10,1,3
2025-03-25 11:00:00,30.5,35,5.0,986.3,40.3,60.5,,11,1,3
2025-03-25 12:00:00,32.2,27,4.0,985.4,37.5,53.1,,12,1,3
2025-03-25 13:00:00,33.0,24,2.8,984.5,34.8,50.2,,13,1,3
2025-03-25 14:00:00,33.7,22,2.4,983.6,31.8,48.3,,14,1,3
2025-03-25 15:00:00,33.5,21,4.3,982.5,30.3,48.0,,15,1,3
2025-03-25 16:00:00,33.4,20,6.1,981.8,29.5,47.6,,16,1,3
2025-03-25 17:00:00,32.7,23,5.0,981.5,43.2,59.8,,17,1,3
2025-03-25 18:00:00,29.5,35,12.0,982.7,48.9,59.8,,18,1,3
2025-03-25 19:00:00,28.0,38,9.5,982.8,55.6,62.9,,19,1,3
2025-03-25 20:00:00,27.1,43,10.7,983.1,61.0,66.1,,20,1,3
2025-03-25 21:00:00,26.5,50,12.1,983.2,65.2,69.2,,21,1,3
2025-03-25 22:00:00,25.8,54,9.9,982.9,68.7,71.9,,22,1,3
2025-03-25 23:00:00,25.1,54,8.7,982.3,71.0,73.8,,23,1,3
2025-03-26 00:00:00,24.4,54,8.1,981.8,70.8,73.6,,0,2,3
2025-03-26 01:00:00,23.8,55,8.7,981.0,69.6,72.6,,1,2,3
2025-03-26 02:00:00,23.2,58,10.1,980.7,67.8,70.5,,2,2,3
2025-03-26 03:00:00,23.2,58,9.9,979.9,65.4,68.2,,3,2,3
2025-03-26 04:00:00,23.1,58,7.5,980.1,63.3,66.6,,4,2,3
2025-03-26 05:00:00,23.1,57,7.9,979.9,64.7,71.7,,5,2,3
2025-03-26 06:00:00,22.3,71,2.4,980.7,62.6,67.5,,6,2,3
2025-03-26 07:00:00,22.2,74,2.7,981.7,56.0,59.4,,7,2,3
2025-03-26 08:00:00,24.2,66,5.2,982.2,52.7,56.8,,8,2,3
2025-03-26 09:00:00,26.8,53,4.8,983.0,50.3,57.4,,9,2,3
2025-03-26 10:00:00,29.6,42,9.0,983.0,44.2,60.8,,10,2,3
2025-03-26 11:00:00,31.9,25,10.2,982.8,41.7,61.2,,11,2,3
2025-03-26 12:00:00,32.6,24,10.4,982.3,40.4,62.2,,12,2,3
2025-03-26 13:00:00,32.5,24,14.5,981.5,38.6,68.5,,13,2,3
2025-03-26 14:00:00,34.5,18,14.4,980.2,36.6,80.6,,14,2,3
2025-03-26 15:00:00,35.0,17,16.0,979.2,35.0,95.5,,15,2,3
2025-03-26 16:00:00,34.3,17,16.2,978.9,35.2,109.4,,16,2,3
2025-03-26 17:00:00,32.9,22,8.8,979.0,41.2,106.6,,17,2,3
2025-03-26 18:00:00,31.8,21,15.3,979.1,44.8,111.8,,18,2,3
2025-03-26 19:00:00,30.5,21,12.3,979.2,47.6,111.5,,19,2,3
2025-03-26 20:00:00,28.7,32,15.0,979.7,45.4,105.5,,20,2,3
2025-03-26 21:00:00,27.8,37,14.5,979.9,39.7,92.0,,21,2,3
2025-03-26 22:00:00,27.3,32,14.9,980.2,32.7,72.9,,22,2,3
2025-03-26 23:00:00,26.1,31,11.7,980.3,28.5,63.3,,23,2,3
2025-03-27 00:00:00,25.1,33,7.5,980.3,27.7,65.0,,0,3,3
2025-03-27 01:00:00,24.0,37,6.7,980.3,29.5,73.3,,1,3,3
2025-03-27 02:00:00,23.9,35,9.3,979.4,34.1,96.6,,2,3,3
2025-03-27 03:00:00,23.7,33,9.7,979.0,44.6,146.2,,3,3,3
2025-03-27 04:00:00,23.1,34,8.6,978.9,56.6,200.2,,4,3,3
2025-03-27 05:00:00,22.1,37,6.8,979.2,61.9,193.7,,5,3,3
2025-03-27 06:00:00,22.2,49,6.6,980.0,66.6,203.0,,6,3,3
2025-03-27 07:00:00,22.6,49,9.7,981.0,71.5,204.0,,7,3,3
2025-03-27 08:00:00,24.6,46,5.2,981.8,73.6,190.9,,8,3,3
2025-03-27 09:00:00,27.3,40,3.9,982.5,66.4,174.6,,9,3,3
2025-03-27 10:00:00,29.8,33,5.7,982.6,50.2,116.6,,10,3,3
2025-03-27 11:00:00,32.4,23,8.8,982.3,38.3,83.4,,11,3,3
2025-03-27 12:00:00,33.7,17,17.3,981.4,32.2,83.4,,12,3,3
2025-03-27 13:00:00,33.9,13,20.2,980.8,24.4,76.8,,13,3,3
2025-03-27 14:00:00,33.5,13,19.5,979.7,18.2,58.6,,14,3,3
2025-03-27 15:00:00,33.0,16,19.0,978.9,17.2,52.2,,15,3,3
2025-03-27 16:00:00,32.3,19,18.3,978.6,21.1,64.0,,16,3,3
2025-03-27 17:00:00,31.4,20,16.9,978.3,19.2,59.1,,17,3,3
2025-03-27 18:00:00,30.0,24,11.5,979.0,23.3,61.0,,18,3,3
2025-03-27 19:00:00,28.2,28,7.0,979.2,27.3,61.2,,19,3,3
2025-03-27 20:00:00,27.6,22,13.1,980.3,28.5,58.0,,20,3,3
2025-03-27 21:00:00,26.1,17,12.3,981.0,25.8,48.3,,21,3,3
2025-03-27 22:00:00,24.5,19,7.2,981.3,22.2,40.2,,22,3,3
2025-03-27 23:00:00,22.9,28,4.4,981.4,20.4,38.5,,23,3,3
2025-03-28 00:00:00,22.4,30,2.0,981.4,19.7,39.9,,0,4,3
2025-03-28 01:00:00,21.4,28,6.5,981.4,20.1,39.7,,1,4,3
2025-03-28 02:00:00,20.3,17,15.9,981.9,18.9,33.1,,2,4,3
2025-03-28 03:00:00,19.0,16,12.4,981.9,13.2,26.3,,3,4,3
2025-03-28 04:00:00,18.1,16,10.8,981.9,10.1,25.1,,4,4,3
2025-03-28 05:00:00,17.5,17,9.7,982.3,14.5,38.0,,5,4,3
2025-03-28 06:00:00,17.4,34,5.7,983.9,15.0,48.0,,6,4,3
2025-03-28 07:00:00,18.4,30,8.3,984.9,18.9,57.3,,7,4,3
2025-03-28 08:00:00,20.4,22,8.5,985.9,20.3,66.6,,8,4,3
2025-03-28 09:00:00,22.2,13,11.5,986.7,17.7,69.8,,9,4,3
2025-03-28 10:00:00,23.6,12,10.0,987.0,16.4,62.6,,10,4,3
2025-03-28 11:00:00,24.9,10,9.3,987.3,16.8,63.3,,11,4,3
2025-03-28 12:00:00,26.0,9,8.9,987.1,15.1,48.5,,12,4,3
2025-03-28 13:00:00,26.6,8,8.8,986.7,11.6,30.5,,13,4,3
2025-03-28 14:00:00,26.9,8,8.6,985.9,10.3,22.4,,14,4,3
2025-03-28 15:00:00,26.7,10,8.1,985.2,10.5,20.3,,15,4,3
2025-03-28 16:00:00,26.2,11,9.0,985.2,10.7,19.0,,16,4,3
2025-03-28 17:00:00,24.9,14,11.6,985.4,6.2,6.7,,17,4,3
2025-03-28 18:00:00,23.7,16,8.5,986.3,7.6,7.8,,18,4,3
2025-03-28 19:00:00,22.5,18,7.4,986.7,14.1,14.2,,19,4,3
2025-03-28 20:00:00,20.9,22,5.8,987.2,16.1,16.2,,20,4,3
2025-03-28 21:00:00,20.0,25,6.4,987.8,16.5,16.7,,21,4,3
2025-03-28 22:00:00,19.9,25,7.8,987.7,16.9,17.3,,22,4,3
2025-03-28 23:00:00,19.7,26,9.6,987.7,16.8,17.1,,23,4,3
2025-03-29 00:00:00,18.8,28,10.7,987.6,15.9,16.4,,0,5,3
2025-03-29 01:00:00,17.6,32,11.1,986.9,15.3,15.9,,1,5,3
2025-03-29 02:00:00,16.5,34,9.7,986.4,14.5,15.3,,2,5,3
2025-03-29 03:00:00,15.9,35,10.2,986.0,14.0,14.8,,3,5,3
2025-03-29 04:00:00,15.7,34,12.1,985.9,13.7,14.4,,4,5,3
2025-03-29 05:00:00,15.5,34,12.9,986.0,12.1,13.5,,5,5,3
2025-03-29 06:00:00,14.6,45,11.7,986.0,12.9,14.4,,6,5,3
2025-03-29 07:00:00,15.5,42,12.5,986.6,14.4,15.9,,7,5,3
2025-03-29 08:00:00,17.7,38,10.2,987.3,15.3,16.8,,8,5,3
2025-03-29 09:00:00,20.6,32,12.1,987.9,13.7,16.0,,9,5,3
2025-03-29 10:00:00,23.4,27,13.2,987.9,13.0,15.8,,10,5,3
2025-03-29 11:00:00,25.8,20,14.8,987.6,10.9,14.1,,11,5,3
2025-03-29 12:00:00,27.5,15,15.5,986.8,9.1,12.2,,12,5,3
2025-03-29 13:00:00,28.6,11,16.3,985.9,8.2,11.1,,13,5,3
2025-03-29 14:00:00,29.1,11,15.5,985.0,8.1,11.0,,14,5,3
2025-03-29 15:00:00,29.1,11,14.9,984.3,8.1,10.9,,15,5,3
2025-03-29 16:00:00,28.7,12,14.6,983.6,8.4,11.3,,16,5,3
2025-03-29 17:00:00,27.9,13,11.8,983.2,3.6,3.6,,17,5,3
2025-03-29 18:00:00,26.3,16,6.3,984.0,5.9,6.0,,18,5,3
2025-03-29 19:00:00,24.6,19,5.5,984.2,11.1,11.4,,19,5,3
2025-03-29 20:00:00,23.5,21,5.4,984.6,13.8,14.3,,20,5,3
2025-03-29 21:00:00,22.3,22,5.7,985.2,15.4,16.0,,21,5,3
2025-03-29 22:00:00,21.8,20,7.1,985.2,17.3,18.0,,22,5,3
2025-03-29 23:00:00,21.1,21,8.6,985.3,19.4,20.3,,23,5,3
2025-03-30 00:00:00,19.8,24,8.3,985.0,20.5,21.6,,0,6,3
2025-03-30 01:00:00,18.9,25,7.2,984.5,21.8,22.9,,1,6,3
2025-03-30 02:00:00,18.1,27,6.6,983.9,23.2,24.4,,2,6,3
2025-03-30 03:00:00,17.1,29,6.1,983.7,25.5,26.8,,3,6,3
2025-03-30 04:00:00,16.1,30,6.1,983.6,27.9,29.5,,4,6,3
2025-03-30 05:00:00,15.2,34,5.5,983.9,28.0,29.5,,5,6,3
2025-03-30 06:00:00,14.9,44,3.0,984.4,32.2,34.0,,6,6,3
2025-03-30 07:00:00,16.0,39,3.6,985.5,38.1,39.8,,7,6,3
2025-03-30 08:00:00,18.6,34,1.7,986.2,35.9,37.5,,8,6,3
2025-03-30 09:00:00,22.1,26,1.5,987.1,23.2,24.3,,9,6,3
2025-03-30 10:00:00,25.3,19,3.0,987.5,11.4,11.6,,10,6,3
2025-03-30 11:00:00,27.7,15,6.7,987.4,8.1,8.1,,11,6,3
2025-03-30 12:00:00,29.3,13,9.5,987.0,7.3,7.3,,12,6,3
2025-03-30 13:00:00,30.2,13,9.1,986.2,7.3,7.4,,13,6,3
2025-03-30 14:00:00,30.9,12,8.9,985.4,7.5,7.7,,14,6,3
2025-03-30 15:00:00,31.1,12,8.9,984.7,7.5,8.0,,15,6,3
2025-03-30 16:00:00,30.9,12,8.6,984.1,7.5,8.1,,16,6,3
2025-03-30 17:00:00,30.0,14,8.9,984.1,6.6,6.6,,17,6,3
2025-03-30 18:00:00,28.1,19,5.9,984.8,10.5,10.5,,18,6,3
2025-03-30 19:00:00,25.6,25,5.2,984.9,19.7,19.7,,19,6,3
2025-03-30 20:00:00,24.8,26,5.0,985.5,24.1,24.3,,20,6,3
2025-03-30 21:00:00,24.3,26,3.5,986.0,25.7,26.3,,21,6,3
2025-03-30 22:00:00,23.4,27,4.0,986.3,27.2,28.1,,22,6,3
2025-03-30 23:00:00,22.1,27,6.6,986.1,28.0,29.0,,23,6,3
2025-03-31 00:00:00,22.4,23,9.0,986.3,27.7,28.8,,0,0,3
2025-03-31 01:00:00,21.0,25,7.7,985.7,29.7,30.6,,1,0,3
2025-03-31 02:00:00,18.7,32,6.0,985.2,33.1,33.9,,2,0,3
2025-03-31 03:00:00,18.0,34,6.0,984.9,36.0,36.8,,3,0,3
2025-03-31 04:00:00,17.7,37,4.6,984.8,38.0,38.9,,4,0,3
2025-03-31 05:00:00,17.3,38,3.6,984.9,42.0,43.1,,5,0,3
2025-03-31 06:00:00,16.7,52,2.0,985.4,45.9,46.9,,6,0,3
2025-03-31 07:00:00,18.3,46,4.4,986.1,49.9,51.2,,7,0,3
2025-03-31 08:00:00,21.9,35,5.0,986.8,47.1,48.2,,8,0,3
2025-03-31 09:00:00,25.0,27,6.2,987.7,34.2,35.4,,9,0,3
2025-03-31 10:00:00,28.1,20,7.6,988.3,20.5,23.2,,10,0,3
2025-03-31 11:00:00,30.1,16,8.9,988.3,11.9,17.3,,11,0,3
2025-03-31 12:00:00,31.3,14,9.8,987.6,9.8,16.7,,12,0,3
2025-03-31 13:00:00,32.2,12,10.4,987.1,9.3,17.1,,13,0,3
2025-03-31 14:00:00,32.6,10,11.5,986.0,9.2,17.5,,14,0,3
2025-03-31 15:00:00,32.4,10,12.1,985.1,9.2,17.8,,15,0,3
2025-03-31 16:00:00,31.9,11,12.0,984.6,9.3,17.7,,16,0,3
2025-03-31 17:00:00,31.0,13,11.9,984.2,9.7,17.3,,17,0,3
2025-03-31 18:00:00,29.1,17,7.7,985.0,12.4,18.2,,18,0,3
2025-03-31 19:00:00,26.7,26,3.3,985.1,19.7,24.4,,19,0,3
2025-03-31 20:00:00,26.3,25,2.1,985.2,23.4,27.6,,20,0,3
2025-03-31 21:00:00,25.4,24,3.5,985.4,24.9,29.1,,21,0,3
2025-03-31 22:00:00,25.4,21,4.1,985.0,25.9,30.4,,22,0,3
2025-03-31 23:00:00,24.3,22,3.1,984.8,26.8,31.8,,23,0,3
2025-04-01 00:00:00,22.1,26,3.8,984.3,26.5,32.1,,0,1,4
2025-04-01 01:00:00,21.2,28,3.3,983.8,27.2,33.2,,1,1,4
2025-04-01 02:00:00,20.1,27,6.8,983.4,29.2,36.0,,2,1,4
2025-04-01 03:00:00,18.8,28,6.3,983.1,32.0,40.0,,3,1,4
2025-04-01 04:00:00,17.8,34,5.4,983.0,34.8,43.9,,4,1,4
2025-04-01 05:00:00,17.5,39,1.5,983.1,47.1,54.9,,5,1,4
2025-04-01 06:00:00,17.0,47,1.8,983.8,50.6,59.5,,6,1,4
2025-04-01 07:00:00,18.5,48,1.9,984.4,58.3,67.8,,7,1,4
2025-04-01 08:00:00,22.2,34,2.7,985.4,51.8,59.6,,8,1,4
2025-04-01 09:00:00,25.9,26,2.2,986.0,37.6,49.7,,9,1,4
2025-04-01 10:00:00,28.7,17,4.7,986.5,23.6,42.0,,10,1,4
2025-04-01 11:00:00,30.7,14,6.1,986.5,16.8,36.9,,11,1,4
2025-04-01 12:00:00,32.0,11,9.2,986.1,15.7,36.4,,12,1,4
2025-04-01 13:00:00,32.9,10,9.8,985.5,15.3,35.7,,13,1,4
2025-04-01 14:00:00,33.5,9,10.5,984.5,15.0,34.6,,14,1,4
2025-04-01 15:00:00,33.5,8,12.2,983.5,14.6,33.2,,15,1,4
2025-04-01 16:00:00,33.0,9,13.1,983.0,14.4,32.0,,16,1,4
2025-04-01 17:00:00,32.1,10,11.4,983.0,9.5,20.7,,17,1,4
2025-04-01 18:00:00,30.0,14,6.9,983.6,12.7,21.0,,18,1,4
2025-04-01 19:00:00,27.6,19,5.4,983.7,20.7,28.4,,19,1,4
2025-04-01 20:00:00,26.1,21,5.2,984.0,25.8,34.0,,20,1,4
2025-04-01 21:00:00,25.0,26,1.5,984.2,29.2,38.0,,21,1,4
2025-04-01 22:00:00,23.4,28,2.3,984.0,34.1,43.8,,22,1,4
2025-04-01 23:00:00,22.2,30,5.2,983.8,40.3,50.8,,23,1,4
2025-04-02 00:00:00,22.5,28,2.9,983.6,46.2,57.2,,0,2,4
2025-04-02 01:00:00,21.8,30,3.9,983.3,52.2,62.6,,1,2,4
2025-04-02 02:00:00,20.1,30,4.3,983.3,55.5,65.4,,2,2,4
2025-04-02 03:00:00,18.8,35,2.0,983.5,57.7,67.3,,3,2,4
2025-04-02 04:00:00,17.6,37,4.4,983.4,59.8,69.6,,4,2,4
2025-04-02 05:00:00,17.2,36,3.9,983.4,53.8,59.3,,5,2,4
2025-04-02 06:00:00,17.2,44,5.2,983.8,54.9,60.3,,6,2,4
2025-04-02 07:00:00,19.2,39,7.4,984.7,54.4,58.9,,7,2,4
2025-04-02 08:00:00,23.4,33,6.5,985.9,47.4,51.2,,8,2,4
2025-04-02 09:00:00,27.5,25,4.7,986.7,34.1,38.3,,9,2,4
2025-04-02 10:00:00,30.8,19,7.8,987.1,25.4,28.8,,10,2,4
2025-04-02 11:00:00,32.8,15,9.6,986.9,20.5,22.3,,11,2,4
2025-04-02 12:00:00,34.0,12,9.1,986.3,17.1,18.5,,12,2,4
2025-04-02 13:00:00,34.6,11,8.9,985.6,15.3,16.8,,13,2,4
2025-04-02 14:00:00,35.2,11,7.9,984.8,14.0,15.6,,14,2,4
2025-04-02 15:00:00,35.4,10,8.4,984.0,12.9,15.0,,15,2,4
2025-04-02 16:00:00,35.0,10,11.9,983.8,12.3,14.9,,16,2,4
2025-04-02 17:00:00,33.7,12,12.2,983.9,10.5,10.5,,17,2,4
2025-04-02 18:00:00,30.9,18,11.7,984.8,13.1,13.1,,18,2,4
2025-04-02 19:00:00,28.8,18,9.1,985.2,29.2,29.2,,19,2,4
2025-04-02 20:00:00,26.9,22,8.8,985.9,41.8,41.9,,20,2,4
2025-04-02 21:00:00,25.4,29,5.9,986.1,51.0,51.5,,21,2,4
2025-04-02 22:00:00,24.5,33,6.6,986.0,57.3,58.3,,22,2,4
2025-04-02 23:00:00,23.7,33,7.4,985.9,47.0,49.0,,23,2,4
2025-04-03 00:00:00,22.5,34,5.8,985.6,37.0,40.4,,0,3,4
2025-04-03 01:00:00,21.4,39,4.2,985.1,31.4,36.2,,1,3,4
2025-04-03 02:00:00,20.7,36,6.1,984.8,28.3,34.1,,2,3,4
2025-04-03 03:00:00,20.2,35,6.5,984.4,26.3,32.6,,3,3,4
2025-04-03 04:00:00,19.9,34,6.7,984.2,25.3,31.7,,4,3,4
2025-04-03 05:00:00,18.5,41,4.7,984.7,19.6,27.6,,5,3,4
2025-04-03 06:00:00,18.2,49,5.2,985.8,20.2,26.7,,6,3,4
2025-04-03 07:00:00,19.6,45,7.1,986.7,22.6,28.3,,7,3,4
2025-04-03 08:00:00,22.9,39,3.1,987.6,25.2,29.3,,8,3,4
2025-04-03 09:00:00,26.9,28,2.8,988.2,23.5,29.1,,9,3,4
2025-04-03 10:00:00,30.5,20,4.0,988.3,19.0,25.1,,10,3,4
2025-04-03 11:00:00,32.8,16,4.6,987.9,15.2,20.4,,11,3,4
2025-04-03 12:00:00,33.4,15,0.8,987.6,15.6,20.7,,12,3,4
2025-04-03 13:00:00,33.3,14,5.9,987.2,16.6,21.5,,13,3,4
2025-04-03 14:00:00,33.9,11,5.4,985.9,17.0,22.4,,14,3,4
2025-04-03 15:00:00,34.8,11,7.7,985.2,16.6,22.9,,15,3,4
2025-04-03 16:00:00,32.6,15,19.5,985.8,15.8,22.8,,16,3,4
2025-04-03 17:00:00,28.8,23,23.4,986.6,19.0,34.5,,17,3,4
2025-04-03 18:00:00,29.1,25,12.3,986.5,21.9,31.9,,18,3,4
2025-04-03 19:00:00,27.8,25,9.7,986.3,27.3,34.0,,19,3,4
2025-04-03 20:00:00,26.3,27,8.3,987.0,32.6,37.7,,20,3,4
2025-04-03 21:00:00,24.9,30,6.2,987.7,35.5,39.7,,21,3,4
2025-04-03 22:00:00,23.8,33,6.0,987.6,35.2,38.9,,22,3,4
2025-04-03 23:00:00,23.3,32,7.6,987.7,32.8,36.6,,23,3,4
2025-04-04 00:00:00,22.7,29,8.7,987.7,29.2,33.6,,0,4,4
2025-04-04 01:00:00,21.6,30,10.1,987.7,25.6,31.5,,1,4,4
2025-04-04 02:00:00,20.5,34,10.3,987.3,22.6,30.3,,2,4,4
2025-04-04 03:00:00,19.8,38,11.0,987.2,20.7,30.0,,3,4,4
2025-04-04 04:00:00,19.3,42,11.4,987.3,19.8,30.5,,4,4,4
2025-04-04 05:00:00,18.9,44,10.3,987.4,22.1,30.9,,5,4,4
2025-04-04 06:00:00,18.7,53,9.8,987.6,22.4,32.0,,6,4,4
2025-04-04 07:00:00,19.7,50,10.5,988.5,25.4,34.5,,7,4,4
2025-04-04 08:00:00,21.7,44,10.2,988.9,26.0,37.4,,8,4,4
2025-04-04 09:00:00,24.3,38,9.4,989.2,25.8,41.3,,9,4,4
2025-04-04 10:00:00,27.3,33,8.0,989.2,23.5,42.1,,10,4,4
2025-04-04 11:00:00,30.1,27,8.2,989.0,20.3,40.5,,11,4,4
2025-04-04 12:00:00,32.1,21,8.5,988.6,17.8,48.1,,12,4,4
2025-04-04 13:00:00,33.2,17,9.0,987.8,16.8,52.3,,13,4,4
2025-04-04 14:00:00,33.6,16,10.1,986.8,16.5,51.0,,14,4,4
2025-04-04 15:00:00,33.7,16,11.0,985.7,16.4,48.8,,15,4,4
2025-04-04 16:00:00,33.5,16,11.0,984.9,16.5,45.5,,16,4,4
2025-04-04 17:00:00,32.6,17,11.9,984.6,10.7,25.9,,17,4,4
2025-04-04 18:00:00,31.0,20,8.7,985.2,12.9,24.6,,18,4,4
2025-04-04 19:00:00,28.9,25,7.2,985.4,19.1,26.8,,19,4,4
2025-04-04 20:00:00,27.6,28,6.5,985.6,21.5,27.0,,20,4,4
2025-04-04 21:00:00,26.5,29,5.3,985.8,21.5,25.3,,21,4,4
2025-04-04 22:00:00,25.8,32,3.3,985.7,21.1,23.7,,22,4,4
2025-04-04 23:00:00,24.5,35,4.8,985.5,20.4,22.7,,23,4,4
2025-04-05 00:00:00,23.5,35,5.8,984.9,19.3,21.6,,0,5,4
2025-04-05 01:00:00,23.5,32,8.0,984.3,18.6,21.2,,1,5,4
2025-04-05 02:00:00,22.3,32,7.3,983.8,18.6,21.8,,2,5,4
2025-04-05 03:00:00,21.6,33,7.1,983.6,19.2,23.3,,3,5,4
2025-04-05 04:00:00,20.8,34,7.2,983.4,20.8,26.4,,4,5,4
2025-04-05 05:00:00,20.0,36,6.4,983.5,24.9,29.9,,5,5,4
2025-04-05 06:00:00,19.7,44,5.4,984.1,29.0,35.6,,6,5,4
2025-04-05 07:00:00,21.4,39,6.5,984.7,35.2,42.0,,7,5,4
2025-04-05 08:00:00,23.9,35,4.0,985.1,31.8,39.7,,8,5,4
2025-04-05 09:00:00,27.0,29,2.5,985.6,25.1,39.6,,9,5,4
2025-04-05 10:00:00,30.0,23,3.0,985.8,18.7,35.6,,10,5,4
2025-04-05 11:00:00,32.4,18,3.8,985.3,15.4,31.3,,11,5,4
2025-04-05 12:00:00,34.1,15,5.1,984.5,14.7,32.4,,12,5,4
2025-04-05 13:00:00,35.3,13,5.4,983.7,14.7,35.3,,13,5,4
2025-04-05 14:00:00,35.9,12,6.3,982.9,14.6,37.3,,14,5,4
2025-04-05 15:00:00,36.2,12,7.0,982.0,14.4,37.3,,15,5,4
2025-04-05 16:00:00,35.9,12,8.1,981.3,14.1,36.3,,16,5,4
2025-04-05 17:00:00,35.0,14,10.9,981.1,6.7,11.3,,17,5,4
2025-04-05 18:00:00,33.2,17,9.6,982.0,9.0,12.8,,18,5,4
2025-04-05 19:00:00,30.6,23,4.1,982.1,20.2,23.1,,19,5,4
2025-04-05 20:00:00,29.5,24,1.2,982.2,25.6,27.8,,20,5,4
2025-04-05 21:00:00,28.1,32,0.9,982.5,27.5,29.2,,21,5,4
2025-04-05 22:00:00,27.2,28,2.3,982.3,31.4,32.9,,22,5,4
2025-04-05 23:00:00,26.3,30,1.8,982.1,34.3,36.0,,23,5,4
2025-04-06 00:00:00,25.3,33,0.5,982.0,34.5,36.1,,0,6,4
2025-04-06 01:00:00,23.5,36,1.3,981.5,36.0,38.0,,1,6,4
2025-04-06 02:00:00,22.9,43,0.9,980.9,38.0,40.5,,2,6,4
2025-04-06 03:00:00,21.9,41,2.2,980.6,40.4,43.1,,3,6,4
2025-04-06 04:00:00,21.4,44,0.9,980.2,41.1,43.9,,4,6,4
2025-04-06 05:00:00,20.8,45,0.9,980.2,54.0,58.4,,5,6,4
2025-04-06 06:00:00,21.8,51,1.2,980.9,56.6,61.2,,6,6,4
2025-04-06 07:00:00,23.5,42,3.6,981.5,64.5,69.4,,7,6,4
2025-04-06 08:00:00,26.8,35,1.8,982.0,58.1,61.0,,8,6,4
2025-04-06 09:00:00,30.3,27,1.8,982.8,35.5,37.0,,9,6,4
2025-04-06 10:00:00,33.0,23,2.9,983.0,23.3,24.3,,10,6,4
2025-04-06 11:00:00,35.5,19,3.1,982.6,15.4,16.7,,11,6,4
2025-04-06 12:00:00,37.1,16,4.8,982.0,11.2,12.7,,12,6,4
2025-04-06 13:00:00,38.0,15,6.6,981.2,9.7,11.6,,13,6,4
2025-04-06 14:00:00,38.4,15,7.6,980.3,9.0,11.6,,14,6,4
2025-04-06 15:00:00,38.5,14,7.2,979.6,8.8,12.1,,15,6,4
2025-04-06 16:00:00,38.2,15,7.8,979.2,8.9,12.6,,16,6,4
2025-04-06 17:00:00,37.0,17,11.1,979.2,7.7,8.9,,17,6,4
2025-04-06 18:00:00,35.2,20,10.4,980.3,9.9,10.8,,18,6,4
2025-04-06 19:00:00,33.1,26,0.6,980.6,23.1,23.6,,19,6,4
2025-04-06 20:00:00,31.0,28,4.5,981.3,31.3,31.7,,20,6,4
2025-04-06 21:00:00,30.2,30,2.2,981.6,36.3,36.7,,21,6,4
2025-04-06 22:00:00,28.8,30,6.4,981.7,44.9,45.8,,22,6,4
2025-04-06 23:00:00,28.2,34,7.0,981.7,53.7,55.2,,23,6,4
2025-04-07 00:00:00,26.8,41,6.1,981.4,56.0,58.0,,0,0,4
2025-04-07 01:00:00,25.7,46,5.9,980.9,52.0,54.0,,1,0,4
2025-04-07 02:00:00,24.4,52,5.0,980.5,47.0,49.2,,2,0,4
2025-04-07 03:00:00,23.7,54,4.6,980.5,44.8,47.4,,3,0,4
2025-04-07 04:00:00,23.2,56,2.7,980.9,43.3,46.6,,4,0,4
2025-04-07 05:00:00,22.5,59,2.1,981.1,53.7,56.8,,5,0,4
2025-04-07 06:00:00,22.7,63,3.7,982.3,52.5,56.1,,6,0,4
2025-04-07 07:00:00,24.3,55,6.5,983.1,50.2,53.2,,7,0,4
2025-04-07 08:00:00,27.5,46,4.2,983.9,43.4,46.2,,8,0,4
2025-04-07 09:00:00,31.5,34,5.0,985.0,32.1,36.3,,9,0,4
2025-04-07 10:00:00,35.1,25,9.0,984.9,24.2,28.8,,10,0,4
2025-04-07 11:00:00,37.4,19,9.1,984.5,20.1,23.9,,11,0,4
2025-04-07 12:00:00,38.8,16,5.3,984.1,18.3,22.0,,12,0,4
2025-04-07 13:00:00,39.6,15,1.3,983.2,16.6,20.4,,13,0,4
2025-04-07 14:00:00,40.0,14,5.5,982.4,15.8,20.7,,14,0,4
2025-04-07 15:00:00,39.5,14,8.3,981.8,15.7,21.8,,15,0,4
2025-04-07 16:00:00,39.0,15,12.5,981.8,15.7,22.4,,16,0,4
2025-04-07 17:00:00,37.5,18,15.1,982.0,18.1,20.1,,17,0,4
2025-04-07 18:00:00,35.8,21,11.9,982.2,21.0,23.5,,18,0,4
2025-04-07 19:00:00,33.2,28,11.7,982.7,36.1,38.5,,19,0,4
2025-04-07 20:00:00,31.6,34,6.9,983.4,45.3,47.8,,20,0,4
2025-04-07 21:00:00,30.6,36,7.8,983.6,51.6,54.2,,21,0,4
2025-04-07 22:00:00,29.6,37,7.9,983.5,57.7,60.8,,22,0,4
2025-04-07 23:00:00,28.7,39,7.5,983.5,61.5,64.7,,23,0,4
2025-04-08 00:00:00,27.5,43,6.9,983.4,57.7,61.0,,0,1,4
2025-04-08 01:00:00,26.7,46,6.5,982.9,49.8,53.0,,1,1,4
2025-04-08 02:00:00,26.1,48,6.5,982.6,44.0,46.9,,2,1,4
2025-04-08 03:00:00,25.5,50,6.1,982.5,39.5,42.4,,3,1,4
2025-04-08 04:00:00,24.9,51,5.7,982.8,36.3,40.5,,4,1,4
2025-04-08 05:00:00,24.1,54,4.7,983.1,36.2,60.5,,5,1,4
2025-04-08 06:00:00,24.6,53,5.8,984.4,37.8,70.8,,6,1,4
2025-04-08 07:00:00,26.2,47,9.4,985.7,41.7,81.3,,7,1,4
2025-04-08 08:00:00,28.9,38,8.6,986.7,46.2,102.9,,8,1,4
2025-04-08 09:00:00,32.3,28,9.0,987.4,49.4,142.5,,9,1,4
2025-04-08 10:00:00,35.4,23,8.7,987.7,45.4,129.9,,10,1,4
2025-04-08 11:00:00,37.9,18,9.9,987.6,34.8,97.8,,11,1,4
2025-04-08 12:00:00,39.4,16,9.8,986.6,27.9,74.0,,12,1,4
2025-04-08 13:00:00,40.4,13,9.6,985.4,26.5,67.8,,13,1,4
2025-04-08 14:00:00,40.0,13,4.1,984.4,26.5,70.8,,14,1,4
2025-04-08 15:00:00,39.8,13,4.0,983.9,26.7,76.6,,15,1,4
2025-04-08 16:00:00,34.8,30,25.2,985.0,26.4,75.0,,16,1,4
2025-04-08 17:00:00,32.9,33,15.0,985.4,22.3,71.5,,17,1,4
2025-04-08 18:00:00,34.0,24,10.8,983.8,26.3,71.5,,18,1,4
2025-04-08 19:00:00,32.3,29,8.2,984.4,42.0,85.0,,19,1,4
2025-04-08 20:00:00,31.2,31,8.7,984.9,54.0,93.8,,20,1,4
2025-04-08 21:00:00,30.1,36,8.9,984.9,49.7,77.3,,21,1,4
2025-04-08 22:00:00,29.1,40,7.4,984.8,42.1,56.2,,22,1,4
2025-04-08 23:00:00,28.4,42,7.4,984.4,41.2,48.3,,23,1,4
2025-04-09 00:00:00,27.5,45,7.0,984.1,40.7,45.6,,0,2,4
2025-04-09 01:00:00,26.5,48,7.8,983.8,40.6,45.5,,1,2,4
2025-04-09 02:00:00,26.0,49,5.3,983.0,40.5,45.5,,2,2,4
2025-04-09 03:00:00,25.2,51,5.6,983.1,40.6,46.4,,3,2,4
2025-04-09 04:00:00,24.4,53,4.7,983.1,41.9,48.3,,4,2,4
2025-04-09 05:00:00,23.7,55,4.8,983.2,43.3,133.6,,5,2,4
2025-04-09 06:00:00,24.6,50,5.3,984.4,42.0,105.2,,6,2,4
2025-04-09 07:00:00,26.1,46,5.8,985.1,41.4,85.2,,7,2,4
2025-04-09 08:00:00,29.0,40,3.5,985.6,42.3,72.6,,8,2,4
2025-04-09 09:00:00,32.3,32,2.6,986.1,38.6,71.5,,9,2,4
2025-04-09 10:00:00,35.1,27,0.9,986.2,35.6,72.2,,10,2,4
2025-04-09 11:00:00,37.2,22,2.3,985.8,34.6,81.3,,11,2,4
2025-04-09 12:00:00,38.5,19,2.0,984.9,33.5,87.8,,12,2,4
2025-04-09 13:00:00,39.3,17,4.6,983.6,32.2,84.1,,13,2,4
2025-04-09 14:00:00,39.3,17,8.3,981.9,32.4,83.4,,14,2,4
2025-04-09 15:00:00,38.0,18,11.5,981.9,33.2,85.7,,15,2,4
2025-04-09 16:00:00,33.3,29,16.5,983.0,31.2,79.2,,16,2,4
2025-04-09 17:00:00,29.1,48,20.2,983.1,23.1,68.2,,17,2,4
2025-04-09 18:00:00,34.8,23,11.9,981.0,26.5,70.3,,18,2,4
2025-04-09 19:00:00,32.8,25,10.7,981.3,32.6,64.7,,19,2,4
2025-04-09 20:00:00,32.1,28,4.9,981.4,36.8,68.7,,20,2,4
2025-04-09 21:00:00,31.4,30,3.2,981.4,42.1,77.3,,21,2,4
2025-04-09 22:00:00,30.1,31,4.7,981.1,45.2,77.8,,22,2,4
2025-04-09 23:00:00,29.5,33,5.6,980.6,41.7,67.1,,23,2,4
2025-04-10 00:00:00,28.6,34,6.6,980.4,37.1,56.9,,0,3,4
2025-04-10 01:00:00,27.9,32,7.6,979.8,35.6,52.2,,1,3,4
2025-04-10 02:00:00,27.1,33,6.6,979.2,36.1,50.9,,2,3,4
2025-04-10 03:00:00,25.7,38,4.8,978.5,37.3,52.4,,3,3,4
2025-04-10 04:00:00,24.7,43,1.9,978.6,38.0,52.6,,4,3,4
2025-04-10 05:00:00,23.6,45,4.2,978.9,32.4,59.5,,5,3,4
2025-04-10 06:00:00,25.1,51,4.3,979.4,33.9,56.7,,6,3,4
2025-04-10 07:00:00,26.7,47,6.4,979.8,36.9,55.4,,7,3,4
2025-04-10 08:00:00,28.9,42,1.1,980.7,35.5,67.3,,8,3,4
2025-04-10 09:00:00,31.0,38,5.1,981.3,34.1,77.8,,9,3,4
2025-04-10 10:00:00,33.7,32,4.3,980.8,31.9,83.8,,10,3,4
2025-04-10 11:00:00,36.5,23,4.3,980.0,30.7,88.5,,11,3,4
2025-04-10 12:00:00,36.3,22,4.5,979.4,30.9,95.9,,12,3,4
2025-04-10 13:00:00,37.4,19,2.9,977.9,30.3,95.5,,13,3,4
2025-04-10 14:00:00,35.6,22,16.1,977.8,29.4,91.7,,14,3,4
2025-04-10 15:00:00,34.3,25,15.4,978.0,28.9,85.9,,15,3,4
2025-04-10 16:00:00,32.5,29,10.2,977.7,27.4,76.4,,16,3,4
2025-04-10 17:00:00,32.7,30,9.4,977.6,21.6,51.9,,17,3,4
2025-04-10 18:00:00,30.8,32,13.5,974.9,21.7,50.5,,18,3,4
2025-04-10 19:00:00,29.4,35,13.6,975.3,28.3,51.9,,19,3,4
2025-04-10 20:00:00,28.7,37,11.6,975.5,35.9,60.1,,20,3,4
2025-04-10 21:00:00,27.6,40,8.2,975.8,44.7,68.5,,21,3,4
2025-04-10 22:00:00,26.5,43,7.7,976.0,51.9,74.5,,22,3,4
2025-04-10 23:00:00,25.5,46,6.9,975.9,53.7,75.0,,23,3,4
2025-04-11 00:00:00,24.5,52,6.2,975.9,49.7,69.4,,0,4,4
2025-04-11 01:00:00,23.7,58,6.2,975.4,47.0,66.4,,1,4,4
2025-04-11 02:00:00,23.4,61,5.9,975.2,46.8,66.1,,2,4,4
2025-04-11 03:00:00,23.2,58,6.2,974.9,47.8,66.6,,3,4,4
2025-04-11 04:00:00,23.0,58,7.3,974.9,46.7,67.5,,4,4,4
2025-04-11 05:00:00,22.1,65,5.5,975.5,33.8,63.1,,5,4,4
2025-04-11 06:00:00,22.7,61,14.4,977.7,27.2,54.8,,6,4,4
2025-04-11 07:00:00,23.1,67,10.9,978.3,37.0,91.0,,7,4,4
2025-04-11 08:00:00,24.6,65,14.3,979.0,54.7,175.6,,8,4,4
2025-04-11 09:00:00,27.2,56,15.1,979.5,64.3,224.4,,9,4,4
2025-04-11 10:00:00,29.3,49,17.5,979.7,74.3,278.5,,10,4,4
2025-04-11 11:00:00,30.6,46,16.7,980.0,79.6,330.6,,11,4,4
2025-04-11 12:00:00,29.5,50,13.2,980.0,75.2,335.3,,12,4,4
2025-04-11 13:00:00,29.5,48,16.5,978.6,66.6,285.0,,13,4,4
2025-04-11 14:00:00,31.1,42,12.7,977.8,57.4,240.3,,14,4,4
2025-04-11 15:00:00,30.9,41,2.0,977.8,51.3,214.2,,15,4,4
2025-04-11 16:00:00,30.1,41,4.0,977.8,44.5,172.3,,16,4,4
2025-04-11 17:00:00,29.3,47,7.7,977.1,32.5,125.7,,17,4,4
2025-04-11 18:00:00,25.8,54,10.0,978.1,32.0,105.0,,18,4,4
2025-04-11 19:00:00,24.7,59,6.6,978.4,39.3,96.6,,19,4,4
2025-04-11 20:00:00,24.2,61,7.9,978.7,32.7,61.2,,20,4,4
2025-04-11 21:00:00,23.8,62,6.2,979.0,27.2,41.0,,21,4,4
2025-04-11 22:00:00,23.3,63,6.3,979.0,25.1,37.3,,22,4,4
2025-04-11 23:00:00,22.8,64,6.4,979.0,23.6,35.6,,23,4,4
2025-04-12 00:00:00,22.1,64,5.8,979.0,21.9,34.8,,0,5,4
2025-04-12 01:00:00,21.7,62,5.6,979.2,21.1,34.1,,1,5,4
2025-04-12 02:00:00,20.9,68,4.1,979.1,20.9,33.4,,2,5,4
2025-04-12 03:00:00,20.3,71,1.6,979.5,20.8,32.8,,3,5,4
2025-04-12 04:00:00,19.6,73,3.0,979.6,22.4,34.2,,4,5,4
2025-04-12 05:00:00,19.8,64,13.2,980.5,32.6,62.4,,5,5,4
2025-04-12 06:00:00,20.7,63,13.5,981.3,34.7,65.0,,6,5,4
2025-04-12 07:00:00,21.6,60,9.5,981.7,38.6,68.9,,7,5,4
2025-04-12 08:00:00,23.9,53,5.5,982.4,43.4,123.9,,8,5,4
2025-04-12 09:00:00,26.8,46,5.8,983.1,56.2,226.3,,9,5,4
2025-04-12 10:00:00,29.9,35,5.1,983.6,58.6,241.2,,10,5,4
2025-04-12 11:00:00,31.7,30,3.5,983.3,52.3,210.0,,11,5,4
2025-04-12 12:00:00,32.9,26,3.2,982.4,48.9,191.9,,12,5,4
2025-04-12 13:00:00,33.6,23,6.2,981.9,46.6,178.3,,13,5,4
2025-04-12 14:00:00,33.6,23,6.8,980.9,43.9,164.8,,14,5,4
2025-04-12 15:00:00,33.7,22,8.3,980.2,39.7,145.3,,15,5,4
2025-04-12 16:00:00,33.5,22,9.8,980.0,33.9,119.7,,16,5,4
2025-04-12 17:00:00,32.5,24,11.2,980.1,28.5,96.9,,17,5,4
2025-04-12 18:00:00,31.7,23,10.2,981.2,25.6,81.3,,18,5,4
2025-04-12 19:00:00,29.3,32,12.4,981.8,32.9,78.5,,19,5,4
2025-04-12 20:00:00,28.0,36,6.2,982.1,44.1,93.1,,20,5,4
2025-04-12 21:00:00,27.4,37,7.9,982.7,58.4,110.1,,21,5,4
2025-04-12 22:00:00,26.1,40,5.5,982.5,61.0,112.7,,22,5,4
2025-04-12 23:00:00,25.0,42,7.9,982.7,55.5,104.1,,23,5,4
2025-04-13 00:00:00,24.2,45,7.0,982.2,49.0,91.3,,0,6,4
2025-04-13 01:00:00,23.2,50,5.2,981.7,43.2,79.4,,1,6,4
2025-04-13 02:00:00,22.2,55,4.8,981.7,39.9,71.9,,2,6,4
2025-04-13 03:00:00,21.4,61,4.2,982.0,39.0,71.0,,3,6,4
2025-04-13 04:00:00,20.7,63,4.1,982.1,39.6,76.8,,4,6,4
2025-04-13 05:00:00,20.3,65,4.5,982.5,36.1,55.2,,5,6,4
2025-04-13 06:00:00,20.3,72,5.0,983.4,39.8,65.9,,6,6,4
2025-04-13 07:00:00,21.7,68,6.2,984.4,42.7,67.8,,7,6,4
2025-04-13 08:00:00,24.6,58,6.1,985.1,43.0,95.5,,8,6,4
2025-04-13 09:00:00,27.8,46,6.3,985.8,45.9,139.2,,9,6,4
2025-04-13 10:00:00,30.7,37,4.7,986.0,53.9,211.9,,10,6,4
2025-04-13 11:00:00,32.7,30,2.2,985.8,50.5,203.0,,11,6,4
2025-04-13 12:00:00,33.9,26,2.6,985.3,39.8,154.6,,12,6,4
2025-04-13 13:00:00,34.8,23,6.2,984.7,33.9,128.5,,13,6,4
2025-04-13 14:00:00,35.2,21,8.6,984.0,31.3,113.6,,14,6,4
2025-04-13 15:00:00,35.2,20,8.4,983.1,30.2,103.8,,15,6,4
2025-04-13 16:00:00,35.0,21,7.2,982.6,29.2,95.2,,16,6,4
2025-04-13 17:00:00,34.5,22,7.5,982.3,19.7,61.0,,17,6,4
2025-04-13 18:00:00,32.4,33,2.4,982.3,20.6,54.8,,18,6,4
2025-04-13 19:00:00,31.2,28,6.8,982.1,30.0,60.8,,19,6,4
2025-04-13 20:00:00,30.7,32,8.7,982.7,40.6,71.2,,20,6,4
2025-04-13 21:00:00,28.6,46,3.1,982.9,49.0,79.2,,21,6,4
2025-04-13 22:00:00,27.2,45,4.1,982.9,56.8,87.5,,22,6,4
2025-04-13 23:00:00,26.6,47,3.6,982.5,65.2,96.2,,23,6,4
2025-04-14 00:00:00,25.8,48,3.4,982.2,71.0,101.3,,0,0,4
2025-04-14 01:00:00,24.7,52,4.4,981.6,73.8,103.8,,1,0,4
2025-04-14 02:00:00,24.0,51,5.6,981.2,74.3,103.4,,2,0,4
2025-04-14 03:00:00,23.5,52,5.3,981.2,74.3,103.4,,3,0,4
2025-04-14 04:00:00,22.8,56,4.3,981.2,74.0,103.4,,4,0,4
2025-04-14 05:00:00,22.4,56,5.3,981.5,75.4,103.4,,5,0,4
2025-04-14 06:00:00,23.3,60,5.2,982.2,69.2,92.0,,6,0,4
2025-04-14 07:00:00,24.5,56,7.3,983.4,60.1,80.6,,7,0,4
2025-04-14 08:00:00,27.1,49,5.8,984.1,46.1,72.4,,8,0,4
2025-04-14 09:00:00,30.4,39,6.5,984.7,34.9,73.3,,9,0,4
2025-04-14 10:00:00,33.4,30,7.1,984.6,29.2,68.7,,10,0,4
2025-04-14 11:00:00,35.1,25,3.4,984.2,24.2,53.2,,11,0,4
2025-04-14 12:00:00,36.2,23,0.9,983.6,21.0,43.1,,12,0,4
2025-04-14 13:00:00,37.1,21,4.5,982.9,20.3,39.7,,13,0,4
2025-04-14 14:00:00,37.5,21,7.4,982.2,20.3,38.6,,14,0,4
2025-04-14 15:00:00,37.6,20,8.5,981.3,20.4,38.1,,15,0,4
2025-04-14 16:00:00,37.4,21,8.1,980.8,20.3,37.5,,16,0,4
2025-04-14 17:00:00,36.8,21,8.9,980.7,22.2,36.9,,17,0,4
2025-04-14 18:00:00,35.2,25,8.8,981.2,23.9,37.4,,18,0,4
2025-04-14 19:00:00,33.6,28,7.0,981.3,31.7,43.2,,19,0,4
2025-04-14 20:00:00,32.9,31,9.5,982.0,36.2,46.0,,20,0,4
2025-04-14 21:00:00,31.0,36,4.1,983.1,37.1,45.2,,21,0,4
2025-04-14 22:00:00,29.8,40,4.0,983.2,37.6,43.8,,22,0,4
2025-04-14 23:00:00,29.0,41,5.9,982.8,38.4,42.5,,23,0,4
2025-04-15 00:00:00,27.8,45,4.7,982.6,38.9,42.3,,0,1,4
2025-04-15 01:00:00,27.0,47,7.2,982.2,37.8,45.3,,1,1,4
2025-04-15 02:00:00,26.3,48,6.9,981.9,37.5,62.2,,2,1,4
2025-04-15 03:00:00,25.7,49,6.8,981.6,41.6,101.5,,3,1,4
2025-04-15 04:00:00,25.0,51,6.9,981.6,49.2,155.5,,4,1,4
2025-04-15 05:00:00,24.6,52,8.0,982.1,50.1,171.8,,5,1,4
2025-04-15 06:00:00,24.8,56,9.2,983.0,59.8,229.6,,6,1,4
2025-04-15 07:00:00,26.0,53,9.1,983.9,67.8,234.2,,7,1,4
2025-04-15 08:00:00,28.5,47,9.4,984.7,86.4,389.3,,8,1,4
2025-04-15 09:00:00,31.2,40,10.2,984.9,94.8,472.2,,9,1,4
2025-04-15 10:00:00,33.8,33,9.3,985.1,89.9,468.5,,10,1,4
2025-04-15 11:00:00,35.9,28,7.9,984.5,71.9,371.6,,11,1,4
2025-04-15 12:00:00,37.4,24,5.2,983.9,58.4,272.9,,12,1,4
2025-04-15 13:00:00,38.5,21,2.0,983.2,52.5,230.0,,13,1,4
2025-04-15 14:00:00,38.9,20,3.9,982.4,49.4,207.2,,14,1,4
2025-04-15 15:00:00,39.0,19,9.0,981.5,47.7,193.7,,15,1,4
2025-04-15 16:00:00,38.2,19,14.4,981.3,46.7,184.9,,16,1,4
2025-04-15 17:00:00,37.0,20,14.3,980.9,51.3,209.5,,17,1,4
2025-04-15 18:00:00,36.1,17,10.3,980.8,51.2,194.2,,18,1,4
2025-04-15 19:00:00,34.3,19,5.6,981.0,61.0,204.0,,19,1,4
2025-04-15 20:00:00,32.5,23,5.1,981.5,67.1,197.9,,20,1,4
2025-04-15 21:00:00,31.0,31,8.1,982.5,68.0,182.1,,21,1,4
2025-04-15 22:00:00,29.5,36,7.3,982.5,63.6,155.1,,22,1,4
2025-04-15 23:00:00,28.9,40,9.5,982.1,64.5,147.1,,23,1,4
2025-04-16 00:00:00,28.3,42,10.0,981.8,61.2,134.1,,0,2,4
2025-04-16 01:00:00,27.5,44,9.1,981.4,56.8,125.3,,1,2,4
2025-04-16 02:00:00,26.7,45,8.0,981.1,56.0,135.0,,2,2,4
2025-04-16 03:00:00,26.0,46,7.5,980.9,58.9,172.8,,3,2,4
2025-04-16 04:00:00,25.2,48,6.2,980.6,66.6,224.9,,4,2,4
2025-04-16 05:00:00,24.6,51,7.8,981.0,70.5,251.5,,5,2,4
2025-04-16 06:00:00,25.7,56,9.1,982.1,75.0,260.8,,6,2,4
2025-04-16 07:00:00,27.0,54,9.1,982.8,78.2,242.1,,7,2,4
2025-04-16 08:00:00,29.6,46,9.0,983.4,85.7,311.1,,8,2,4
2025-04-16 09:00:00,32.4,38,9.8,983.6,85.2,314.8,,9,2,4
2025-04-16 10:00:00,35.3,31,10.6,983.6,81.7,332.5,,10,2,4
2025-04-16 11:00:00,37.5,25,8.6,983.3,75.2,337.1,,11,2,4
2025-04-16 12:00:00,38.7,18,8.5,982.6,62.9,267.3,,12,2,4
2025-04-16 13:00:00,38.9,17,3.1,981.4,54.2,214.2,,13,2,4
2025-04-16 14:00:00,39.1,17,9.1,981.1,48.0,183.0,,14,2,4
2025-04-16 15:00:00,38.3,17,15.4,980.6,42.0,156.9,,15,2,4
2025-04-16 16:00:00,37.6,17,11.7,980.0,37.5,138.8,,16,2,4
2025-04-16 17:00:00,35.8,24,16.6,980.4,40.7,158.8,,17,2,4
2025-04-16 18:00:00,36.8,20,11.0,978.6,42.3,151.3,,18,2,4
2025-04-16 19:00:00,31.7,38,25.2,981.1,44.4,138.8,,19,2,4
2025-04-16 20:00:00,29.9,43,12.2,980.9,48.4,123.9,,20,2,4
2025-04-16 21:00:00,28.6,48,15.8,981.8,51.3,125.7,,21,2,4
2025-04-16 22:00:00,27.5,49,11.6,981.7,51.7,111.8,,22,2,4
2025-04-16 23:00:00,26.7,50,11.6,981.2,49.7,99.9,,23,2,4
2025-04-17 00:00:00,26.5,49,12.4,981.1,48.0,93.4,,0,3,4
2025-04-17 01:00:00,26.4,47,11.2,980.3,47.7,93.1,,1,3,4
2025-04-17 02:00:00,26.2,46,8.7,979.7,48.4,97.1,,2,3,4
2025-04-17 03:00:00,25.4,47,5.5,979.9,49.1,102.2,,3,3,4
2025-04-17 04:00:00,24.9,48,6.3,979.9,48.9,98.7,,4,3,4
2025-04-17 05:00:00,24.4,49,5.9,980.1,43.0,85.9,,5,3,4
2025-04-17 06:00:00,23.5,61,7.9,981.3,44.8,91.7,,6,3,4
2025-04-17 07:00:00,24.9,57,4.0,982.0,47.8,88.0,,7,3,4
2025-04-17 08:00:00,27.3,49,5.1,982.4,48.8,109.2,,8,3,4
2025-04-17 09:00:00,30.1,41,5.6,982.6,49.4,136.9,,9,3,4
2025-04-17 10:00:00,32.9,35,4.8,982.5,48.0,142.0,,10,3,4
2025-04-17 11:00:00,35.1,30,4.2,982.2,43.0,126.7,,11,3,4
2025-04-17 12:00:00,36.7,26,4.0,981.4,37.1,102.7,,12,3,4
2025-04-17 13:00:00,37.9,23,5.2,980.3,33.9,88.7,,13,3,4
2025-04-17 14:00:00,38.4,22,7.4,979.3,32.4,81.5,,14,3,4
2025-04-17 15:00:00,38.5,21,9.4,978.4,31.2,76.4,,15,3,4
2025-04-17 16:00:00,38.0,22,10.9,977.7,30.5,72.4,,16,3,4
2025-04-17 17:00:00,37.1,24,11.4,977.4,17.8,28.7,,17,3,4
2025-04-17 18:00:00,36.2,25,8.3,977.5,17.9,26.9,,18,3,4
2025-04-17 19:00:00,34.7,29,8.2,977.6,23.4,29.6,,19,3,4
2025-04-17 20:00:00,33.2,31,4.6,978.0,27.6,33.3,,20,3,4
2025-04-17 21:00:00,31.6,35,4.4,978.3,30.7,36.7,,21,3,4
2025-04-17 22:00:00,30.3,39,4.3,978.4,36.3,42.6,,22,3,4
2025-04-17 23:00:00,29.2,42,3.6,978.2,43.2,49.7,,23,3,4
2025-04-18 00:00:00,28.3,44,3.2,978.2,48.1,54.6,,0,4,4
2025-04-18 01:00:00,27.3,46,4.0,977.5,55.4,61.9,,1,4,4
2025-04-18 02:00:00,26.6,49,3.8,976.8,60.5,67.3,,2,4,4
2025-04-18 03:00:00,25.9,53,4.4,976.7,61.7,68.0,,3,4,4
2025-04-18 04:00:00,25.2,57,3.8,976.5,54.7,59.6,,4,4,4
2025-04-18 05:00:00,24.9,59,5.1,976.7,41.9,44.5,,5,4,4
2025-04-18 06:00:00,25.7,59,6.5,977.9,34.2,36.3,,6,4,4
2025-04-18 07:00:00,27.1,57,6.8,978.5,31.0,32.6,,7,4,4
2025-04-18 08:00:00,30.1,48,5.5,979.1,28.5,30.3,,8,4,4
2025-04-18 09:00:00,33.8,35,8.2,979.8,22.1,25.6,,9,4,4
2025-04-18 10:00:00,36.4,27,8.6,979.7,19.7,27.9,,10,4,4
2025-04-18 11:00:00,38.2,23,6.4,979.3,19.8,37.5,,11,4,4
2025-04-18 12:00:00,39.1,21,7.1,978.4,20.8,54.5,,12,4,4
2025-04-18 13:00:00,39.5,20,8.7,976.9,21.6,68.0,,13,4,4
2025-04-18 14:00:00,38.7,18,13.4,977.0,22.2,75.2,,14,4,4
2025-04-18 15:00:00,36.9,21,8.7,976.6,22.6,78.9,,15,4,4
2025-04-18 16:00:00,37.9,20,10.7,975.9,23.5,81.0,,16,4,4
2025-04-18 17:00:00,36.7,23,10.1,976.6,13.3,17.9,,17,4,4
2025-04-18 18:00:00,30.9,37,13.8,975.3,14.6,26.4,,18,4,4
2025-04-18 19:00:00,30.6,36,16.7,975.5,17.8,35.5,,19,4,4
2025-04-18 20:00:00,30.0,38,19.6,976.0,21.1,42.1,,20,4,4
2025-04-18 21:00:00,28.7,42,17.5,976.3,25.9,62.2,,21,4,4
2025-04-18 22:00:00,28.3,44,15.9,976.1,34.6,102.9,,22,4,4
2025-04-18 23:00:00,28.5,42,16.2,975.5,39.0,119.2,,23,4,4
2025-04-19 00:00:00,28.4,41,13.5,975.4,38.2,113.6,,0,5,4
2025-04-19 01:00:00,28.2,42,12.5,975.0,38.0,111.3,,1,5,4
2025-04-19 02:00:00,27.7,45,12.3,974.7,40.7,126.7,,2,5,4
2025-04-19 03:00:00,27.1,48,8.2,974.7,47.0,158.8,,3,5,4
2025-04-19 04:00:00,26.1,50,10.6,975.5,58.7,210.9,,4,5,4
2025-04-19 05:00:00,24.8,51,15.4,976.1,73.6,249.6,,5,5,4
2025-04-19 06:00:00,25.0,55,17.1,976.3,82.7,288.7,,6,5,4
2025-04-19 07:00:00,25.9,52,13.9,976.9,91.5,280.3,,7,5,4
2025-04-19 08:00:00,28.4,46,16.2,977.3,110.6,415.4,,8,5,4
2025-04-19 09:00:00,31.4,40,19.4,977.4,121.1,469.4,,9,5,4
2025-04-19 10:00:00,34.0,30,19.8,977.2,118.3,442.4,,10,5,4
2025-04-19 11:00:00,35.8,27,20.8,977.0,100.8,360.4,,11,5,4
2025-04-19 12:00:00,38.1,17,20.0,976.1,83.1,285.0,,12,5,4
2025-04-19 13:00:00,39.4,12,20.6,975.0,72.4,246.8,,13,5,4
2025-04-19 14:00:00,40.1,11,20.3,973.9,61.9,211.9,,14,5,4
2025-04-19 15:00:00,40.5,9,20.4,973.0,49.0,160.7,,15,5,4
2025-04-19 16:00:00,39.8,9,21.7,972.7,34.3,92.2,,16,5,4
2025-04-19 17:00:00,39.1,10,18.7,972.4,25.8,48.1,,17,5,4
2025-04-19 18:00:00,37.7,11,15.5,972.9,19.2,19.2,,18,5,4
2025-04-19 19:00:00,36.3,12,13.8,973.5,28.2,33.4,,19,5,4
2025-04-19 20:00:00,35.8,11,12.4,973.9,43.5,107.1,,20,5,4
2025-04-19 21:00:00,32.7,15,4.7,975.4,54.0,162.1,,21,5,4
2025-04-19 22:00:00,31.0,30,17.7,976.1,58.9,180.2,,22,5,4
2025-04-19 23:00:00,30.1,43,15.8,976.3,55.9,170.0,,23,5,4
2025-04-20 00:00:00,29.7,46,13.6,976.1,51.9,154.6,,0,6,4
2025-04-20 01:00:00,28.8,50,11.5,975.8,51.0,163.4,,1,6,4
2025-04-20 02:00:00,27.7,54,9.7,975.4,49.4,167.2,,2,6,4
2025-04-20 03:00:00,26.8,56,9.9,975.4,39.6,131.8,,3,6,4
2025-04-20 04:00:00,26.2,58,12.8,975.5,33.2,122.9,,4,6,4
2025-04-20 05:00:00,25.6,59,15.5,975.5,57.6,159.3,,5,6,4
2025-04-20 06:00:00,26.5,64,19.8,976.1,39.6,131.8,,6,6,4
2025-04-20 07:00:00,26.3,57,18.3,976.9,33.9,112.2,,7,6,4
2025-04-20 08:00:00,28.0,52,20.5,977.6,35.3,129.5,,8,6,4
2025-04-20 09:00:00,30.0,42,18.3,978.7,38.8,144.8,,9,6,4
2025-04-20 10:00:00,32.6,36,18.3,978.6,45.8,178.8,,10,6,4
2025-04-20 11:00:00,35.2,31,16.2,978.1,54.7,224.9,,11,6,4
2025-04-20 12:00:00,37.7,21,16.7,977.2,65.4,284.1,,12,6,4
2025-04-20 13:00:00,39.3,11,16.9,976.4,72.2,314.8,,13,6,4
2025-04-20 14:00:00,39.0,6,23.6,975.8,65.4,271.0,,14,6,4
2025-04-20 15:00:00,39.2,8,19.7,975.7,49.8,184.4,,15,6,4
2025-04-20 16:00:00,38.5,11,17.8,975.5,33.1,113.9,,16,6,4
2025-04-20 17:00:00,37.9,10,19.4,975.7,27.4,101.3,,17,6,4
2025-04-20 18:00:00,36.9,7,13.9,976.3,27.5,78.0,,18,6,4
2025-04-20 19:00:00,34.4,8,5.8,977.1,43.4,118.3,,19,6,4
2025-04-20 20:00:00,32.5,11,4.2,978.3,55.9,149.5,,20,6,4
2025-04-20 21:00:00,31.6,10,7.0,979.3,62.2,160.7,,21,6,4
2025-04-20 22:00:00,28.6,21,8.2,980.0,63.3,160.7,,22,6,4
2025-04-20 23:00:00,26.9,35,7.6,980.2,60.5,155.5,,23,6,4
2025-04-21 00:00:00,25.6,47,8.9,980.1,54.8,144.4,,0,0,4
2025-04-21 01:00:00,24.5,50,9.6,980.1,48.9,127.1,,1,0,4
2025-04-21 02:00:00,24.1,51,7.2,980.1,43.9,110.8,,2,0,4
2025-04-21 03:00:00,23.1,55,4.2,979.9,39.5,98.3,,3,0,4
2025-04-21 04:00:00,22.4,58,4.0,980.2,36.9,93.6,,4,0,4
2025-04-21 05:00:00,21.7,61,5.3,980.3,40.4,121.1,,5,0,4
2025-04-21 06:00:00,23.3,64,5.0,980.8,43.4,133.6,,6,0,4
2025-04-21 07:00:00,25.0,58,9.3,981.9,46.7,122.9,,7,0,4
2025-04-21 08:00:00,28.1,47,8.3,982.7,51.8,196.0,,8,0,4
2025-04-21 09:00:00,31.5,37,9.4,983.2,53.9,224.4,,9,0,4
2025-04-21 10:00:00,34.3,28,6.4,983.2,55.3,234.7,,10,0,4
2025-04-21 11:00:00,36.7,17,4.0,982.9,58.7,257.0,,11,0,4
2025-04-21 12:00:00,38.1,12,3.7,982.5,62.4,283.1,,12,0,4
2025-04-21 13:00:00,39.2,9,5.6,981.8,58.1,262.6,,13,0,4
2025-04-21 14:00:00,39.7,8,7.6,981.1,46.9,204.4,,14,0,4
2025-04-21 15:00:00,39.7,7,11.1,980.2,42.3,178.8,,15,0,4
2025-04-21 16:00:00,38.9,6,14.3,980.1,39.2,159.3,,16,0,4
2025-04-21 17:00:00,37.9,6,12.6,980.6,36.0,133.2,,17,0,4
2025-04-21 18:00:00,34.5,19,11.7,982.0,34.7,110.4,,18,0,4
2025-04-21 19:00:00,32.1,26,12.9,982.6,41.7,97.8,,19,0,4
2025-04-21 20:00:00,30.8,27,9.7,983.1,42.1,85.2,,20,0,4
2025-04-21 21:00:00,29.8,30,8.5,983.8,45.3,84.3,,21,0,4
2025-04-21 22:00:00,29.1,32,8.1,983.9,55.6,99.7,,22,0,4
2025-04-21 23:00:00,28.2,34,9.8,983.8,60.5,109.4,,23,0,4
2025-04-22 00:00:00,27.3,35,8.2,983.4,51.5,102.0,,0,1,4
2025-04-22 01:00:00,25.9,38,6.9,982.9,46.7,103.6,,1,1,4
2025-04-22 02:00:00,24.7,42,4.7,982.5,45.3,110.6,,2,1,4
2025-04-22 03:00:00,24.4,44,2.2,982.4,45.4,117.8,,3,1,4
2025-04-22 04:00:00,23.5,46,1.9,982.5,46.2,124.3,,4,1,4
2025-04-22 05:00:00,23.0,46,5.3,983.1,49.1,127.1,,5,1,4
2025-04-22 06:00:00,23.3,58,0.8,983.7,51.2,127.6,,6,1,4
2025-04-22 07:00:00,25.0,51,3.8,984.4,53.7,109.9,,7,1,4
2025-04-22 08:00:00,28.5,40,2.7,984.9,49.4,137.4,,8,1,4
2025-04-22 09:00:00,31.9,31,3.5,985.6,53.1,174.6,,9,1,4
2025-04-22 10:00:00,34.6,25,5.7,985.5,56.6,197.0,,10,1,4
2025-04-22 11:00:00,36.5,14,5.0,985.3,43.9,151.3,,11,1,4
2025-04-22 12:00:00,37.5,10,4.3,984.6,34.8,115.3,,12,1,4
2025-04-22 13:00:00,38.1,9,4.9,983.8,29.2,92.7,,13,1,4
2025-04-22 14:00:00,38.6,8,5.6,983.0,24.1,71.2,,14,1,4
2025-04-22 15:00:00,38.8,8,7.2,982.0,20.8,53.8,,15,1,4
2025-04-22 16:00:00,38.8,8,8.4,981.1,17.9,39.8,,16,1,4
2025-04-22 17:00:00,38.3,7,10.1,980.9,17.6,37.7,,17,1,4
2025-04-22 18:00:00,36.2,9,3.6,981.6,17.5,31.7,,18,1,4
2025-04-22 19:00:00,34.0,11,8.4,982.4,24.2,33.5,,19,1,4
2025-04-22 20:00:00,32.3,12,5.7,982.7,27.5,34.5,,20,1,4
2025-04-22 21:00:00,31.0,13,6.9,983.3,28.3,35.0,,21,1,4
2025-04-22 22:00:00,29.2,15,6.3,983.2,29.5,36.3,,22,1,4
2025-04-22 23:00:00,27.8,20,1.1,982.9,31.7,39.0,,23,1,4
2025-04-23 00:00:00,26.6,20,4.0,982.6,34.9,43.7,,0,2,4
2025-04-23 01:00:00,26.8,19,2.7,981.9,40.4,52.0,,1,2,4
2025-04-23 02:00:00,25.9,19,5.4,981.3,47.4,62.6,,2,2,4
2025-04-23 03:00:00,25.3,22,0.9,981.0,52.9,72.2,,3,2,4
2025-04-23 04:00:00,24.3,23,0.7,980.8,56.9,80.3,,4,2,4
2025-04-23 05:00:00,22.9,26,1.5,980.7,60.3,87.8,,5,2,4
2025-04-23 06:00:00,23.2,29,1.7,981.5,65.0,95.2,,6,2,4
2025-04-23 07:00:00,25.5,24,2.8,982.2,70.1,91.3,,7,2,4
2025-04-23 08:00:00,29.1,19,3.0,982.8,59.0,84.1,,8,2,4
2025-04-23 09:00:00,32.7,14,3.6,983.1,43.5,82.7,,9,2,4
2025-04-23 10:00:00,35.6,11,4.2,983.0,33.8,78.9,,10,2,4
2025-04-23 11:00:00,37.4,8,4.8,982.6,24.5,65.9,,11,2,4
2025-04-23 12:00:00,38.3,7,5.0,981.7,21.0,54.7,,12,2,4
2025-04-23 13:00:00,39.0,7,4.8,980.6,19.7,49.6,,13,2,4
2025-04-23 14:00:00,39.4,7,6.0,979.6,18.6,45.8,,14,2,4
2025-04-23 15:00:00,39.5,6,8.0,978.4,17.5,41.9,,15,2,4
2025-04-23 16:00:00,39.1,6,9.9,977.9,16.3,38.4,,16,2,4
2025-04-23 17:00:00,38.4,6,9.5,977.7,9.8,21.9,,17,2,4
2025-04-23 18:00:00,36.4,9,9.8,978.5,10.2,20.3,,18,2,4
2025-04-23 19:00:00,34.3,10,11.9,978.7,18.9,26.8,,19,2,4
2025-04-23 20:00:00,33.4,10,11.9,979.0,27.4,35.2,,20,2,4
2025-04-23 21:00:00,30.8,13,5.2,979.4,36.0,44.1,,21,2,4
2025-04-23 22:00:00,28.8,18,4.9,979.2,44.8,53.8,,22,2,4
2025-04-23 23:00:00,27.8,21,5.7,978.6,51.9,61.5,,23,2,4
2025-04-24 00:00:00,26.9,22,4.9,978.1,53.7,63.3,,0,3,4
2025-04-24 01:00:00,26.3,23,1.7,977.5,49.0,58.2,,1,3,4
2025-04-24 02:00:00,24.7,27,0.8,977.8,42.4,51.3,,2,3,4
2025-04-24 03:00:00,24.1,29,0.6,977.6,39.9,49.4,,3,3,4
2025-04-24 04:00:00,23.9,27,3.1,977.1,40.4,49.8,,4,3,4
2025-04-24 05:00:00,23.2,39,0.8,977.3,60.3,71.9,,5,3,4
2025-04-24 06:00:00,23.6,33,1.2,978.2,63.8,75.9,,6,3,4
2025-04-24 07:00:00,25.2,30,0.7,979.0,67.3,76.1,,7,3,4
2025-04-24 08:00:00,28.9,25,1.8,979.6,49.0,57.0,,8,3,4
2025-04-24 09:00:00,32.9,18,1.0,980.1,28.3,37.6,,9,3,4
2025-04-24 10:00:00,36.1,11,1.1,980.3,17.2,29.0,,10,3,4
2025-04-24 11:00:00,37.8,8,1.7,979.9,13.0,24.2,,11,3,4
2025-04-24 12:00:00,38.7,6,2.7,979.2,12.3,22.9,,12,3,4
2025-04-24 13:00:00,38.8,6,3.6,978.5,11.8,21.8,,13,3,4
2025-04-24 14:00:00,39.4,6,3.2,977.7,11.7,20.8,,14,3,4
2025-04-24 15:00:00,39.3,5,3.6,976.8,11.7,20.3,,15,3,4
2025-04-24 16:00:00,39.1,5,6.1,976.3,11.8,20.0,,16,3,4
2025-04-24 17:00:00,38.8,5,10.6,975.8,10.1,18.3,,17,3,4
2025-04-24 18:00:00,36.8,7,6.0,976.8,11.6,20.7,,18,3,4
2025-04-24 19:00:00,33.7,9,4.0,977.0,21.1,29.5,,19,3,4
2025-04-24 20:00:00,32.7,11,1.5,977.6,29.4,38.5,,20,3,4
2025-04-24 21:00:00,30.8,12,10.0,978.4,34.5,44.6,,21,3,4
2025-04-24 22:00:00,29.4,16,6.3,978.5,39.8,50.4,,22,3,4
2025-04-24 23:00:00,27.4,20,5.7,978.5,42.5,51.9,,23,3,4
2025-04-25 00:00:00,27.0,21,9.5,978.6,38.9,46.1,,0,4,4
2025-04-25 01:00:00,25.5,23,5.6,978.2,28.9,32.7,,1,4,4
2025-04-25 02:00:00,24.3,26,4.8,978.0,20.3,22.9,,2,4,4
2025-04-25 03:00:00,23.3,29,4.2,978.1,16.2,18.7,,3,4,4
2025-04-25 04:00:00,23.1,30,7.0,978.6,15.2,18.0,,4,4,4
2025-04-25 05:00:00,22.5,30,6.7,978.9,10.9,13.8,,5,4,4
2025-04-25 06:00:00,24.2,33,7.9,979.5,13.2,16.3,,6,4,4
2025-04-25 07:00:00,25.8,29,9.5,980.2,16.9,19.4,,7,4,4
2025-04-25 08:00:00,29.0,24,8.3,981.0,15.5,18.7,,8,4,4
2025-04-25 09:00:00,33.6,18,9.5,981.8,14.0,18.2,,9,4,4
2025-04-25 10:00:00,36.7,13,11.0,982.0,12.5,17.9,,10,4,4
2025-04-25 11:00:00,38.9,9,6.6,981.8,9.3,16.8,,11,4,4
2025-04-25 12:00:00,39.9,6,2.7,981.2,9.2,18.6,,12,4,4
2025-04-25 13:00:00,40.5,6,5.8,980.3,8.7,18.8,,13,4,4
2025-04-25 14:00:00,40.5,6,10.2,979.5,8.4,18.7,,14,4,4
2025-04-25 15:00:00,40.2,6,12.3,978.8,8.5,18.8,,15,4,4
2025-04-25 16:00:00,39.8,6,13.0,978.4,8.8,19.1,,16,4,4
2025-04-25 17:00:00,39.3,6,12.3,978.3,7.3,15.2,,17,4,4
2025-04-25 18:00:00,37.8,6,13.4,978.7,11.8,18.7,,18,4,4
2025-04-25 19:00:00,35.5,10,15.1,979.0,26.6,33.4,,19,4,4
2025-04-25 20:00:00,32.3,15,4.0,979.5,37.4,43.5,,20,4,4
2025-04-25 21:00:00,31.3,14,5.4,980.2,40.2,45.5,,21,4,4
2025-04-25 22:00:00,30.4,23,1.0,979.9,34.6,38.8,,22,4,4
2025-04-25 23:00:00,29.3,17,4.4,979.4,28.5,32.2,,23,4,4
2025-04-26 00:00:00,28.3,18,4.2,978.9,23.7,27.6,,0,5,4
2025-04-26 01:00:00,27.2,18,5.7,978.4,21.5,25.8,,1,5,4
2025-04-26 02:00:00,26.9,18,6.5,978.0,20.1,24.7,,2,5,4
2025-04-26 03:00:00,25.6,20,6.4,977.6,19.3,24.4,,3,5,4
2025-04-26 04:00:00,24.5,21,6.2,977.5,19.1,24.5,,4,5,4
2025-04-26 05:00:00,23.6,23,5.9,977.6,15.4,21.2,,5,5,4
2025-04-26 06:00:00,24.0,34,3.2,978.5,18.9,25.9,,6,5,4
2025-04-26 07:00:00,26.0,29,2.0,979.5,25.6,31.9,,7,5,4
2025-04-26 08:00:00,29.3,24,0.8,980.4,23.5,31.1,,8,5,4
2025-04-26 09:00:00,33.3,18,0.5,981.2,19.2,28.3,,9,5,4
2025-04-26 10:00:00,36.8,12,0.8,981.4,14.6,24.3,,10,5,4
2025-04-26 11:00:00,38.9,7,1.0,981.5,10.7,19.5,,11,5,4
2025-04-26 12:00:00,39.9,6,5.0,981.0,9.2,16.9,,12,5,4
2025-04-26 13:00:00,40.5,6,8.6,980.3,9.6,18.5,,13,5,4
2025-04-26 14:00:00,40.7,6,12.3,979.5,9.7,19.5,,14,5,4
2025-04-26 15:00:00,40.4,7,15.6,978.7,9.3,20.0,,15,5,4
2025-04-26 16:00:00,39.6,7,14.8,978.6,8.9,20.2,,16,5,4
2025-04-26 17:00:00,38.8,7,14.8,978.7,12.2,25.0,,17,5,4
2025-04-26 18:00:00,38.0,7,6.2,978.5,13.8,26.0,,18,5,4
2025-04-26 19:00:00,35.2,9,6.2,979.2,23.2,33.8,,19,5,4
2025-04-26 20:00:00,33.1,12,5.9,979.5,29.7,39.7,,20,5,4
2025-04-26 21:00:00,31.4,15,6.5,980.2,31.2,39.9,,21,5,4
2025-04-26 22:00:00,29.7,17,7.8,980.4,30.2,37.7,,22,5,4
2025-04-26 23:00:00,29.1,17,6.2,980.7,27.6,34.0,,23,5,4
2025-04-27 00:00:00,28.0,22,1.0,980.4,23.9,30.3,,0,6,4
2025-04-27 01:00:00,26.5,22,1.9,979.7,21.9,28.6,,1,6,4
2025-04-27 02:00:00,25.3,24,4.0,979.3,21.4,28.2,,2,6,4
2025-04-27 03:00:00,24.5,26,1.4,979.4,21.4,28.6,,3,6,4
2025-04-27 04:00:00,23.8,27,5.5,979.7,21.9,29.5,,4,6,4
2025-04-27 05:00:00,23.1,30,5.9,980.0,33.1,41.6,,5,6,4
2025-04-27 06:00:00,23.6,40,5.1,980.1,32.1,39.3,,6,6,4
2025-04-27 07:00:00,25.2,37,5.1,980.9,30.6,36.0,,7,6,4
2025-04-27 08:00:00,28.3,30,2.8,981.7,27.7,34.6,,8,6,4
2025-04-27 09:00:00,32.3,22,3.0,982.3,21.6,32.1,,9,6,4
2025-04-27 10:00:00,35.8,15,5.1,982.9,17.3,30.2,,10,6,4
2025-04-27 11:00:00,37.9,11,5.8,982.7,16.2,30.9,,11,6,4
2025-04-27 12:00:00,39.1,9,4.3,982.1,15.1,30.3,,12,6,4
2025-04-27 13:00:00,39.6,8,5.0,981.5,14.5,29.6,,13,6,4
2025-04-27 14:00:00,39.8,7,6.2,980.6,14.7,29.6,,14,6,4
2025-04-27 15:00:00,39.8,7,6.7,979.9,15.0,29.6,,15,6,4
2025-04-27 16:00:00,39.5,8,6.9,979.5,14.9,29.3,,16,6,4
2025-04-27 17:00:00,38.9,8,7.9,979.2,8.5,17.3,,17,6,4
2025-04-27 18:00:00,37.5,8,7.9,979.2,10.0,18.0,,18,6,4
2025-04-27 19:00:00,35.2,10,4.9,979.4,20.5,27.6,,19,6,4
2025-04-27 20:00:00,33.8,10,4.7,980.1,26.3,33.2,,20,6,4
2025-04-27 21:00:00,32.8,13,2.2,980.3,28.8,35.7,,21,6,4
2025-04-27 22:00:00,31.7,18,0.6,980.3,30.5,37.7,,22,6,4
2025-04-27 23:00:00,29.8,16,2.4,980.2,30.7,38.3,,23,6,4
2025-04-28 00:00:00,28.5,16,3.1,979.8,29.0,37.3,,0,0,4
2025-04-28 01:00:00,27.5,17,1.6,979.3,28.8,37.7,,1,0,4
2025-04-28 02:00:00,26.2,18,4.4,978.9,33.1,42.6,,2,0,4
2025-04-28 03:00:00,25.4,20,4.0,978.5,40.9,50.5,,3,0,4
2025-04-28 04:00:00,24.9,22,1.5,978.5,47.7,57.5,,4,0,4
2025-04-28 05:00:00,24.0,23,1.0,978.6,69.6,79.4,,5,0,4
2025-04-28 06:00:00,24.5,31,4.3,979.6,70.5,79.9,,6,0,4
2025-04-28 07:00:00,27.0,27,4.8,980.4,63.1,69.2,,7,0,4
2025-04-28 08:00:00,30.9,21,2.3,980.9,47.8,53.7,,8,0,4
2025-04-28 09:00:00,34.9,15,2.3,981.3,31.8,40.5,,9,0,4
2025-04-28 10:00:00,37.8,11,1.1,981.1,23.8,34.3,,10,0,4
2025-04-28 11:00:00,39.3,9,2.4,980.9,19.1,30.7,,11,0,4
2025-04-28 12:00:00,40.5,8,5.5,980.2,17.2,29.0,,12,0,4
2025-04-28 13:00:00,41.2,7,6.7,979.5,16.4,28.1,,13,0,4
2025-04-28 14:00:00,41.6,7,7.1,978.5,15.8,27.1,,14,0,4
2025-04-28 15:00:00,41.9,6,7.5,977.6,15.1,26.1,,15,0,4
2025-04-28 16:00:00,41.8,7,8.8,977.0,14.3,24.9,,16,0,4
2025-04-28 17:00:00,40.7,7,12.6,976.7,11.1,11.1,,17,0,4
2025-04-28 18:00:00,39.6,7,6.8,976.5,12.3,12.3,,18,0,4
2025-04-28 19:00:00,36.1,10,4.4,976.7,26.4,26.4,,19,0,4
2025-04-28 20:00:00,35.4,11,1.9,977.3,35.0,35.2,,20,0,4
2025-04-28 21:00:00,34.0,15,0.8,977.6,35.2,35.4,,21,0,4
2025-04-28 22:00:00,32.1,13,6.0,977.7,34.8,35.4,,22,0,4
2025-04-28 23:00:00,30.6,13,4.3,977.7,35.5,36.4,,23,0,4
2025-04-29 00:00:00,29.2,15,5.5,977.7,38.9,39.9,,0,1,4
2025-04-29 01:00:00,28.7,16,3.4,977.0,42.0,43.1,,1,1,4
2025-04-29 02:00:00,28.1,16,1.9,976.5,49.6,52.0,,2,1,4
2025-04-29 03:00:00,26.1,18,5.2,976.8,56.8,62.6,,3,1,4
2025-04-29 04:00:00,25.7,18,9.4,976.9,62.4,75.7,,4,1,4
2025-04-29 05:00:00,24.7,21,9.6,977.5,57.7,123.9,,5,1,4
2025-04-29 06:00:00,25.2,44,13.1,979.2,76.4,226.3,,6,1,4
2025-04-29 07:00:00,26.7,48,13.2,980.0,97.6,315.7,,7,1,4
2025-04-29 08:00:00,29.0,46,14.8,980.8,126.2,486.2,,8,1,4
2025-04-29 09:00:00,31.7,38,14.8,981.3,135.0,558.8,,9,1,4
2025-04-29 10:00:00,34.4,30,13.1,981.5,125.7,514.1,,10,1,4
2025-04-29 11:00:00,36.7,23,11.0,981.1,109.9,445.2,,11,1,4
2025-04-29 12:00:00,38.5,19,8.4,980.3,94.5,378.1,,12,1,4
2025-04-29 13:00:00,39.8,16,5.0,979.3,79.6,309.2,,13,1,4
2025-04-29 14:00:00,40.7,14,1.9,978.4,65.9,241.2,,14,1,4
2025-04-29 15:00:00,40.9,13,2.3,977.4,55.6,188.6,,15,1,4
2025-04-29 16:00:00,40.8,12,6.1,976.8,46.9,145.3,,16,1,4
2025-04-29 17:00:00,40.0,12,10.3,976.6,43.3,115.9,,17,1,4
2025-04-29 18:00:00,38.9,12,4.8,977.2,37.4,91.0,,18,1,4
2025-04-29 19:00:00,36.8,14,7.7,977.6,51.0,94.1,,19,1,4
2025-04-29 20:00:00,34.8,15,4.9,978.0,60.5,97.1,,20,1,4
2025-04-29 21:00:00,33.1,17,6.9,978.6,67.5,105.5,,21,1,4
2025-04-29 22:00:00,31.3,24,5.4,979.2,72.9,117.3,,22,1,4
2025-04-29 23:00:00,30.6,27,8.2,979.3,75.2,122.9,,23,1,4
2025-04-30 00:00:00,29.9,29,8.8,979.2,79.4,137.8,,0,2,4
2025-04-30 01:00:00,28.9,32,8.8,978.9,83.1,169.5,,1,2,4
2025-04-30 02:00:00,28.0,34,8.0,978.9,89.4,239.3,,2,2,4
2025-04-30 03:00:00,27.3,35,9.1,979.1,101.3,341.8,,3,2,4
2025-04-30 04:00:00,26.8,38,9.9,979.2,114.1,425.6,,4,2,4
2025-04-30 05:00:00,26.3,41,9.4,979.8,127.6,519.7,,5,2,4
2025-04-30 06:00:00,27.1,48,10.6,981.2,126.7,478.7,,6,2,4
2025-04-30 07:00:00,28.5,46,10.3,982.0,122.5,416.3,,7,2,4
2025-04-30 08:00:00,30.7,40,11.9,982.7,121.1,442.4,,8,2,4
2025-04-30 09:00:00,33.3,34,12.1,983.1,116.6,445.2,,9,2,4
2025-04-30 10:00:00,35.9,28,12.5,983.0,111.8,460.1,,10,2,4
2025-04-30 11:00:00,38.0,23,11.2,982.5,104.8,463.8,,11,2,4
2025-04-30 12:00:00,39.5,19,7.2,981.7,92.7,409.8,,12,2,4
2025-04-30 13:00:00,40.5,17,3.9,980.7,83.6,357.6,,13,2,4
2025-04-30 14:00:00,41.0,15,0.6,979.7,74.7,309.2,,14,2,4
2025-04-30 15:00:00,40.7,15,4.2,978.6,63.6,251.5,,15,2,4
2025-04-30 16:00:00,40.7,13,14.4,978.5,57.0,213.7,,16,2,4
2025-04-30 17:00:00,39.3,14,15.9,978.7,71.2,256.1,,17,2,4
2025-04-30 18:00:00,38.6,12,7.4,978.9,67.5,220.7,,18,2,4
2025-04-30 19:00:00,37.1,15,10.2,978.9,75.2,207.7,,19,2,4
2025-04-30 20:00:00,35.2,17,4.7,979.7,79.9,205.4,,20,2,4
2025-04-30 21:00:00,33.9,27,11.4,980.3,74.3,199.3,,21,2,4
2025-04-30 22:00:00,32.6,28,12.6,980.4,76.8,205.4,,22,2,4
2025-04-30 23:00:00,32.0,26,10.1,980.1,83.8,232.4,,23,2,4
2025-05-01 00:00:00,31.0,29,8.2,979.8,88.2,268.2,,0,3,5
2025-05-01 01:00:00,29.5,32,5.1,979.7,95.2,328.8,,1,3,5
2025-05-01 02:00:00,29.2,32,7.1,979.7,104.3,398.6,,2,3,5
2025-05-01 03:00:00,28.5,34,7.4,979.8,109.2,433.1,,3,3,5
2025-05-01 04:00:00,27.9,38,7.6,980.1,108.7,424.7,,4,3,5
2025-05-01 05:00:00,27.3,42,8.7,980.6,110.4,440.5,,5,3,5
2025-05-01 06:00:00,27.8,55,10.9,982.3,108.7,421.0,,6,3,5
2025-05-01 07:00:00,29.1,51,11.4,983.1,107.1,400.5,,7,3,5
2025-05-01 08:00:00,31.3,44,13.4,983.7,111.3,484.3,,8,3,5
2025-05-01 09:00:00,33.5,37,13.8,984.0,110.8,491.7,,9,3,5
2025-05-01 10:00:00,35.8,31,13.9,983.7,109.9,504.8,,10,3,5
2025-05-01 11:00:00,37.6,25,12.6,983.4,110.1,547.6,,11,3,5
2025-05-01 12:00:00,38.7,22,8.0,982.6,111.5,603.5,,12,3,5
2025-05-01 13:00:00,39.1,20,0.4,982.1,104.5,575.6,,13,3,5
2025-05-01 14:00:00,39.1,19,14.7,981.6,94.3,504.8,,14,3,5
2025-05-01 15:00:00,33.8,30,11.7,981.8,86.4,438.7,,15,3,5
2025-05-01 16:00:00,32.4,33,11.2,982.3,81.7,407.0,,16,3,5
2025-05-01 17:00:00,32.7,35,9.3,981.6,92.2,443.3,,17,3,5
2025-05-01 18:00:00,32.1,35,14.3,981.2,89.2,394.9,,18,3,5
2025-05-01 19:00:00,31.8,36,3.1,980.7,88.5,346.5,,19,3,5
2025-05-01 20:00:00,31.1,40,1.6,981.0,92.7,313.9,,20,3,5
2025-05-01 21:00:00,30.1,37,12.9,982.0,87.1,242.1,,21,3,5
2025-05-01 22:00:00,28.7,42,13.2,981.9,85.9,249.6,,22,3,5
2025-05-01 23:00:00,28.7,43,13.5,981.3,81.5,223.1,,23,3,5
2025-05-02 00:00:00,28.9,44,10.0,981.4,73.8,189.5,,0,4,5
2025-05-02 01:00:00,28.4,44,9.3,980.9,68.9,175.1,,1,4,5
2025-05-02 02:00:00,28.1,46,8.5,981.4,66.4,160.2,,2,4,5
2025-05-02 03:00:00,27.7,50,9.2,981.7,65.2,144.4,,3,4,5
2025-05-02 04:00:00,27.4,52,7.5,982.9,66.4,156.0,,4,4,5
2025-05-02 05:00:00,26.8,55,7.6,983.3,60.1,129.9,,5,4,5
2025-05-02 06:00:00,23.8,73,11.5,982.0,53.6,98.0,,6,4,5
2025-05-02 07:00:00,24.8,70,0.4,983.4,49.6,69.2,,7,4,5
2025-05-02 08:00:00,26.0,65,7.4,984.9,47.7,61.7,,8,4,5
2025-05-02 09:00:00,27.1,60,6.1,985.8,48.9,81.5,,9,4,5
2025-05-02 10:00:00,28.4,56,5.2,986.1,53.2,137.8,,10,4,5
2025-05-02 11:00:00,30.3,48,5.7,985.6,62.4,221.7,,11,4,5
2025-05-02 12:00:00,32.3,40,7.5,985.0,70.3,286.8,,12,4,5
2025-05-02 13:00:00,32.2,36,10.3,985.4,83.4,355.8,,13,4,5
2025-05-02 14:00:00,30.1,43,11.1,984.3,88.0,378.1,,14,4,5
2025-05-02 15:00:00,30.8,43,10.3,983.9,85.7,357.6,,15,4,5
2025-05-02 16:00:00,31.3,43,7.4,983.1,79.4,288.7,,16,4,5
2025-05-02 17:00:00,30.7,46,7.7,982.6,71.5,336.2,,17,4,5
2025-05-02 18:00:00,30.0,44,5.1,983.0,71.7,305.5,,18,4,5
2025-05-02 19:00:00,29.2,46,9.3,983.1,71.0,254.3,,19,4,5
2025-05-02 20:00:00,28.5,51,9.2,982.8,76.1,247.7,,20,4,5
2025-05-02 21:00:00,27.1,60,12.0,982.9,75.0,208.2,,21,4,5
2025-05-02 22:00:00,26.3,64,7.1,983.1,68.7,170.0,,22,4,5
2025-05-02 23:00:00,26.0,65,5.8,982.8,62.6,134.6,,23,4,5
2025-05-03 00:00:00,25.8,65,4.6,982.2,61.2,116.4,,0,5,5
2025-05-03 01:00:00,25.4,66,4.1,981.3,64.7,117.8,,1,5,5
2025-05-03 02:00:00,25.0,67,3.3,981.1,68.9,117.8,,2,5,5
2025-05-03 03:00:00,24.5,69,2.4,981.1,70.3,112.7,,3,5,5
2025-05-03 04:00:00,24.0,71,6.6,981.2,69.2,104.3,,4,5,5
2025-05-03 05:00:00,23.6,73,5.8,981.5,61.7,115.0,,5,5,5
2025-05-03 06:00:00,23.9,77,9.3,982.0,59.8,113.4,,6,5,5
2025-05-03 07:00:00,24.9,70,14.3,983.0,59.5,114.3,,7,5,5
2025-05-03 08:00:00,26.7,62,8.3,983.0,54.5,125.3,,8,5,5
2025-05-03 09:00:00,29.1,53,6.8,983.0,46.6,129.0,,9,5,5
2025-05-03 10:00:00,31.2,46,6.7,983.0,43.8,130.9,,10,5,5
2025-05-03 11:00:00,32.2,41,3.4,983.1,41.1,121.5,,11,5,5
2025-05-03 12:00:00,32.3,39,2.5,982.2,39.6,111.5,,12,5,5
2025-05-03 13:00:00,33.0,37,1.8,981.5,37.4,96.9,,13,5,5
2025-05-03 14:00:00,33.1,36,6.5,980.4,36.9,96.4,,14,5,5
2025-05-03 15:00:00,32.6,36,6.9,979.1,34.7,83.6,,15,5,5
2025-05-03 16:00:00,32.2,33,8.7,979.1,34.5,82.7,,16,5,5
2025-05-03 17:00:00,31.8,35,3.9,979.2,29.8,66.1,,17,5,5
2025-05-03 18:00:00,31.9,34,12.7,978.5,29.6,65.0,,18,5,5
2025-05-03 19:00:00,31.2,34,8.1,978.9,39.9,72.2,,19,5,5
2025-05-03 20:00:00,29.6,41,7.9,979.4,52.3,85.0,,20,5,5
2025-05-03 21:00:00,28.6,45,7.9,979.6,55.1,86.8,,21,5,5
2025-05-03 22:00:00,27.7,48,6.3,979.6,53.0,83.6,,22,5,5
2025-05-03 23:00:00,26.9,51,3.2,979.5,53.6,84.3,,23,5,5
2025-05-04 00:00:00,26.2,53,3.0,979.3,49.7,77.5,,0,6,5
2025-05-04 01:00:00,25.4,57,2.3,978.9,44.5,68.7,,1,6,5
2025-05-04 02:00:00,25.0,57,3.5,978.5,42.1,64.3,,2,6,5
2025-05-04 03:00:00,24.7,58,6.5,978.3,42.7,63.3,,3,6,5
2025-05-04 04:00:00,24.2,61,7.7,978.5,44.7,64.7,,4,6,5
2025-05-04 05:00:00,23.8,61,7.3,979.0,28.2,41.1,,5,6,5
2025-05-04 06:00:00,25.7,57,7.0,978.9,26.6,35.5,,6,6,5
2025-05-04 07:00:00,26.9,52,5.9,979.7,25.2,37.0,,7,6,5
2025-05-04 08:00:00,29.6,43,5.2,980.4,25.8,46.9,,8,6,5
2025-05-04 09:00:00,32.6,35,8.3,980.6,27.7,60.5,,9,6,5
2025-05-04 10:00:00,34.1,33,9.5,980.6,28.8,70.5,,10,6,5
2025-05-04 11:00:00,33.1,35,5.2,980.5,29.5,76.1,,11,6,5
2025-05-04 12:00:00,23.2,85,10.7,981.8,34.1,90.6,,12,6,5
2025-05-04 13:00:00,23.4,88,13.1,979.0,30.9,65.7,,13,6,5
2025-05-04 14:00:00,24.8,82,0.8,978.4,29.8,51.5,,14,6,5
2025-05-04 15:00:00,26.4,76,5.5,978.8,32.0,62.9,,15,6,5
2025-05-04 16:00:00,26.4,74,2.9,978.6,31.0,55.9,,16,6,5
2025-05-04 17:00:00,27.1,69,3.4,978.7,42.4,92.0,,17,6,5
2025-05-04 18:00:00,30.3,47,8.2,978.2,44.6,93.1,,18,6,5
2025-05-04 19:00:00,29.2,52,5.1,978.4,44.8,77.5,,19,6,5
2025-05-04 20:00:00,28.6,55,5.0,978.7,46.9,72.2,,20,6,5
2025-05-04 21:00:00,27.3,66,3.2,979.4,48.8,74.3,,21,6,5
2025-05-04 22:00:00,26.7,71,1.6,979.7,51.3,77.8,,22,6,5
2025-05-04 23:00:00,26.1,68,2.7,980.0,59.1,88.5,,23,6,5
2025-05-05 00:00:00,25.6,66,5.2,979.9,65.4,95.0,,0,0,5
2025-05-05 01:00:00,24.9,68,5.1,979.6,69.6,97.8,,1,0,5
2025-05-05 02:00:00,24.4,70,5.6,979.3,71.2,98.5,,2,0,5
2025-05-05 03:00:00,24.2,72,6.3,979.3,68.2,93.8,,3,0,5
2025-05-05 04:00:00,24.0,73,6.6,979.5,67.1,96.4,,4,0,5
2025-05-05 05:00:00,23.8,75,8.8,979.8,54.7,108.3,,5,0,5
2025-05-05 06:00:00,22.0,82,6.5,981.1,55.9,112.0,,6,0,5
2025-05-05 07:00:00,23.5,75,4.4,982.0,56.8,136.9,,7,0,5
2025-05-05 08:00:00,24.9,68,5.1,982.7,62.6,213.3,,8,0,5
2025-05-05 09:00:00,25.2,67,7.8,983.1,68.9,272.9,,9,0,5
2025-05-05 10:00:00,27.3,57,7.2,983.3,73.1,316.6,,10,0,5
2025-05-05 11:00:00,26.9,60,11.3,983.7,75.7,338.1,,11,0,5
2025-05-05 12:00:00,26.6,62,7.7,982.7,72.6,317.6,,12,0,5
2025-05-05 13:00:00,28.1,58,8.1,982.0,68.7,293.4,,13,0,5
2025-05-05 14:00:00,29.4,53,10.9,981.1,66.6,285.0,,14,0,5
2025-05-05 15:00:00,29.9,49,9.9,980.3,66.1,287.8,,15,0,5
2025-05-05 16:00:00,30.4,47,8.7,979.6,66.6,293.4,,16,0,5
2025-05-05 17:00:00,29.6,49,11.2,979.4,65.7,257.0,,17,0,5
2025-05-05 18:00:00,28.5,51,5.3,980.8,65.7,258.9,,18,0,5
2025-05-05 19:00:00,26.9,61,3.5,981.0,64.3,218.9,,19,0,5
2025-05-05 20:00:00,26.2,64,3.5,981.0,64.0,190.0,,20,0,5
2025-05-05 21:00:00,25.5,65,4.0,981.3,70.5,191.4,,21,0,5
2025-05-05 22:00:00,24.7,70,4.2,981.5,80.8,209.5,,22,0,5
2025-05-05 23:00:00,23.9,75,4.0,981.7,89.9,208.6,,23,0,5
2025-05-06 00:00:00,23.7,77,1.9,981.8,87.3,194.2,,0,1,5
2025-05-06 01:00:00,23.2,79,2.8,981.3,83.6,174.2,,1,1,5
2025-05-06 02:00:00,22.8,80,3.4,981.0,81.7,164.8,,2,1,5
2025-05-06 03:00:00,22.4,80,4.5,981.1,81.3,159.3,,3,1,5
2025-05-06 04:00:00,22.1,82,4.5,981.2,81.0,152.3,,4,1,5
2025-05-06 05:00:00,21.9,84,4.3,981.4,82.4,149.5,,5,1,5
2025-05-06 06:00:00,22.9,80,5.8,981.4,82.7,138.8,,6,1,5
2025-05-06 07:00:00,24.6,73,5.0,982.2,83.6,134.1,,7,1,5
2025-05-06 08:00:00,27.1,61,6.6,982.9,79.4,151.3,,8,1,5
2025-05-06 09:00:00,29.1,52,7.7,983.3,67.3,179.3,,9,1,5
2025-05-06 10:00:00,30.7,46,6.7,983.0,64.5,231.9,,10,1,5
2025-05-06 11:00:00,32.2,41,6.0,982.4,70.1,272.9,,11,1,5
2025-05-06 12:00:00,33.4,37,5.3,981.6,71.5,283.1,,12,1,5
2025-05-06 13:00:00,34.1,34,3.5,980.7,71.0,283.1,,13,1,5
2025-05-06 14:00:00,34.8,31,1.9,979.6,69.6,278.5,,14,1,5
2025-05-06 15:00:00,35.3,30,1.0,978.5,67.8,271.9,,15,1,5
2025-05-06 16:00:00,35.3,29,1.0,977.9,66.8,265.4,,16,1,5
2025-05-06 17:00:00,34.5,30,5.3,977.8,65.7,267.3,,17,1,5
2025-05-06 18:00:00,33.4,30,6.1,978.7,65.4,258.9,,18,1,5
2025-05-06 19:00:00,31.7,35,8.0,978.9,76.1,251.5,,19,1,5
2025-05-06 20:00:00,30.2,40,8.9,979.3,93.6,273.8,,20,1,5
2025-05-06 21:00:00,29.5,43,6.9,979.9,108.0,287.8,,21,1,5
2025-05-06 22:00:00,28.7,45,7.4,980.1,115.5,286.8,,22,1,5
2025-05-06 23:00:00,28.1,46,5.7,980.2,113.9,269.2,,23,1,5
2025-05-07 00:00:00,27.3,49,7.9,980.1,109.4,248.7,,0,2,5
2025-05-07 01:00:00,26.5,52,7.0,979.8,105.2,231.9,,1,2,5
2025-05-07 02:00:00,26.1,54,7.0,979.8,99.7,222.6,,2,2,5
2025-05-07 03:00:00,25.7,56,7.2,980.0,95.5,237.5,,3,2,5
2025-05-07 04:00:00,25.3,58,6.9,980.1,95.2,277.5,,4,2,5
2025-05-07 05:00:00,24.8,60,7.0,980.2,84.8,326.0,,5,2,5
2025-05-07 06:00:00,26.1,61,8.4,980.6,82.4,298.0,,6,2,5
2025-05-07 07:00:00,27.5,57,7.2,981.3,75.4,281.3,,7,2,5
2025-05-07 08:00:00,29.5,52,8.9,981.9,66.6,240.3,,8,2,5
2025-05-07 09:00:00,31.3,47,10.3,982.3,63.8,243.1,,9,2,5
2025-05-07 10:00:00,31.7,45,9.2,982.4,61.9,234.2,,10,2,5
2025-05-07 11:00:00,33.5,36,5.0,981.8,56.9,212.8,,11,2,5
2025-05-07 12:00:00,35.0,33,1.5,981.1,51.0,189.5,,12,2,5
2025-05-07 13:00:00,35.2,32,1.5,980.3,48.2,172.8,,13,2,5
2025-05-07 14:00:00,34.7,32,5.9,979.4,46.9,162.5,,14,2,5
2025-05-07 15:00:00,32.3,37,2.1,978.9,45.3,151.8,,15,2,5
2025-05-07 16:00:00,32.8,37,4.8,978.4,43.9,140.6,,16,2,5
2025-05-07 17:00:00,32.9,37,6.8,978.1,48.1,146.2,,17,2,5
2025-05-07 18:00:00,32.4,37,9.6,978.1,47.3,137.8,,18,2,5
2025-05-07 19:00:00,30.9,43,8.3,978.4,49.1,120.1,,19,2,5
2025-05-07 20:00:00,29.9,48,7.5,978.7,53.4,110.6,,20,2,5
2025-05-07 21:00:00,29.1,51,8.2,979.4,53.7,99.0,,21,2,5
2025-05-07 22:00:00,28.4,53,7.8,979.6,52.4,88.2,,22,2,5
2025-05-07 23:00:00,27.9,54,7.5,979.6,50.4,85.4,,23,2,5
2025-05-08 00:00:00,27.4,56,7.6,979.4,49.1,90.3,,0,3,5
2025-05-08 01:00:00,26.8,59,6.4,979.0,49.0,95.2,,1,3,5
2025-05-08 02:00:00,26.2,61,6.1,979.2,49.8,100.4,,2,3,5
2025-05-08 03:00:00,25.7,63,5.7,979.4,51.6,106.2,,3,3,5
2025-05-08 04:00:00,25.3,65,5.9,979.6,53.3,113.4,,4,3,5
2025-05-08 05:00:00,24.9,66,5.9,979.9,48.7,80.1,,5,3,5
2025-05-08 06:00:00,26.0,68,9.9,980.4,48.1,95.5,,6,3,5
2025-05-08 07:00:00,26.2,67,8.7,982.0,50.8,98.0,,7,3,5
2025-05-08 08:00:00,27.1,63,6.4,982.3,52.7,146.7,,8,3,5
2025-05-08 09:00:00,28.7,56,4.3,982.7,56.0,191.4,,9,3,5
2025-05-08 10:00:00,30.6,49,4.9,982.7,60.1,238.4,,10,3,5
2025-05-08 11:00:00,32.7,41,6.7,982.0,61.5,238.0,,11,3,5
2025-05-08 12:00:00,34.1,36,6.3,981.5,61.0,218.9,,12,3,5
2025-05-08 13:00:00,34.8,34,4.1,980.7,54.9,175.6,,13,3,5
2025-05-08 14:00:00,32.1,42,9.8,980.8,52.4,140.2,,14,3,5
2025-05-08 15:00:00,32.1,41,3.6,980.2,50.6,125.3,,15,3,5
2025-05-08 16:00:00,33.0,38,3.8,979.8,49.6,116.2,,16,3,5
2025-05-08 17:00:00,33.0,37,3.1,979.5,51.6,132.2,,17,3,5
2025-05-08 18:00:00,29.4,52,8.0,980.5,50.1,121.1,,18,3,5
2025-05-08 19:00:00,28.7,56,4.5,980.8,51.5,103.6,,19,3,5
2025-05-08 20:00:00,28.2,64,2.7,981.2,55.8,98.3,,20,3,5
2025-05-08 21:00:00,27.9,65,2.9,981.5,60.8,102.0,,21,3,5
2025-05-08 22:00:00,27.1,69,3.5,981.7,68.0,109.9,,22,3,5
2025-05-08 23:00:00,26.4,68,4.8,981.7,75.7,120.1,,23,3,5
2025-05-09 00:00:00,25.8,71,3.7,981.8,79.9,127.1,,0,4,5
2025-05-09 01:00:00,25.3,71,4.3,981.4,80.6,129.0,,1,4,5
2025-05-09 02:00:00,24.8,74,4.2,981.3,82.4,128.5,,2,4,5
2025-05-09 03:00:00,24.4,75,4.5,981.4,80.1,115.3,,3,4,5
2025-05-09 04:00:00,24.1,76,5.2,981.3,72.6,99.7,,4,4,5
2025-05-09 05:00:00,23.8,77,4.6,981.8,43.5,71.5,,5,4,5
2025-05-09 06:00:00,23.3,82,8.3,982.9,46.3,70.1,,6,4,5
2025-05-09 07:00:00,24.6,76,11.1,984.2,51.1,75.9,,7,4,5
2025-05-09 08:00:00,26.3,68,10.3,984.5,51.7,82.2,,8,4,5
2025-05-09 09:00:00,28.8,60,8.0,984.8,45.6,90.1,,9,4,5
2025-05-09 10:00:00,30.9,52,5.1,985.1,45.6,112.2,,10,4,5
2025-05-09 11:00:00,31.9,48,4.0,984.7,46.3,132.7,,11,4,5
2025-05-09 12:00:00,32.6,45,1.9,984.0,46.7,143.4,,12,4,5
2025-05-09 13:00:00,33.1,44,2.7,983.3,47.0,151.8,,13,4,5
2025-05-09 14:00:00,33.5,42,5.2,982.8,47.4,158.3,,14,4,5
2025-05-09 15:00:00,33.0,43,5.2,982.1,47.1,156.9,,15,4,5
2025-05-09 16:00:00,32.8,43,2.3,981.2,46.6,144.8,,16,4,5
2025-05-09 17:00:00,32.6,44,3.5,980.9,48.4,130.4,,17,4,5
2025-05-09 18:00:00,31.5,46,12.4,980.9,48.1,118.5,,18,4,5
2025-05-09 19:00:00,29.4,55,8.8,981.2,50.4,109.7,,19,4,5
2025-05-09 20:00:00,28.8,57,7.2,981.6,47.7,98.3,,20,4,5
2025-05-09 21:00:00,28.5,58,5.3,981.9,45.6,95.0,,21,4,5
2025-05-09 22:00:00,27.9,61,3.8,981.7,46.2,92.9,,22,4,5
2025-05-09 23:00:00,27.3,64,3.5,981.7,47.6,95.0,,23,4,5
2025-05-10 00:00:00,26.6,71,1.6,981.5,50.9,97.3,,0,5,5
2025-05-10 01:00:00,26.1,75,0.5,981.1,56.7,108.3,,1,5,5
2025-05-10 02:00:00,25.7,75,1.5,980.8,63.1,117.3,,2,5,5
2025-05-10 03:00:00,25.8,72,3.9,980.7,68.5,124.3,,3,5,5
2025-05-10 04:00:00,25.7,72,4.0,980.9,72.6,130.4,,4,5,5
2025-05-10 05:00:00,25.2,75,3.8,981.3,67.5,114.8,,5,5,5
2025-05-10 06:00:00,26.2,71,4.9,981.9,68.5,106.9,,6,5,5
2025-05-10 07:00:00,27.6,65,2.5,982.6,67.8,114.6,,7,5,5
2025-05-10 08:00:00,29.8,55,4.2,983.0,62.2,119.2,,8,5,5
2025-05-10 09:00:00,32.1,46,3.9,983.4,50.9,111.3,,9,5,5
2025-05-10 10:00:00,34.1,39,4.2,983.5,46.9,99.0,,10,5,5
2025-05-10 11:00:00,33.0,38,6.7,983.7,45.3,94.1,,11,5,5
2025-05-10 12:00:00,34.1,36,3.6,982.8,43.7,88.0,,12,5,5
2025-05-10 13:00:00,33.9,37,3.9,982.4,41.7,82.4,,13,5,5
2025-05-10 14:00:00,34.2,36,1.4,981.5,39.5,76.6,,14,5,5
2025-05-10 15:00:00,34.7,34,3.2,980.3,38.0,72.6,,15,5,5
2025-05-10 16:00:00,35.0,31,2.1,979.7,37.3,70.5,,16,5,5
2025-05-10 17:00:00,34.6,31,3.5,979.4,44.2,87.1,,17,5,5
2025-05-10 18:00:00,34.7,32,7.1,979.2,42.1,76.6,,18,5,5
2025-05-10 19:00:00,32.8,37,7.5,979.6,40.9,68.2,,19,5,5
2025-05-10 20:00:00,31.9,39,6.9,979.6,40.9,66.1,,20,5,5
2025-05-10 21:00:00,30.9,42,9.5,980.4,43.3,66.1,,21,5,5
2025-05-10 22:00:00,29.6,48,5.5,980.6,46.0,68.9,,22,5,5
2025-05-10 23:00:00,28.6,52,4.9,980.2,47.7,71.5,,23,5,5
2025-05-11 00:00:00,28.2,50,5.8,980.0,48.3,73.3,,0,6,5
2025-05-11 01:00:00,27.6,56,5.2,979.5,50.8,77.5,,1,6,5
2025-05-11 02:00:00,27.2,57,5.4,979.0,55.5,83.4,,2,6,5
2025-05-11 03:00:00,26.5,59,5.4,979.2,61.2,87.5,,3,6,5
2025-05-11 04:00:00,25.9,63,5.1,979.5,63.8,87.3,,4,6,5
2025-05-11 05:00:00,25.4,65,4.9,979.8,76.4,104.1,,5,6,5
2025-05-11 06:00:00,26.3,67,3.4,980.6,76.6,96.2,,6,6,5
2025-05-11 07:00:00,28.1,61,4.1,981.2,69.6,91.3,,7,6,5
2025-05-11 08:00:00,30.4,53,4.4,981.5,54.9,86.1,,8,6,5
2025-05-11 09:00:00,32.8,46,4.4,981.8,51.7,89.2,,9,6,5
2025-05-11 10:00:00,34.9,38,4.0,981.7,54.4,101.3,,10,6,5
2025-05-11 11:00:00,36.8,30,2.7,981.4,54.9,102.4,,11,6,5
2025-05-11 12:00:00,37.0,28,4.5,980.5,54.2,100.1,,12,6,5
2025-05-11 13:00:00,37.3,25,8.0,979.6,51.8,96.4,,13,6,5
2025-05-11 14:00:00,25.5,73,14.1,981.8,47.3,91.3,,14,6,5
2025-05-11 15:00:00,27.8,60,15.9,980.7,42.1,84.8,,15,6,5
2025-05-11 16:00:00,26.4,70,3.2,978.6,37.5,79.9,,16,6,5
2025-05-11 17:00:00,28.1,60,2.7,978.8,42.3,78.0,,17,6,5
2025-05-11 18:00:00,32.1,53,0.4,977.8,40.3,73.1,,18,6,5
2025-05-11 19:00:00,30.4,57,2.3,977.9,42.7,67.5,,19,6,5
2025-05-11 20:00:00,29.0,59,4.2,978.0,50.3,76.1,,20,6,5
2025-05-11 21:00:00,28.3,61,3.4,978.3,60.1,86.4,,21,6,5
2025-05-11 22:00:00,27.3,63,3.1,978.2,71.9,97.6,,22,6,5
2025-05-11 23:00:00,26.3,61,5.2,978.1,84.3,109.7,,23,6,5
2025-05-12 00:00:00,25.6,64,4.9,977.8,93.1,119.0,,0,0,5
2025-05-12 01:00:00,25.5,64,3.6,977.3,99.9,126.7,,1,0,5
2025-05-12 02:00:00,25.0,65,2.2,977.1,104.3,132.2,,2,0,5
2025-05-12 03:00:00,24.1,69,2.2,977.1,107.8,136.0,,3,0,5
2025-05-12 04:00:00,23.9,69,1.3,977.3,110.4,136.0,,4,0,5
2025-05-12 05:00:00,23.6,71,1.5,977.6,83.6,104.1,,5,0,5
2025-05-12 06:00:00,24.0,69,3.1,979.4,84.3,100.8,,6,0,5
2025-05-12 07:00:00,25.4,66,3.4,980.1,82.0,96.4,,7,0,5
2025-05-12 08:00:00,28.0,55,2.7,980.9,71.5,90.1,,8,0,5
2025-05-12 09:00:00,30.6,45,2.9,981.0,51.5,72.9,,9,0,5
2025-05-12 10:00:00,32.9,37,2.9,980.9,42.0,63.3,,10,0,5
2025-05-12 11:00:00,34.8,30,2.7,980.4,38.8,58.9,,11,0,5
2025-05-12 12:00:00,36.1,26,1.9,979.7,37.6,55.6,,12,0,5
2025-05-12 13:00:00,37.3,23,1.7,978.8,35.9,52.6,,13,0,5
2025-05-12 14:00:00,37.7,21,4.3,978.1,34.2,52.3,,14,0,5
2025-05-12 15:00:00,32.3,36,22.6,978.2,32.6,54.5,,15,0,5
2025-05-12 16:00:00,35.2,27,10.7,977.5,31.1,56.6,,16,0,5
2025-05-12 17:00:00,35.1,26,12.7,977.6,19.0,40.3,,17,0,5
2025-05-12 18:00:00,33.7,29,9.2,976.8,18.0,43.3,,18,0,5
2025-05-12 19:00:00,31.9,32,6.9,977.0,22.2,43.5,,19,0,5
2025-05-12 20:00:00,30.4,38,5.9,977.1,28.9,46.1,,20,0,5
2025-05-12 21:00:00,29.5,42,5.6,977.3,30.5,43.4,,21,0,5
2025-05-12 22:00:00,28.7,49,2.2,977.4,30.7,40.6,,22,0,5
2025-05-12 23:00:00,27.5,53,2.6,977.5,31.1,38.9,,23,0,5
2025-05-13 00:00:00,26.6,53,2.3,977.1,32.0,38.0,,0,1,5
2025-05-13 01:00:00,26.0,53,5.8,976.7,34.5,39.2,,1,1,5
2025-05-13 02:00:00,25.8,50,7.8,976.7,37.4,41.6,,2,1,5
2025-05-13 03:00:00,24.7,56,5.3,976.7,42.6,46.6,,3,1,5
2025-05-13 04:00:00,24.1,57,5.6,976.6,46.6,50.8,,4,1,5
2025-05-13 05:00:00,23.7,57,6.7,977.1,33.9,66.1,,5,1,5
2025-05-13 06:00:00,26.1,60,4.7,978.7,41.0,90.6,,6,1,5
2025-05-13 07:00:00,27.4,57,5.4,979.2,48.3,121.5,,7,1,5
2025-05-13 08:00:00,30.2,47,4.0,979.8,52.4,161.1,,8,1,5
2025-05-13 09:00:00,33.2,38,3.5,980.3,44.1,134.1,,9,1,5
2025-05-13 10:00:00,35.7,30,3.7,980.5,30.2,94.8,,10,1,5
2025-05-13 11:00:00,37.1,25,3.0,980.2,24.2,78.9,,11,1,5
2025-05-13 12:00:00,38.3,23,5.7,979.6,22.2,69.8,,12,1,5
2025-05-13 13:00:00,37.7,20,13.5,979.5,21.4,62.9,,13,1,5
2025-05-13 14:00:00,37.8,18,11.5,978.9,21.7,58.8,,14,1,5
2025-05-13 15:00:00,38.1,16,5.1,977.9,21.8,55.6,,15,1,5
2025-05-13 16:00:00,38.2,15,1.9,977.3,21.7,53.2,,16,1,5
2025-05-13 17:00:00,37.9,16,3.1,977.1,24.9,63.6,,17,1,5
2025-05-13 18:00:00,37.7,14,7.4,976.5,25.4,61.0,,18,1,5
2025-05-13 19:00:00,35.1,21,5.0,976.6,35.2,65.0,,19,1,5
2025-05-13 20:00:00,33.8,21,8.0,977.3,44.2,69.8,,20,1,5
2025-05-13 21:00:00,32.0,28,8.6,977.8,44.5,65.0,,21,1,5
2025-05-13 22:00:00,30.7,32,6.7,977.8,42.0,56.3,,22,1,5
2025-05-13 23:00:00,29.1,40,5.1,977.6,38.1,48.2,,23,1,5
2025-05-14 00:00:00,28.7,45,1.8,977.3,34.3,42.5,,0,2,5
2025-05-14 01:00:00,27.4,49,1.7,976.8,32.9,41.1,,1,2,5
2025-05-14 02:00:00,26.5,53,1.1,976.8,33.8,42.5,,2,2,5
2025-05-14 03:00:00,25.8,49,4.8,976.9,35.5,44.6,,3,2,5
2025-05-14 04:00:00,25.4,47,6.0,977.2,38.2,47.0,,4,2,5
2025-05-14 05:00:00,24.8,47,6.6,977.5,61.9,74.7,,5,2,5
2025-05-14 06:00:00,26.3,46,6.9,978.4,47.4,55.8,,6,2,5
2025-05-14 07:00:00,28.1,42,5.5,978.9,39.1,46.2,,7,2,5
2025-05-14 08:00:00,31.1,36,1.6,979.8,33.4,45.8,,8,2,5
2025-05-14 09:00:00,34.1,30,3.4,980.5,27.3,45.4,,9,2,5
2025-05-14 10:00:00,36.3,26,6.9,980.7,25.2,48.1,,10,2,5
2025-05-14 11:00:00,37.9,23,6.0,980.7,25.1,48.8,,11,2,5
2025-05-14 12:00:00,39.4,19,3.8,980.1,24.3,46.1,,12,2,5
2025-05-14 13:00:00,40.4,16,0.9,979.3,24.5,45.9,,13,2,5
2025-05-14 14:00:00,41.1,14,2.2,978.6,25.0,47.7,,14,2,5
2025-05-14 15:00:00,41.4,13,4.7,977.8,24.9,48.0,,15,2,5
2025-05-14 16:00:00,41.2,14,5.0,977.3,24.2,46.9,,16,2,5
2025-05-14 17:00:00,40.7,14,6.5,977.2,21.3,36.2,,17,2,5
2025-05-14 18:00:00,39.1,15,3.6,977.1,21.8,35.5,,18,2,5
2025-05-14 19:00:00,36.2,27,1.0,977.5,31.4,42.8,,19,2,5
2025-05-14 20:00:00,35.0,32,0.4,977.9,43.4,54.7,,20,2,5
2025-05-14 21:00:00,33.5,32,2.3,978.2,54.4,65.2,,21,2,5
2025-05-14 22:00:00,32.4,34,5.3,978.0,58.4,67.8,,22,2,5
2025-05-14 23:00:00,32.0,34,2.7,977.9,61.5,69.2,,23,2,5
2025-05-15 00:00:00,31.4,34,4.3,977.4,63.8,70.5,,0,3,5
2025-05-15 01:00:00,30.6,34,4.8,976.9,65.2,71.2,,1,3,5
2025-05-15 02:00:00,29.8,32,7.0,976.5,65.2,71.0,,2,3,5
2025-05-15 03:00:00,28.4,39,3.5,976.7,65.0,70.3,,3,3,5
2025-05-15 04:00:00,27.1,38,5.7,976.9,65.9,71.5,,4,3,5
2025-05-15 05:00:00,26.7,43,2.8,977.2,52.6,74.0,,5,3,5
2025-05-15 06:00:00,28.7,41,4.0,978.6,55.8,77.8,,6,3,5
2025-05-15 07:00:00,30.6,36,3.3,979.0,56.1,75.7,,7,3,5
2025-05-15 08:00:00,32.9,31,0.9,979.5,48.3,77.1,,8,3,5
2025-05-15 09:00:00,35.5,26,2.7,979.9,37.5,75.9,,9,3,5
2025-05-15 10:00:00,38.1,21,4.3,979.9,28.9,62.9,,10,3,5
2025-05-15 11:00:00,40.2,16,6.7,979.6,25.0,53.4,,11,3,5
2025-05-15 12:00:00,41.5,14,5.8,979.0,22.9,48.5,,12,3,5
2025-05-15 13:00:00,42.4,13,6.4,978.3,22.3,46.8,,13,3,5
2025-05-15 14:00:00,42.8,12,8.4,977.4,22.1,46.4,,14,3,5
2025-05-15 15:00:00,42.8,12,8.4,976.7,20.5,44.0,,15,3,5
2025-05-15 16:00:00,42.7,11,5.4,976.1,18.2,40.3,,16,3,5
2025-05-15 17:00:00,42.4,11,5.6,975.8,19.2,52.5,,17,3,5
2025-05-15 18:00:00,40.1,18,2.7,976.3,19.7,49.8,,18,3,5
2025-05-15 19:00:00,37.1,23,1.0,976.7,27.1,49.9,,19,3,5
2025-05-15 20:00:00,35.8,28,0.4,976.7,33.4,55.5,,20,3,5
2025-05-15 21:00:00,35.5,27,0.3,976.7,36.9,59.5,,21,3,5
2025-05-15 22:00:00,33.8,30,2.5,976.7,42.8,65.4,,22,3,5
2025-05-15 23:00:00,32.6,30,5.7,976.7,47.4,67.1,,23,3,5
2025-05-16 00:00:00,32.0,32,5.6,976.1,49.1,67.5,,0,4,5
2025-05-16 01:00:00,31.9,32,3.7,975.4,52.6,70.1,,1,4,5
2025-05-16 02:00:00,31.7,36,1.3,975.0,56.3,72.6,,2,4,5
2025-05-16 03:00:00,30.6,35,3.6,974.9,59.1,74.3,,3,4,5
2025-05-16 04:00:00,28.8,36,4.9,975.5,61.9,75.7,,4,4,5
2025-05-16 05:00:00,28.0,42,2.2,975.8,37.0,48.5,,5,4,5
2025-05-16 06:00:00,28.0,43,5.7,977.1,38.4,46.9,,6,4,5
2025-05-16 07:00:00,29.3,41,5.0,978.0,39.9,48.3,,7,4,5
2025-05-16 08:00:00,31.8,35,4.5,979.2,37.3,53.0,,8,4,5
2025-05-16 09:00:00,34.9,26,7.6,979.0,34.9,56.1,,9,4,5
2025-05-16 10:00:00,38.5,20,7.9,979.0,31.9,58.0,,10,4,5
2025-05-16 11:00:00,40.4,17,9.6,978.5,25.6,54.9,,11,4,5
2025-05-16 12:00:00,41.4,16,10.3,978.0,22.3,53.2,,12,4,5
2025-05-16 13:00:00,42.0,16,9.8,977.2,21.1,52.3,,13,4,5
2025-05-16 14:00:00,42.2,13,13.3,976.8,20.0,51.1,,14,4,5
2025-05-16 15:00:00,41.7,14,10.7,976.5,19.4,51.7,,15,4,5
2025-05-16 16:00:00,39.7,20,14.4,976.3,18.9,53.3,,16,4,5
2025-05-16 17:00:00,38.0,22,14.1,975.7,18.3,49.9,,17,4,5
2025-05-16 18:00:00,39.9,14,5.9,974.8,20.0,47.7,,18,4,5
2025-05-16 19:00:00,36.1,27,3.4,975.2,28.8,48.9,,19,4,5
2025-05-16 20:00:00,34.8,26,6.7,975.6,37.8,55.9,,20,4,5
2025-05-16 21:00:00,33.8,28,9.3,975.8,43.1,58.1,,21,4,5
2025-05-16 22:00:00,32.8,29,5.8,975.6,46.4,59.5,,22,4,5
2025-05-16 23:00:00,31.7,31,6.9,975.6,50.4,64.5,,23,4,5
2025-05-17 00:00:00,30.6,34,6.4,975.4,53.6,69.6,,0,5,5
2025-05-17 01:00:00,30.2,34,7.5,974.9,56.2,73.8,,1,5,5
2025-05-17 02:00:00,28.9,40,4.5,974.7,56.6,76.1,,2,5,5
2025-05-17 03:00:00,28.2,39,5.9,974.7,55.9,85.7,,3,5,5
2025-05-17 04:00:00,27.3,42,5.4,974.9,58.1,113.9,,4,5,5
2025-05-17 05:00:00,26.6,43,6.5,975.1,63.6,136.4,,5,5,5
2025-05-17 06:00:00,28.7,43,7.8,975.9,68.7,160.2,,6,5,5
2025-05-17 07:00:00,30.3,41,4.7,976.8,76.1,187.2,,7,5,5
2025-05-17 08:00:00,32.5,35,7.7,977.6,83.4,236.1,,8,5,5
2025-05-17 09:00:00,35.2,30,6.6,977.8,80.6,230.0,,9,5,5
2025-05-17 10:00:00,37.9,26,6.9,977.9,72.9,199.8,,10,5,5
2025-05-17 11:00:00,40.1,22,6.0,977.9,54.7,146.7,,11,5,5
2025-05-17 12:00:00,41.7,18,4.8,977.3,37.4,93.6,,12,5,5
2025-05-17 13:00:00,42.8,15,2.9,976.7,32.2,74.3,,13,5,5
2025-05-17 14:00:00,43.3,13,3.7,975.8,30.0,65.0,,14,5,5
2025-05-17 15:00:00,43.1,11,10.6,975.0,28.5,58.1,,15,5,5
2025-05-17 16:00:00,42.7,11,14.2,974.6,27.4,53.1,,16,5,5
2025-05-17 17:00:00,42.0,12,14.6,974.3,28.7,59.1,,17,5,5
2025-05-17 18:00:00,41.4,13,6.5,974.6,28.9,54.8,,18,5,5
2025-05-17 19:00:00,38.2,22,2.6,974.8,43.1,67.8,,19,5,5
2025-05-17 20:00:00,36.1,25,3.6,975.3,58.6,83.1,,20,5,5
2025-05-17 21:00:00,35.3,28,1.1,975.8,66.6,89.6,,21,5,5
2025-05-17 22:00:00,33.6,31,3.2,975.7,69.2,89.6,,22,5,5
2025-05-17 23:00:00,32.3,33,5.3,975.3,69.4,87.1,,23,5,5
2025-05-18 00:00:00,31.7,36,6.7,975.0,65.4,79.6,,0,6,5
2025-05-18 01:00:00,31.0,37,6.0,974.3,58.3,70.1,,1,6,5
2025-05-18 02:00:00,30.6,39,5.3,974.3,51.1,62.6,,2,6,5
2025-05-18 03:00:00,30.8,38,1.5,974.6,48.1,60.8,,3,6,5
2025-05-18 04:00:00,29.0,40,5.6,975.2,49.6,63.8,,4,6,5
2025-05-18 05:00:00,27.6,44,5.1,975.6,65.4,82.4,,5,6,5
2025-05-18 06:00:00,29.7,40,7.9,976.4,60.8,73.1,,6,6,5
2025-05-18 07:00:00,31.6,37,5.8,976.8,58.1,75.0,,7,6,5
2025-05-18 08:00:00,34.6,31,4.2,977.5,56.2,92.9,,8,6,5
2025-05-18 09:00:00,37.5,24,5.3,977.9,53.1,102.4,,9,6,5
2025-05-18 10:00:00,39.3,21,6.3,977.8,46.1,89.6,,10,6,5
2025-05-18 11:00:00,40.8,19,5.4,977.7,37.3,71.2,,11,6,5
2025-05-18 12:00:00,42.1,18,4.5,977.3,31.5,58.1,,12,6,5
2025-05-18 13:00:00,43.0,16,5.0,976.5,26.4,45.9,,13,6,5
2025-05-18 14:00:00,43.6,14,5.7,975.4,23.8,38.9,,14,6,5
2025-05-18 15:00:00,43.9,13,7.0,974.7,22.5,35.9,,15,6,5
2025-05-18 16:00:00,43.6,13,11.3,974.1,21.5,34.0,,16,6,5
2025-05-18 17:00:00,42.7,13,11.2,973.7,22.4,36.2,,17,6,5
2025-05-18 18:00:00,40.7,15,11.2,974.0,22.4,34.6,,18,6,5
2025-05-18 19:00:00,38.5,21,6.7,974.4,30.7,40.7,,19,6,5
2025-05-18 20:00:00,37.0,26,6.9,974.4,37.3,47.4,,20,6,5
2025-05-18 21:00:00,36.4,27,8.2,974.8,42.8,55.2,,21,6,5
2025-05-18 22:00:00,34.7,34,5.0,974.5,49.6,65.2,,22,6,5
2025-05-18 23:00:00,32.8,36,2.1,974.6,56.1,74.7,,23,6,5
2025-05-19 00:00:00,31.3,38,4.0,974.9,58.0,80.1,,0,0,5
2025-05-19 01:00:00,30.4,40,5.8,974.3,60.5,86.1,,1,0,5
2025-05-19 02:00:00,29.7,40,5.6,974.1,65.4,90.6,,2,0,5
2025-05-19 03:00:00,29.0,39,7.9,974.2,63.3,90.1,,3,0,5
2025-05-19 04:00:00,28.0,46,9.3,974.7,68.7,144.8,,4,0,5
2025-05-19 05:00:00,27.4,57,10.5,975.5,91.0,260.8,,5,0,5
2025-05-19 06:00:00,29.5,54,23.4,977.2,107.3,302.7,,6,0,5
2025-05-19 07:00:00,30.6,46,22.2,978.1,131.8,466.6,,7,0,5
2025-05-19 08:00:00,31.3,47,24.2,978.3,142.5,523.4,,8,0,5
2025-05-19 09:00:00,32.9,48,22.5,978.4,138.8,527.1,,9,0,5
2025-05-19 10:00:00,34.9,43,20.0,978.1,114.8,422.8,,10,0,5
2025-05-19 11:00:00,37.2,38,16.2,978.1,94.3,328.8,,11,0,5
2025-05-19 12:00:00,39.0,33,13.7,977.7,78.7,263.6,,12,0,5
2025-05-19 13:00:00,40.0,29,11.2,976.5,66.6,217.9,,13,0,5
2025-05-19 14:00:00,36.6,36,13.6,977.1,66.4,218.4,,14,0,5
2025-05-19 15:00:00,27.4,69,10.4,979.4,68.2,224.9,,15,0,5
2025-05-19 16:00:00,26.9,73,9.8,976.5,67.5,225.8,,16,0,5
2025-05-19 17:00:00,27.6,72,3.8,976.3,51.0,129.9,,17,0,5
2025-05-19 18:00:00,33.8,42,3.0,975.2,53.9,138.3,,18,0,5
2025-05-19 19:00:00,32.1,51,1.5,975.1,54.9,127.1,,19,0,5
2025-05-19 20:00:00,30.7,46,5.2,975.1,56.5,114.1,,20,0,5
2025-05-19 21:00:00,30.0,52,4.0,975.5,56.7,109.2,,21,0,5
2025-05-19 22:00:00,29.5,51,2.8,975.8,58.2,108.7,,22,0,5
2025-05-19 23:00:00,28.7,53,2.1,975.6,59.5,109.4,,23,0,5
2025-05-20 00:00:00,27.9,47,7.5,975.5,59.3,109.0,,0,1,5
2025-05-20 01:00:00,26.8,55,5.4,974.8,59.8,108.5,,1,1,5
2025-05-20 02:00:00,26.5,57,3.8,974.6,62.6,108.7,,2,1,5
2025-05-20 03:00:00,25.7,58,5.2,974.8,67.5,111.1,,3,1,5
2025-05-20 04:00:00,25.4,59,4.7,975.0,72.4,114.3,,4,1,5
2025-05-20 05:00:00,25.0,59,4.4,975.6,59.8,83.6,,5,1,5
2025-05-20 06:00:00,29.3,58,5.8,975.8,56.1,73.1,,6,1,5
2025-05-20 07:00:00,31.3,53,6.8,976.3,49.1,71.2,,7,1,5
2025-05-20 08:00:00,33.9,47,4.9,976.8,49.4,114.8,,8,1,5
2025-05-20 09:00:00,36.4,39,9.0,977.0,60.1,211.9,,9,1,5
2025-05-20 10:00:00,38.5,30,6.6,977.1,58.8,230.0,,10,1,5
2025-05-20 11:00:00,40.2,22,1.3,976.7,47.5,177.9,,11,1,5
2025-05-20 12:00:00,41.2,17,6.9,976.2,38.6,132.2,,12,1,5
2025-05-20 13:00:00,40.6,16,11.0,976.1,32.2,99.4,,13,1,5
2025-05-20 14:00:00,41.7,14,7.0,975.1,26.1,70.3,,14,1,5
2025-05-20 15:00:00,41.9,13,9.9,973.8,23.5,51.3,,15,1,5
2025-05-20 16:00:00,41.4,14,12.8,973.5,22.0,41.4,,16,1,5
2025-05-20 17:00:00,41.3,15,9.1,973.0,20.4,44.7,,17,1,5
2025-05-20 18:00:00,38.5,37,3.3,972.5,21.1,41.7,,18,1,5
2025-05-20 19:00:00,36.7,32,4.9,972.4,28.7,45.5,,19,1,5
2025-05-20 20:00:00,35.3,27,8.1,972.7,37.3,54.4,,20,1,5
2025-05-20 21:00:00,34.2,39,5.5,973.1,40.4,55.9,,21,1,5
2025-05-20 22:00:00,32.7,42,5.9,973.2,40.6,55.2,,22,1,5
2025-05-20 23:00:00,31.7,43,6.3,972.9,40.7,57.0,,23,1,5
2025-05-21 00:00:00,31.3,43,6.2,972.8,41.4,59.4,,0,2,5
2025-05-21 01:00:00,31.0,42,5.6,972.6,48.3,67.5,,1,2,5
2025-05-21 02:00:00,30.8,41,3.4,972.4,58.3,75.2,,2,2,5
2025-05-21 03:00:00,29.3,44,4.9,973.0,62.6,77.5,,3,2,5
2025-05-21 04:00:00,29.4,46,1.0,973.3,65.9,80.3,,4,2,5
2025-05-21 05:00:00,28.6,48,1.5,973.7,55.1,70.3,,5,2,5
2025-05-21 06:00:00,30.0,52,5.3,974.9,53.9,64.5,,6,2,5
2025-05-21 07:00:00,31.8,48,6.3,975.5,50.5,56.8,,7,2,5
2025-05-21 08:00:00,34.5,43,7.7,976.2,44.7,60.3,,8,2,5
2025-05-21 09:00:00,37.1,34,10.5,976.9,45.2,85.0,,9,2,5
2025-05-21 10:00:00,38.8,29,10.1,977.1,42.5,87.3,,10,2,5
2025-05-21 11:00:00,40.2,26,6.8,976.6,36.8,77.5,,11,2,5
2025-05-21 12:00:00,41.4,23,5.2,976.2,29.3,62.2,,12,2,5
2025-05-21 13:00:00,42.0,21,4.4,975.8,27.8,57.4,,13,2,5
2025-05-21 14:00:00,35.0,41,26.4,976.8,27.8,56.3,,14,2,5
2025-05-21 15:00:00,36.4,38,9.4,976.1,29.0,58.6,,15,2,5
2025-05-21 16:00:00,37.2,34,10.4,975.6,30.9,62.4,,16,2,5
2025-05-21 17:00:00,37.6,34,8.9,975.1,33.3,60.3,,17,2,5
2025-05-21 18:00:00,40.5,24,3.1,973.3,35.4,59.1,,18,2,5
2025-05-21 19:00:00,37.8,18,10.0,973.5,40.4,59.0,,19,2,5
2025-05-21 20:00:00,35.4,30,13.0,973.6,46.3,64.3,,20,2,5
2025-05-21 21:00:00,34.1,32,8.5,973.6,49.7,67.3,,21,2,5
2025-05-21 22:00:00,32.9,37,8.2,973.6,52.7,71.0,,22,2,5
2025-05-21 23:00:00,31.5,44,5.7,973.4,57.3,97.1,,23,2,5
2025-05-22 00:00:00,30.6,48,6.6,973.3,74.3,186.7,,0,3,5
2025-05-22 01:00:00,29.7,51,6.9,973.0,96.4,286.8,,1,3,5
2025-05-22 02:00:00,28.8,55,6.1,973.6,122.0,380.0,,2,3,5
2025-05-22 03:00:00,28.1,60,8.6,974.1,149.9,486.2,,3,3,5
2025-05-22 04:00:00,27.8,63,10.5,974.6,172.8,581.1,,4,3,5
2025-05-22 05:00:00,27.8,65,13.0,975.3,164.8,720.8,,5,3,5
2025-05-22 06:00:00,27.9,52,12.1,975.7,170.0,614.7,,6,3,5
2025-05-22 07:00:00,29.3,48,14.8,976.7,184.9,625.8,,7,3,5
2025-05-22 08:00:00,30.9,43,15.9,977.2,192.3,629.6,,8,3,5
2025-05-22 09:00:00,32.8,39,16.3,977.3,183.0,616.5,,9,3,5
2025-05-22 10:00:00,34.9,35,15.5,977.2,168.6,575.6,,10,3,5
2025-05-22 11:00:00,37.1,31,13.9,976.9,149.5,519.7,,11,3,5
2025-05-22 12:00:00,38.8,28,12.1,976.2,135.5,484.3,,12,3,5
2025-05-22 13:00:00,40.1,25,11.1,975.6,124.8,460.1,,13,3,5
2025-05-22 14:00:00,40.9,24,9.6,974.6,118.3,448.0,,14,3,5
2025-05-22 15:00:00,41.3,23,7.9,973.8,114.6,446.1,,15,3,5
2025-05-22 16:00:00,41.3,23,6.7,973.2,112.0,445.2,,16,3,5
2025-05-22 17:00:00,40.9,23,5.4,972.7,155.1,776.7,,17,3,5
2025-05-22 18:00:00,38.7,27,7.8,973.8,165.8,845.6,,18,3,5
2025-05-22 19:00:00,36.9,31,6.2,973.7,166.7,700.4,,19,3,5
2025-05-22 20:00:00,35.4,35,10.4,973.9,173.2,678.0,,20,3,5
2025-05-22 21:00:00,34.2,38,10.3,974.4,182.1,737.6,,21,3,5
2025-05-22 22:00:00,33.3,40,10.2,975.0,190.0,804.7,,22,3,5
2025-05-22 23:00:00,32.4,44,10.2,974.8,193.2,840.1,,23,3,5
2025-05-23 00:00:00,31.6,48,10.5,974.6,189.1,823.3,,0,4,5
2025-05-23 01:00:00,30.9,52,11.3,974.5,178.8,763.7,,1,4,5
2025-05-23 02:00:00,30.2,57,11.5,974.6,163.9,681.7,,2,4,5
2025-05-23 03:00:00,29.6,61,12.0,975.0,148.1,601.6,,3,4,5
2025-05-23 04:00:00,29.1,62,12.6,975.3,133.2,519.7,,4,4,5
2025-05-23 05:00:00,28.7,63,13.2,975.7,140.6,571.8,,5,4,5
2025-05-23 06:00:00,28.8,62,12.5,976.5,131.8,510.4,,6,4,5
2025-05-23 07:00:00,30.0,58,14.9,977.2,122.9,506.6,,7,4,5
2025-05-23 08:00:00,31.7,52,15.9,977.3,110.1,466.6,,8,4,5
2025-05-23 09:00:00,33.6,46,14.8,977.3,98.0,418.2,,9,4,5
2025-05-23 10:00:00,35.5,40,12.6,977.0,93.1,411.6,,10,4,5
2025-05-23 11:00:00,37.2,35,10.1,976.3,93.1,431.2,,11,4,5
2025-05-23 12:00:00,38.6,32,7.7,975.3,94.3,458.2,,12,4,5
2025-05-23 13:00:00,39.6,29,5.8,974.1,94.1,454.5,,13,4,5
2025-05-23 14:00:00,40.2,28,4.5,973.0,92.4,432.1,,14,4,5
2025-05-23 15:00:00,40.5,27,5.7,972.1,88.9,396.7,,15,4,5
2025-05-23 16:00:00,40.3,27,7.4,972.0,83.6,350.2,,16,4,5
2025-05-23 17:00:00,34.6,39,28.6,973.9,89.2,408.9,,17,4,5
2025-05-23 18:00:00,38.8,29,6.8,972.0,85.4,376.3,,18,4,5
2025-05-23 19:00:00,37.3,33,3.9,972.6,79.9,274.7,,19,4,5
2025-05-23 20:00:00,36.2,36,7.2,973.0,81.7,256.1,,20,4,5
2025-05-23 21:00:00,35.2,38,8.4,973.4,86.1,246.8,,21,4,5
2025-05-23 22:00:00,34.4,39,7.6,973.5,91.5,259.8,,22,4,5
2025-05-23 23:00:00,33.5,41,5.6,973.5,94.3,262.6,,23,4,5
2025-05-24 00:00:00,32.8,43,6.1,973.5,99.0,272.9,,0,5,5
2025-05-24 01:00:00,32.2,45,7.2,973.8,103.6,285.0,,1,5,5
2025-05-24 02:00:00,31.5,47,6.9,973.8,109.9,333.4,,2,5,5
2025-05-24 03:00:00,30.9,51,10.0,974.5,121.1,431.2,,3,5,5
2025-05-24 04:00:00,30.4,56,10.6,975.0,132.7,523.4,,4,5,5
2025-05-24 05:00:00,30.0,58,11.4,975.6,145.3,648.2,,5,5,5
2025-05-24 06:00:00,30.8,59,14.6,975.5,125.3,463.8,,6,5,5
2025-05-24 07:00:00,32.0,55,9.9,977.2,105.5,390.2,,7,5,5
2025-05-24 08:00:00,26.8,76,7.2,977.2,85.4,270.1,,8,5,5
2025-05-24 09:00:00,28.6,74,7.7,976.4,65.2,185.3,,9,5,5
2025-05-24 10:00:00,31.4,64,12.7,977.3,68.9,246.8,,10,5,5
2025-05-24 11:00:00,33.8,45,12.4,976.8,80.1,334.3,,11,5,5
2025-05-24 12:00:00,35.8,36,10.7,976.1,81.5,357.6,,12,5,5
2025-05-24 13:00:00,36.9,34,5.4,975.5,74.3,304.5,,13,5,5
2025-05-24 14:00:00,37.4,32,0.2,975.1,53.1,138.3,,14,5,5
2025-05-24 15:00:00,37.7,31,2.8,974.8,54.2,121.5,,15,5,5
2025-05-24 16:00:00,36.3,35,11.9,974.9,58.2,119.7,0.8956666886806488,16,5,5
2025-05-24 17:00:00,34.9,40,11.6,975.1,70.5,261.7,0.5904166785379251,17,5,5
2025-05-24 18:00:00,26.8,70,22.3,977.4,53.9,114.8,0.4302083378036817,18,5,5
2025-05-24 19:00:00,25.1,82,19.4,977.9,53.2,92.0,,19,5,5
2025-05-24 20:00:00,25.6,79,13.0,976.9,52.0,85.0,,20,5,5
2025-05-24 21:00:00,25.0,84,15.1,976.8,51.6,88.5,,21,5,5
2025-05-24 22:00:00,25.2,82,12.6,976.2,50.3,88.9,,22,5,5
2025-05-24 23:00:00,25.0,84,9.3,977.0,49.5,86.4,,23,5,5
2025-05-25 00:00:00,24.8,84,8.1,977.3,46.9,89.2,,0,6,5
2025-05-25 01:00:00,25.1,79,9.7,977.1,44.8,105.7,,1,6,5
2025-05-25 02:00:00,25.3,77,6.9,977.2,44.2,125.3,,2,6,5
2025-05-25 03:00:00,25.1,77,7.4,977.8,43.8,129.5,,3,6,5
2025-05-25 04:00:00,25.1,77,11.9,978.8,42.6,115.3,,4,6,5
2025-05-25 05:00:00,24.4,74,18.6,979.6,50.4,172.8,,5,6,5
2025-05-25 06:00:00,24.5,73,10.7,979.6,46.1,138.3,,6,6,5
2025-05-25 07:00:00,25.8,69,9.5,980.3,41.3,123.9,,7,6,5
2025-05-25 08:00:00,27.8,62,11.6,980.9,35.6,89.4,,8,6,5
2025-05-25 09:00:00,29.8,55,11.2,981.0,33.1,68.7,,9,6,5
2025-05-25 10:00:00,31.8,49,12.7,981.0,33.4,81.3,,10,6,5
2025-05-25 11:00:00,33.7,41,13.5,980.8,34.5,100.4,,11,6,5
2025-05-25 12:00:00,35.1,37,13.9,980.4,35.3,113.2,,12,6,5
2025-05-25 13:00:00,35.9,34,13.0,979.5,36.2,123.9,,13,6,5
2025-05-25 14:00:00,36.5,31,11.1,978.4,37.6,134.1,,14,6,5
2025-05-25 15:00:00,36.6,30,12.5,977.7,38.9,140.6,,15,6,5
2025-05-25 16:00:00,36.2,29,13.0,977.2,40.2,145.3,,16,6,5
2025-05-25 17:00:00,35.6,30,11.3,977.0,36.0,147.6,,17,6,5
2025-05-25 18:00:00,32.6,40,7.3,978.2,38.8,147.1,,18,6,5
2025-05-25 19:00:00,30.9,47,6.7,978.3,39.8,119.2,,19,6,5
2025-05-25 20:00:00,29.9,52,4.6,978.4,44.5,118.0,,20,6,5
2025-05-25 21:00:00,29.2,61,3.2,979.0,47.6,122.5,,21,6,5
2025-05-25 22:00:00,28.9,61,1.3,979.6,52.3,132.7,,22,6,5
2025-05-25 23:00:00,27.8,66,3.5,979.7,54.4,135.5,,23,6,5
2025-05-26 00:00:00,27.4,62,5.6,979.7,51.7,131.3,,0,0,5
2025-05-26 01:00:00,26.8,64,5.2,979.6,50.9,135.5,,1,0,5
2025-05-26 02:00:00,26.3,64,5.5,979.8,52.6,149.0,,2,0,5
2025-05-26 03:00:00,25.7,67,5.1,979.9,54.1,162.5,,3,0,5
2025-05-26 04:00:00,25.0,71,4.3,979.9,55.6,172.8,,4,0,5
2025-05-26 05:00:00,24.6,74,4.0,980.0,78.7,294.3,,5,0,5
2025-05-26 06:00:00,26.8,70,4.9,980.2,74.7,234.7,37.40668725967407,6,0,5
2025-05-26 07:00:00,28.4,66,2.9,980.4,73.8,251.5,31.64150031407674,7,0,5
2025-05-26 08:00:00,31.0,54,0.8,980.4,61.0,200.2,34.58364574114482,8,0,5
2025-05-26 09:00:00,32.9,42,1.7,980.6,45.9,144.4,33.99856265385945,9,0,5
2025-05-26 10:00:00,34.3,38,3.8,980.0,36.2,101.7,32.14009714126587,10,0,5
2025-05-26 11:00:00,35.6,35,4.3,979.6,34.3,88.9,31.2792174021403,11,0,5
2025-05-26 12:00:00,36.9,31,3.4,978.7,32.5,79.9,31.246145923932396,12,0,5
2025-05-26 13:00:00,37.7,28,3.5,977.3,30.2,71.0,30.790260434150696,13,0,5
2025-05-26 14:00:00,38.4,26,4.0,976.0,28.4,64.3,40.000697930653885,14,0,5
2025-05-26 15:00:00,38.8,25,4.4,974.8,27.6,61.0,48.39186096191406,15,0,5
2025-05-26 16:00:00,38.9,24,6.1,973.8,27.6,60.1,67.71928969296542,16,0,5
2025-05-26 17:00:00,38.6,23,8.3,973.5,25.3,64.5,62.53916668891907,17,0,5
2025-05-26 18:00:00,37.2,26,5.2,974.4,25.0,61.2,91.81939625740051,18,0,5
2025-05-26 19:00:00,35.0,39,3.1,974.1,36.0,63.8,96.45638537406921,19,0,5
2025-05-26 20:00:00,33.6,44,2.7,974.3,48.2,74.5,101.26420799891154,20,0,5
2025-05-26 21:00:00,32.8,45,2.3,974.7,52.9,77.3,97.55436499913534,21,0,5
2025-05-26 22:00:00,32.1,40,5.3,974.9,57.9,82.7,107.42585436503092,22,0,5
2025-05-26 23:00:00,31.5,43,8.9,974.8,65.0,90.8,117.25791676839194,23,0,5
2025-05-27 00:00:00,30.6,45,6.9,974.7,69.4,97.1,109.38351027170818,0,1,5
2025-05-27 01:00:00,29.8,48,6.6,974.6,74.0,104.5,94.80936495463054,1,1,5
2025-05-27 02:00:00,29.1,53,4.9,974.5,77.1,109.9,85.22548961639404,2,1,5
2025-05-27 03:00:00,28.8,57,4.2,974.9,76.6,113.6,76.33882292111714,3,1,5
2025-05-27 04:00:00,28.4,56,6.1,975.5,72.9,122.0,61.73576045036316,4,1,5
2025-05-27 05:00:00,27.7,59,6.0,975.9,70.3,120.1,48.67748967806498,5,1,5
2025-05-27 06:00:00,29.4,60,5.8,976.1,66.8,110.1,45.73649152119954,6,1,5
2025-05-27 07:00:00,31.1,56,4.0,976.4,66.8,106.4,45.08454615390662,7,1,5
2025-05-27 08:00:00,33.3,48,3.7,977.0,62.9,142.0,47.76731810136275,8,1,5
2025-05-27 09:00:00,35.3,39,5.5,977.0,55.1,156.9,48.99950822194417,9,1,5
2025-05-27 10:00:00,36.8,33,5.1,976.6,38.1,105.2,51.40373331705729,10,1,5
2025-05-27 11:00:00,37.9,30,4.4,976.3,37.0,93.8,49.90273952484131,11,1,5
2025-05-27 12:00:00,38.9,28,3.7,975.7,37.6,90.3,48.30743058522542,12,1,5
2025-05-27 13:00:00,39.6,27,3.6,975.0,38.5,88.7,51.95369799931844,13,1,5
2025-05-27 14:00:00,39.9,26,6.8,974.3,39.5,87.5,58.18292482164171,14,1,5
2025-05-27 15:00:00,39.7,26,7.6,973.2,40.0,85.7,41.970639038085935,15,1,5
2025-05-27 16:00:00,39.5,26,9.5,973.0,40.0,82.9,40.42168322971889,16,1,5
2025-05-27 17:00:00,39.4,25,8.9,972.9,51.5,111.5,55.36745001475017,17,1,5
2025-05-27 18:00:00,38.6,26,4.1,971.6,50.3,97.8,57.39754168192546,18,1,5
2025-05-27 19:00:00,36.3,37,2.7,972.2,50.2,78.5,59.54316673278809,19,1,5
2025-05-27 20:00:00,35.5,33,5.7,972.9,49.4,69.6,72.25152479807535,20,1,5
2025-05-27 21:00:00,35.2,30,7.7,973.3,48.5,65.4,40.321691799163816,21,1,5
2025-05-27 22:00:00,33.5,37,4.9,973.1,50.3,67.5,30.39819167455037,22,1,5
2025-05-27 23:00:00,32.2,40,4.2,973.0,52.0,70.3,32.30626662572225,23,1,5
2025-05-28 00:00:00,30.9,43,4.3,972.7,52.6,71.7,39.49910825093587,0,2,5
2025-05-28 01:00:00,30.3,53,0.9,972.6,55.2,75.7,43.6530579884847,1,2,5
2025-05-28 02:00:00,30.2,49,3.7,972.8,63.3,84.5,47.47810827891032,2,2,5
2025-05-28 03:00:00,30.6,53,0.5,972.6,71.2,92.4,56.88837483723959,3,2,5
2025-05-28 04:00:00,29.9,53,0.6,973.1,77.1,98.5,44.54103136062622,4,2,5
2025-05-28 05:00:00,30.1,45,5.9,973.4,36.1,41.1,49.986375066969124,5,2,5
2025-05-28 06:00:00,29.1,53,6.0,974.7,38.6,45.4,34.01430553860135,6,2,5
2025-05-28 07:00:00,30.3,49,2.0,975.2,40.5,49.0,25.91486104329427,7,2,5
2025-05-28 08:00:00,32.3,43,2.4,975.7,39.8,54.9,25.166597180896336,8,2,5
2025-05-28 09:00:00,34.8,36,1.9,975.8,39.1,59.8,22.814888954162598,9,2,5
2025-05-28 10:00:00,37.3,29,2.9,975.6,37.5,65.2,24.585152732001408,10,2,5
2025-05-28 11:00:00,39.1,24,4.8,975.1,37.7,85.4,32.28052759170532,11,2,5
2025-05-28 12:00:00,40.3,21,6.4,974.1,39.1,102.9,31.8287500805325,12,2,5
2025-05-28 13:00:00,41.1,20,8.2,973.2,40.2,111.8,37.68163432015313,13,2,5
2025-05-28 14:00:00,41.5,19,8.3,972.4,40.7,115.3,48.07568062676324,14,2,5
2025-05-28 15:00:00,41.7,19,11.2,971.7,40.7,115.0,77.31941148969862,15,2,5
2025-05-28 16:00:00,39.8,22,11.4,971.4,40.5,114.1,88.3408891889784,16,2,5
2025-05-28 17:00:00,38.6,27,10.1,971.1,33.6,92.4,67.45795811547173,17,2,5
2025-05-28 18:00:00,39.5,18,9.3,970.5,31.9,82.2,74.41586091783311,18,2,5
2025-05-28 19:00:00,37.9,20,7.3,970.5,34.1,70.1,94.0848193698459,19,2,5
2025-05-28 20:00:00,36.2,23,4.5,970.7,39.2,69.8,126.97369554307726,20,2,5
2025-05-28 21:00:00,35.2,26,1.4,970.9,41.4,70.3,119.47379197014703,21,2,5
2025-05-28 22:00:00,34.5,26,1.8,971.1,42.6,71.5,184.16541720881605,22,2,5
2025-05-28 23:00:00,34.2,26,2.7,971.2,43.5,73.6,163.4952776167128,23,2,5
2025-05-29 00:00:00,32.6,28,3.9,971.0,44.6,76.1,92.8882082833184,0,3,5
2025-05-29 01:00:00,31.3,30,2.7,971.0,47.6,80.6,61.86266676584879,1,3,5
2025-05-29 02:00:00,30.8,30,1.9,970.9,55.4,87.1,59.959152645534935,2,3,5
2025-05-29 03:00:00,30.5,33,1.1,970.7,63.1,91.5,62.7175235748291,3,3,5
2025-05-29 04:00:00,29.8,44,0.3,970.9,67.8,93.1,51.92913500467936,4,3,5
2025-05-29 05:00:00,28.2,38,2.8,971.1,55.5,71.5,44.852468967437744,5,3,5
2025-05-29 06:00:00,29.2,47,4.8,972.0,54.2,68.0,41.91690993309021,6,3,5
2025-05-29 07:00:00,30.8,45,4.3,972.9,53.9,67.8,48.69033311208089,7,3,5
2025-05-29 08:00:00,33.3,40,5.6,973.3,54.9,85.4,46.31607177734375,8,3,5
2025-05-29 09:00:00,36.5,31,5.5,973.5,57.7,110.6,43.537497202555336,9,3,5
2025-05-29 10:00:00,38.5,26,4.6,973.4,55.4,114.3,41.50921123918861,10,3,5
2025-05-29 11:00:00,39.9,23,5.0,972.6,43.4,97.3,38.641159825854835,11,3,5
2025-05-29 12:00:00,40.7,21,6.6,971.6,38.4,89.2,40.42606467670864,12,3,5
2025-05-29 13:00:00,41.4,20,8.6,970.8,38.0,88.7,45.893250147501625,13,3,5
2025-05-29 14:00:00,41.2,21,10.5,970.3,38.3,90.3,52.714690344674246,14,3,5
2025-05-29 15:00:00,33.1,36,14.8,971.3,38.6,90.8,60.6844285329183,15,3,5
2025-05-29 16:00:00,37.6,28,11.9,969.5,38.5,89.6,72.45018441336495,16,3,5
2025-05-29 17:00:00,37.7,26,7.1,969.2,32.0,71.5,90.82764298575265,17,3,5
2025-05-29 18:00:00,38.9,19,7.3,967.4,32.9,73.8,95.07316648392451,18,3,5
2025-05-29 19:00:00,36.6,23,5.8,967.6,41.4,75.9,46.48966078531174,19,3,5
2025-05-29 20:00:00,36.1,20,7.0,968.2,50.8,85.9,22.240285669054305,20,3,5
2025-05-29 21:00:00,34.0,28,2.3,968.7,55.8,88.9,43.893469799132575,21,3,5
2025-05-29 22:00:00,32.5,29,10.9,969.0,56.5,88.9,41.38377975282214,22,3,5
2025-05-29 23:00:00,32.6,27,6.9,968.8,56.0,88.9,32.08990469433012,23,3,5
2025-05-30 00:00:00,32.0,26,8.4,968.4,54.9,88.5,32.51155950909569,0,4,5
2025-05-30 01:00:00,30.7,31,7.8,968.1,54.5,86.8,36.03121214201956,1,4,5
2025-05-30 02:00:00,29.6,37,6.4,967.9,53.1,82.0,32.649833452133905,2,4,5
2025-05-30 03:00:00,29.7,37,7.9,967.9,50.4,74.7,33.01257322921234,3,4,5
2025-05-30 04:00:00,29.0,35,8.3,968.2,47.1,66.8,33.05977805455526,4,4,5
2025-05-30 05:00:00,27.6,37,4.9,968.6,31.5,54.1,27.338627020517986,5,4,5
2025-05-30 06:00:00,28.7,44,14.9,970.3,34.3,61.7,26.01683321453276,6,4,5
2025-05-30 07:00:00,30.4,42,9.6,971.2,39.3,74.7,24.93976574852353,7,4,5
2025-05-30 08:00:00,31.1,47,14.6,972.2,42.3,87.8,25.459593064857252,8,4,5
2025-05-30 09:00:00,32.9,47,18.1,972.7,39.1,80.6,26.965047586531863,9,4,5
2025-05-30 10:00:00,35.3,37,17.3,972.3,38.2,84.8,28.48566670644851,10,4,5
2025-05-30 11:00:00,36.9,31,16.9,971.8,40.4,107.3,30.2981249718439,11,4,5
2025-05-30 12:00:00,37.8,29,10.2,971.5,41.0,122.0,30.523006121317547,12,4,5
2025-05-30 13:00:00,36.0,26,18.5,971.7,42.5,134.1,32.44633922122774,13,4,5
2025-05-30 14:00:00,37.3,23,4.9,970.2,43.1,138.8,37.67975003378732,14,4,5
2025-05-30 15:00:00,34.9,31,8.7,971.3,43.2,139.7,52.189130873907175,15,4,5
2025-05-30 16:00:00,35.5,26,6.6,969.6,43.2,139.2,45.194874990554084,16,4,5
2025-05-30 17:00:00,35.6,25,7.7,969.6,40.5,123.9,41.73052379063198,17,4,5
2025-05-30 18:00:00,36.9,24,8.0,969.2,43.4,131.3,41.812553587413966,18,4,5
2025-05-30 19:00:00,34.9,32,9.9,969.1,46.7,128.5,42.7064166296096,19,4,5
2025-05-30 20:00:00,33.1,39,7.8,969.6,53.6,129.5,41.49351764860607,20,4,5
2025-05-30 21:00:00,31.8,44,7.8,970.2,58.6,142.5,39.30095260174244,21,4,5
2025-05-30 22:00:00,30.8,48,10.0,970.3,62.9,159.3,40.28916063762847,22,4,5
2025-05-30 23:00:00,30.0,49,6.1,970.6,66.8,180.2,39.85656538463774,23,4,5
2025-05-31 00:00:00,29.5,49,6.5,970.6,71.2,210.9,39.99587508610317,0,5,5
2025-05-31 01:00:00,29.0,49,8.1,970.2,77.8,254.3,48.174789109443346,1,5,5
2025-05-31 02:00:00,28.7,50,9.2,970.1,83.4,284.1,44.68655565049912,2,5,5
2025-05-31 03:00:00,28.3,50,9.3,970.2,86.6,293.4,53.1752632747997,3,5,5
2025-05-31 04:00:00,27.8,52,9.3,970.3,89.4,300.8,48.619008724135576,4,5,5
2025-05-31 05:00:00,27.8,51,9.1,970.6,94.3,326.0,43.734520806206596,5,5,5
2025-05-31 06:00:00,27.5,56,21.2,972.7,96.4,301.7,40.020628741293244,6,5,5
2025-05-31 07:00:00,27.9,52,12.8,972.7,100.4,322.2,40.05493579344316,7,5,5
2025-05-31 08:00:00,29.4,49,13.0,973.5,98.5,310.1,38.38346820407444,8,5,5
2025-05-31 09:00:00,31.2,44,15.4,973.6,84.8,249.6,35.60026957723829,9,5,5
2025-05-31 10:00:00,33.5,39,18.4,973.1,69.6,182.5,34.49461102485657,10,5,5
2025-05-31 11:00:00,35.4,34,19.1,972.8,54.5,141.6,33.26066676775614,11,5,5
2025-05-31 12:00:00,36.8,32,16.3,972.3,45.3,127.6,33.11828472638371,12,5,5
2025-05-31 13:00:00,37.9,30,13.1,971.7,40.6,127.6,35.74509729279412,13,5,5
2025-05-31 14:00:00,39.1,25,8.9,971.0,38.3,132.2,44.92585391468472,14,5,5
2025-05-31 15:00:00,40.1,18,10.8,970.4,36.9,137.8,42.66315277417501,15,5,5
2025-05-31 16:00:00,37.1,22,18.4,971.0,38.2,147.1,45.78710389137268,16,5,5
2025-05-31 17:00:00,30.4,47,15.6,971.3,34.7,135.0,37.19783332612779,17,5,5
2025-05-31 18:00:00,35.8,28,8.6,971.5,36.4,140.2,43.18442334069146,18,5,5
2025-05-31 19:00:00,33.2,31,12.0,972.4,40.9,121.1,46.75406254662408,19,5,5
2025-05-31 20:00:00,31.5,35,11.4,972.8,45.4,117.8,39.11000678274367,20,5,5
2025-05-31 21:00:00,30.5,37,12.3,973.8,49.7,129.0,36.46836817264557,21,5,5
2025-05-31 22:00:00,29.8,38,6.1,974.0,54.9,143.0,36.14106947845883,22,5,5
2025-05-31 23:00:00,28.7,42,3.8,973.6,61.9,164.8,40.26316653357612,23,5,5
2025-06-01 00:00:00,28.0,43,8.2,973.8,68.2,199.3,47.738773372438224,0,6,6
2025-06-01 01:00:00,25.8,45,16.8,973.9,74.0,229.6,62.2266460524665,1,6,6
2025-06-01 02:00:00,25.9,43,16.6,973.9,76.8,233.3,68.11629864904616,2,6,6
2025-06-01 03:00:00,24.2,57,10.5,973.2,78.7,224.9,51.257617473602295,3,6,6
2025-06-01 04:00:00,24.3,57,7.5,973.1,74.7,199.3,44.64215270678202,4,6,6
2025-06-01 05:00:00,23.6,61,8.0,973.9,59.8,155.5,36.11292740792939,5,6,6
2025-06-01 06:00:00,25.7,55,7.0,974.9,56.0,118.3,27.271965344746906,6,6,6
2025-06-01 07:00:00,27.2,51,4.6,975.5,52.2,107.8,20.90997224383884,7,6,6
2025-06-01 08:00:00,29.6,44,3.2,975.9,44.8,108.0,16.775930576854282,8,6,6
2025-06-01 09:00:00,32.9,34,2.9,976.1,41.3,117.8,19.241249918937683,9,6,6
2025-06-01 10:00:00,35.3,25,0.8,975.7,45.5,148.5,,10,6,6
2025-06-01 11:00:00,36.8,18,4.2,975.5,43.4,144.4,,11,6,6
2025-06-01 12:00:00,37.2,16,7.3,975.2,37.8,126.2,,12,6,6
2025-06-01 13:00:00,37.5,16,9.1,974.5,32.8,107.6,,13,6,6
2025-06-01 14:00:00,37.7,15,11.2,973.8,29.7,92.9,,14,6,6
2025-06-01 15:00:00,37.7,16,13.5,973.5,28.1,81.5,43.23242139816284,15,6,6
2025-06-01 16:00:00,37.4,16,11.6,972.9,26.0,70.1,44.724638885921905,16,6,6
2025-06-01 17:00:00,37.0,17,9.5,972.6,19.6,48.8,49.57449324925741,17,6,6
2025-06-01 18:00:00,35.7,17,14.1,972.6,17.2,37.6,,18,6,6
2025-06-01 19:00:00,34.4,19,15.9,973.2,16.9,27.6,,19,6,6
2025-06-01 20:00:00,33.8,20,14.5,973.3,16.9,22.6,,20,6,6
2025-06-01 21:00:00,33.4,20,9.2,973.5,16.5,20.9,,21,6,6
2025-06-01 22:00:00,32.1,23,6.6,973.5,18.6,22.7,,22,6,6
2025-06-01 23:00:00,30.8,26,5.2,973.1,22.8,27.2,,23,6,6
2025-06-02 00:00:00,30.0,27,5.3,972.7,26.9,32.4,,0,0,6
2025-06-02 01:00:00,29.1,28,6.3,972.2,30.4,37.8,,1,0,6
2025-06-02 02:00:00,28.3,29,6.9,971.9,34.1,44.7,,2,0,6
2025-06-02 03:00:00,27.6,31,5.5,971.7,37.5,50.8,72.49810474569148,3,0,6
2025-06-02 04:00:00,27.0,33,5.2,971.9,40.9,56.6,46.37185404035781,4,0,6
2025-06-02 05:00:00,26.3,40,1.7,972.5,46.1,64.3,31.29741660753886,5,0,6
2025-06-02 06:00:00,27.6,39,2.2,973.3,44.0,59.8,,6,0,6
2025-06-02 07:00:00,28.7,38,2.8,974.1,40.6,56.1,23.178527779049347,7,0,6
2025-06-02 08:00:00,31.1,32,4.5,974.3,31.7,55.9,28.017902824613785,8,0,6
2025-06-02 09:00:00,33.3,27,6.0,974.5,25.0,57.5,28.303430557250977,9,0,6
2025-06-02 10:00:00,35.4,22,3.4,974.5,20.4,52.4,,10,0,6
2025-06-02 11:00:00,36.7,19,1.7,974.2,18.0,47.3,,11,0,6
2025-06-02 12:00:00,37.6,17,3.8,973.7,17.0,44.2,,12,0,6
2025-06-02 13:00:00,37.9,16,5.0,972.8,16.7,42.5,,13,0,6
2025-06-02 14:00:00,38.5,15,3.6,972.2,16.4,40.3,,14,0,6
2025-06-02 15:00:00,38.4,15,6.1,971.7,15.8,37.5,,15,0,6
2025-06-02 16:00:00,38.4,14,10.6,971.3,15.0,34.3,,16,0,6
2025-06-02 17:00:00,38.0,14,10.6,971.2,15.8,32.9,23.264267830621627,17,0,6
2025-06-02 18:00:00,37.1,13,10.4,971.7,16.0,32.0,17.69810117994036,18,0,6
2025-06-02 19:00:00,36.0,14,5.1,972.2,22.5,35.9,17.382464860940907,19,0,6
2025-06-02 20:00:00,34.3,16,3.9,972.6,33.6,49.0,21.636863027300155,20,0,6
2025-06-02 21:00:00,33.1,20,8.5,973.4,40.9,60.5,21.62429168110802,21,0,6
2025-06-02 22:00:00,31.4,32,9.7,973.5,46.1,69.8,22.562549754138633,22,0,6
2025-06-02 23:00:00,29.9,36,8.9,973.2,44.7,74.0,,23,0,6
2025-06-03 00:00:00,29.2,36,8.9,973.2,41.1,78.2,26.783069504631886,0,1,6
2025-06-03 01:00:00,28.1,40,4.8,972.8,38.8,78.2,38.841763469907974,1,1,6
2025-06-03 02:00:00,27.6,40,7.0,972.8,37.1,76.6,32.71348603566488,2,1,6
2025-06-03 03:00:00,27.2,42,8.0,972.8,38.4,82.0,,3,1,6
2025-06-03 04:00:00,26.7,48,9.1,973.4,43.0,97.1,,4,1,6
2025-06-03 05:00:00,25.9,52,9.7,974.2,31.7,67.1,,5,1,6
2025-06-03 06:00:00,24.9,63,8.5,976.0,29.0,47.8,,6,1,6
2025-06-03 07:00:00,26.1,59,9.5,976.9,28.1,44.0,,7,1,6
2025-06-03 08:00:00,27.7,47,16.5,977.4,26.9,45.1,15.954829904011318,8,1,6
2025-06-03 09:00:00,30.2,40,16.7,977.3,27.6,64.5,16.745058903618464,9,1,6
2025-06-03 10:00:00,32.5,33,14.5,976.8,30.7,89.2,17.841216223580496,10,1,6
2025-06-03 11:00:00,34.3,28,13.7,976.6,31.7,96.4,25.35247026171003,11,1,6
2025-06-03 12:00:00,35.3,25,11.9,976.1,30.2,86.8,32.307539871760774,12,1,6
2025-06-03 13:00:00,36.1,24,10.1,975.4,29.0,79.2,35.68682940800984,13,1,6
2025-06-03 14:00:00,35.7,23,7.9,974.9,29.1,75.4,30.123696486155193,14,1,6
2025-06-03 15:00:00,35.8,22,8.9,974.5,32.1,80.6,26.59282636642456,15,1,6
2025-06-03 16:00:00,35.3,23,9.8,974.6,32.9,82.0,28.785744657119118,16,1,6
2025-06-03 17:00:00,32.2,36,17.7,975.1,19.7,50.4,31.4394425402085,17,1,6
2025-06-03 18:00:00,29.6,42,17.7,975.7,22.4,62.6,38.47494264443715,18,1,6
2025-06-03 19:00:00,28.9,46,12.8,976.3,23.4,65.4,43.607911333441734,19,1,6
2025-06-03 20:00:00,28.6,45,8.8,976.5,27.7,56.6,40.934630036354065,20,1,6
2025-06-03 21:00:00,27.6,49,9.3,977.3,30.5,56.3,32.27988013625145,21,1,6
2025-06-03 22:00:00,26.6,55,7.8,977.7,31.7,53.9,34.67292700211207,22,1,6
2025-06-03 23:00:00,26.0,58,7.4,977.8,31.0,51.8,33.73238026102384,23,1,6
2025-06-04 00:00:00,25.5,58,8.2,977.5,30.6,54.7,31.611838440100353,0,2,6
2025-06-04 01:00:00,25.0,59,9.4,977.3,32.1,62.2,26.2517797265734,1,2,6
2025-06-04 02:00:00,24.2,62,10.1,977.2,35.0,72.2,29.833875088464644,2,2,6
2025-06-04 03:00:00,23.8,64,9.0,977.4,37.4,78.7,30.526260126204715,3,2,6
2025-06-04 04:00:00,23.6,65,7.3,977.6,39.1,83.1,31.15885879555527,4,2,6
2025-06-04 05:00:00,23.3,66,7.5,977.8,30.4,59.6,30.578728371574766,5,2,6
2025-06-04 06:00:00,23.5,69,7.5,978.6,31.8,51.2,29.69835126967657,6,2,6
2025-06-04 07:00:00,25.1,63,7.7,979.6,33.5,57.9,29.770541588465374,7,2,6
2025-06-04 08:00:00,27.2,54,9.8,979.6,33.5,65.2,29.788520839479233,8,2,6
2025-06-04 09:00:00,29.5,45,10.0,979.8,39.8,135.5,30.02710419230991,9,2,6
2025-06-04 10:00:00,31.4,39,9.2,980.1,44.1,193.7,27.683443444115774,10,2,6
2025-06-04 11:00:00,33.0,34,7.8,979.7,42.7,189.1,28.058546920617424,11,2,6
2025-06-04 12:00:00,34.4,30,4.8,979.5,39.9,169.5,30.27203138669332,12,2,6
2025-06-04 13:00:00,35.0,29,5.3,978.7,37.1,147.6,35.505696922540665,13,2,6
2025-06-04 14:00:00,35.5,28,6.7,977.9,36.0,136.4,37.32274993260701,14,2,6
2025-06-04 15:00:00,35.3,29,7.6,977.4,35.6,132.2,37.698937376340226,15,2,6
2025-06-04 16:00:00,34.7,30,9.9,977.3,36.0,131.8,40.669197738170624,16,2,6
2025-06-04 17:00:00,33.1,33,9.9,977.6,42.0,155.5,38.812932213147484,17,2,6
2025-06-04 18:00:00,32.8,28,10.9,978.3,43.5,154.6,31.73756251732508,18,2,6
2025-06-04 19:00:00,31.2,36,9.4,978.9,48.9,137.4,32.570614655812584,19,2,6
2025-06-04 20:00:00,29.8,41,12.5,979.3,63.3,155.5,34.01297390460968,20,2,6
2025-06-04 21:00:00,28.7,46,9.7,980.0,64.7,139.7,35.78273467222849,21,2,6
2025-06-04 22:00:00,28.2,45,9.2,980.3,59.8,113.9,36.17951059341431,22,2,6
2025-06-04 23:00:00,27.1,48,9.9,980.5,53.7,94.8,36.57739075024923,23,2,6
2025-06-05 00:00:00,26.3,51,9.0,980.1,48.7,83.6,38.86850504080454,0,3,6
2025-06-05 01:00:00,25.7,53,6.1,980.2,45.6,77.5,38.681815419878276,1,3,6
2025-06-05 02:00:00,25.0,56,4.2,980.0,43.2,72.9,41.339525472550164,2,3,6
2025-06-05 03:00:00,24.6,58,4.8,980.1,41.7,68.0,38.32195804232642,3,3,6
2025-06-05 04:00:00,24.2,61,5.0,980.3,41.2,65.0,34.38131743385678,4,3,6
2025-06-05 05:00:00,23.5,67,3.6,980.9,29.5,65.2,34.96758143107097,5,3,6
2025-06-05 06:00:00,24.7,63,7.4,981.9,28.2,51.8,33.96402597427368,6,3,6
2025-06-05 07:00:00,26.3,57,6.1,982.7,29.0,53.3,35.314113071986604,7,3,6
2025-06-05 08:00:00,28.5,49,5.7,983.4,29.3,65.4,36.43904319366852,8,3,6
2025-06-05 09:00:00,30.7,44,5.9,983.7,35.6,108.5,35.75381542387463,9,3,6
2025-06-05 10:00:00,32.9,37,6.4,983.6,40.9,161.1,36.621702262333464,10,3,6
2025-06-05 11:00:00,34.5,32,5.9,983.1,46.0,192.8,38.94372732979911,11,3,6
2025-06-05 12:00:00,35.8,28,4.9,982.6,46.7,187.7,41.24011886687506,12,3,6
2025-06-05 13:00:00,36.6,25,3.8,981.8,43.8,167.2,45.97718224922816,13,3,6
2025-06-05 14:00:00,37.1,24,3.4,981.0,41.8,153.2,54.172505021095276,14,3,6
2025-06-05 15:00:00,37.4,23,4.9,980.4,40.9,145.8,59.0654897292455,15,3,6
2025-06-05 16:00:00,37.3,23,7.3,979.7,39.2,137.4,60.94759901364644,16,3,6
2025-06-05 17:00:00,37.0,23,8.2,979.3,43.3,156.5,61.11174456278483,17,3,6
2025-06-05 18:00:00,35.3,26,7.4,979.9,44.7,160.2,68.14563047885895,18,3,6
2025-06-05 19:00:00,33.8,30,6.5,980.2,54.7,156.5,67.92067523797353,19,3,6
2025-06-05 20:00:00,32.4,34,5.4,980.6,71.5,183.0,61.645711620648704,20,3,6
2025-06-05 21:00:00,31.8,35,5.2,981.2,80.1,197.9,56.06281232833862,21,3,6
2025-06-05 22:00:00,30.7,41,2.6,981.5,85.0,206.8,54.26752630869547,22,3,6
2025-06-05 23:00:00,29.5,43,2.3,981.5,87.8,211.9,55.09809899330139,23,3,6
2025-06-06 00:00:00,28.6,48,2.4,981.1,88.5,217.0,67.14710938930511,0,4,6
2025-06-06 01:00:00,28.1,50,3.5,980.6,91.0,229.6,74.81528651714325,1,4,6
2025-06-06 02:00:00,27.8,49,4.2,980.4,94.5,237.5,58.10936989386876,2,4,6
2025-06-06 03:00:00,27.5,48,4.6,980.2,97.8,241.2,48.50140110651652,3,4,6
2025-06-06 04:00:00,27.3,47,4.7,980.4,101.5,248.7,39.08517682552338,4,4,6
2025-06-06 05:00:00,27.1,49,3.3,980.7,76.4,163.0,39.94874461491903,5,4,6
2025-06-06 06:00:00,29.1,45,3.5,981.5,78.7,150.9,41.63058126540411,6,4,6
2025-06-06 07:00:00,29.9,43,5.0,982.1,74.3,144.4,45.034208116077245,7,4,6
2025-06-06 08:00:00,31.6,40,5.1,982.4,67.3,161.1,45.38949389684768,8,4,6
2025-06-06 09:00:00,33.6,36,5.4,982.6,59.6,157.4,45.06722738835719,9,4,6
2025-06-06 10:00:00,35.4,31,4.6,982.3,50.8,148.1,44.82808916909354,10,4,6
2025-06-06 11:00:00,37.0,27,2.8,982.0,44.8,128.1,44.41493443080357,11,4,6
2025-06-06 12:00:00,38.2,24,0.4,981.3,43.2,119.0,45.42053585960751,12,4,6
2025-06-06 13:00:00,39.1,22,2.4,980.4,43.0,113.9,47.00292251223609,13,4,6
2025-06-06 14:00:00,39.9,21,3.6,979.4,42.8,110.4,51.33516670408703,14,4,6
2025-06-06 15:00:00,40.4,20,2.9,978.5,42.3,106.2,57.48460683368501,15,4,6
2025-06-06 16:00:00,40.3,20,2.4,977.8,41.7,102.7,69.53276180085682,16,4,6
2025-06-06 17:00:00,39.8,21,0.6,977.8,42.5,103.4,62.08066654205322,17,4,6
2025-06-06 18:00:00,37.4,26,10.3,978.6,41.7,98.5,55.75687953404018,18,4,6
2025-06-06 19:00:00,35.8,29,12.0,978.8,43.7,91.3,56.46932981581915,19,4,6
2025-06-06 20:00:00,35.2,29,12.7,979.1,50.3,85.7,55.29916654314314,20,4,6
2025-06-06 21:00:00,34.9,30,7.9,979.6,50.5,80.3,58.03817662738618,21,4,6
2025-06-06 22:00:00,33.0,34,3.6,979.6,49.8,77.1,58.37890143621535,22,4,6
2025-06-06 23:00:00,31.6,40,6.5,979.0,48.3,73.8,65.75405356997535,23,4,6
2025-06-07 00:00:00,30.6,44,4.0,978.5,45.5,70.1,71.51079740978423,0,5,6
2025-06-07 01:00:00,30.2,46,3.8,978.1,43.1,68.0,77.69229757218135,1,5,6
2025-06-07 02:00:00,29.8,50,2.8,977.8,42.0,67.8,77.61006950196767,2,5,6
2025-06-07 03:00:00,29.5,50,1.5,978.0,43.4,71.7,76.01535697210404,3,5,6
2025-06-07 04:00:00,29.1,53,0.9,978.1,50.5,81.3,64.42585708981468,4,5,6
2025-06-07 05:00:00,27.8,53,3.7,978.4,47.6,78.9,47.75338095710391,5,5,6
2025-06-07 06:00:00,30.4,45,6.3,978.9,55.4,87.5,44.22632481215836,6,5,6
2025-06-07 07:00:00,31.5,45,6.2,979.7,48.3,80.3,41.03108321295844,7,5,6
2025-06-07 08:00:00,33.6,40,7.2,980.3,44.7,82.2,39.09407398435805,8,5,6
2025-06-07 09:00:00,36.0,34,8.2,980.6,41.3,81.7,40.02225685119629,9,5,6
2025-06-07 10:00:00,38.3,27,9.0,980.6,40.9,85.0,39.797012147449315,10,5,6
2025-06-07 11:00:00,39.8,23,7.4,980.2,39.8,84.5,39.93092641376313,11,5,6
2025-06-07 12:00:00,40.9,22,5.9,979.6,38.6,82.4,40.635190555027556,12,5,6
2025-06-07 13:00:00,41.9,21,4.9,978.8,37.1,79.2,42.83314287094843,13,5,6
2025-06-07 14:00:00,42.6,19,4.2,977.7,35.9,78.0,48.48732162657238,14,5,6
2025-06-07 15:00:00,43.0,18,2.5,976.9,34.6,78.9,53.229527564275834,15,5,6
2025-06-07 16:00:00,42.8,18,5.0,976.4,33.8,79.9,54.5104604448591,16,5,6
2025-06-07 17:00:00,42.2,18,6.0,976.2,38.0,88.5,55.77341038840158,17,5,6
2025-06-07 18:00:00,40.6,21,7.5,976.7,37.6,86.6,71.7363399323963,18,5,6
2025-06-07 19:00:00,38.2,28,11.5,976.8,42.7,80.3,70.32485112689791,19,5,6
2025-06-07 20:00:00,37.5,27,13.5,976.9,50.5,84.5,63.88953558603922,20,5,6
2025-06-07 21:00:00,36.7,28,7.2,977.3,51.6,83.6,54.6455359231858,21,5,6
2025-06-07 22:00:00,35.6,30,6.0,977.1,50.6,82.2,42.6070058913458,22,5,6
2025-06-07 23:00:00,34.6,32,6.2,976.8,49.4,80.8,35.02067241214571,23,5,6
2025-06-08 00:00:00,33.7,35,5.8,976.3,47.1,78.9,31.127970218658447,0,6,6
2025-06-08 01:00:00,33.2,36,7.0,976.1,45.2,77.8,30.78034734725952,1,6,6
2025-06-08 02:00:00,32.6,38,5.8,976.1,43.3,77.5,32.14163192113241,2,6,6
2025-06-08 03:00:00,32.0,39,4.9,976.1,43.7,78.9,40.45054393344455,3,6,6
2025-06-08 04:00:00,31.2,40,6.5,976.6,46.0,81.3,36.66099315219456,4,6,6
2025-06-08 05:00:00,29.8,45,3.7,976.6,41.2,72.6,30.41455757807172,5,6,6
2025-06-08 06:00:00,31.9,41,4.9,977.6,49.0,76.1,23.013475036621095,6,6,6
2025-06-08 07:00:00,33.3,40,3.6,978.6,51.0,76.4,19.821425875027973,7,6,6
2025-06-08 08:00:00,35.7,35,2.2,979.0,44.7,83.1,19.684881938828365,8,6,6
2025-06-08 09:00:00,38.0,29,3.6,979.3,39.3,86.1,18.220791631274754,9,6,6
2025-06-08 10:00:00,40.0,25,4.6,979.3,33.6,82.9,17.57388891114129,10,6,6
2025-06-08 11:00:00,42.0,21,4.0,978.9,31.4,79.4,19.155076411035324,11,6,6
2025-06-08 12:00:00,43.4,17,3.4,978.2,30.5,82.2,18.862347218725414,12,6,6
2025-06-08 13:00:00,44.2,15,6.1,977.1,30.0,83.8,23.185342140872066,13,6,6
2025-06-08 14:00:00,44.3,14,10.1,976.4,29.6,83.1,30.624958435694378,14,6,6
2025-06-08 15:00:00,43.9,14,12.1,975.9,28.9,82.2,42.17430559794108,15,6,6
2025-06-08 16:00:00,44.0,14,6.9,975.4,28.0,81.5,46.867125034332275,16,6,6
2025-06-08 17:00:00,44.3,13,3.4,974.7,22.6,73.6,49.04811837938096,17,6,6
2025-06-08 18:00:00,42.8,13,10.3,975.4,22.4,68.9,50.67580864164564,18,6,6
2025-06-08 19:00:00,41.2,14,9.9,975.3,24.0,55.2,47.65121156450302,19,6,6
2025-06-08 20:00:00,39.9,14,7.3,975.5,27.6,53.2,44.781101364559596,20,6,6
2025-06-08 21:00:00,38.2,16,5.6,975.6,29.0,52.7,44.00357638465034,21,6,6
2025-06-08 22:00:00,37.3,19,5.4,975.4,29.3,53.9,42.514319525824654,22,6,6
2025-06-08 23:00:00,36.1,21,4.9,975.0,29.6,56.9,43.90123595131768,23,6,6
2025-06-09 00:00:00,35.2,22,6.7,975.0,30.4,63.1,49.246312406327995,0,0,6
2025-06-09 01:00:00,34.4,26,6.7,974.4,32.9,70.5,51.299319426218666,1,0,6
2025-06-09 02:00:00,33.6,29,7.3,974.5,36.7,74.0,52.618520674079356,2,0,6
2025-06-09 03:00:00,33.1,30,7.1,974.3,38.4,72.4,48.706958081987175,3,0,6
2025-06-09 04:00:00,32.9,30,7.5,974.4,39.5,68.7,42.026819388071694,4,0,6
2025-06-09 05:00:00,32.1,31,6.0,974.7,39.6,68.9,36.322669135199654,5,0,6
2025-06-09 06:00:00,32.8,32,4.9,975.8,41.8,66.6,32.795055680804786,6,0,6
2025-06-09 07:00:00,34.4,30,3.2,976.3,43.2,64.7,30.09618059794108,7,0,6
2025-06-09 08:00:00,36.8,26,1.5,976.8,40.0,70.1,28.718693786885314,8,0,6
2025-06-09 09:00:00,39.6,22,1.9,977.4,36.7,72.4,25.693535691215878,9,0,6
2025-06-09 10:00:00,41.3,20,5.5,977.5,29.0,67.3,25.031904674711683,10,0,6
2025-06-09 11:00:00,42.8,18,5.6,977.2,26.0,61.5,26.956214359828405,11,0,6
2025-06-09 12:00:00,44.0,16,7.0,976.6,25.3,59.6,26.659744012923465,12,0,6
2025-06-09 13:00:00,44.7,14,8.5,975.6,24.9,59.3,28.425009863717214,13,0,6
2025-06-09 14:00:00,45.2,13,9.5,974.5,24.4,58.8,35.60321639832996,14,0,6
2025-06-09 15:00:00,45.7,12,10.1,973.5,24.0,58.0,42.088410695393875,15,0,6
2025-06-09 16:00:00,45.1,13,11.2,972.8,24.0,57.2,53.232035591488795,16,0,6
2025-06-09 17:00:00,43.2,17,15.2,972.8,24.6,56.7,47.15553560711089,17,0,6
2025-06-09 18:00:00,42.3,14,8.8,973.2,24.8,54.9,36.60336290087019,18,0,6
2025-06-09 19:00:00,39.8,18,6.0,973.2,30.0,50.1,31.03629763921102,19,0,6
2025-06-09 20:00:00,38.0,21,4.5,973.3,34.8,50.9,26.970607167198544,20,0,6
2025-06-09 21:00:00,37.4,21,5.4,973.4,37.4,50.5,25.311458269755047,21,0,6
2025-06-09 22:00:00,37.2,21,7.4,973.1,39.3,49.7,26.577339263189405,22,0,6
2025-06-09 23:00:00,36.6,21,8.3,972.7,40.5,48.3,28.80838698432559,23,0,6
2025-06-10 00:00:00,35.9,22,9.6,972.4,39.9,45.8,31.994119008382164,0,1,6
2025-06-10 01:00:00,35.2,23,10.2,971.9,37.7,43.7,38.04470822546217,1,1,6
2025-06-10 02:00:00,34.8,22,10.7,971.7,33.9,41.4,36.3349375989702,2,1,6
2025-06-10 03:00:00,34.2,21,11.5,971.8,29.8,38.5,29.614368147320217,3,1,6
2025-06-10 04:00:00,34.0,20,10.7,972.4,27.9,36.7,28.78866892390781,4,1,6
2025-06-10 05:00:00,33.3,20,8.8,973.0,28.3,42.3,31.286951435936825,5,1,6
2025-06-10 06:00:00,33.5,22,7.2,973.8,26.0,37.1,32.90414493802994,6,1,6
2025-06-10 07:00:00,34.6,22,7.3,974.4,24.9,36.7,34.20102380570911,7,1,6
2025-06-10 08:00:00,36.4,20,5.2,975.1,21.6,41.9,26.77625674941913,8,1,6
2025-06-10 09:00:00,38.5,18,5.1,975.2,20.7,44.1,22.737502144528673,9,1,6
2025-06-10 10:00:00,40.4,17,6.0,975.5,20.9,45.5,22.45944641885303,10,1,6
2025-06-10 11:00:00,41.9,17,7.6,975.4,21.8,48.5,22.461252700714834,11,1,6
2025-06-10 12:00:00,43.0,17,8.5,975.0,24.2,54.1,28.143065452575684,12,1,6
2025-06-10 13:00:00,43.8,16,8.2,974.3,25.5,58.8,34.64330210288365,13,1,6
2025-06-10 14:00:00,44.3,15,8.2,973.4,25.8,61.0,39.00345834096273,14,1,6
2025-06-10 15:00:00,44.5,15,8.1,972.7,24.9,61.2,41.69465344241171,15,1,6
2025-06-10 16:00:00,44.2,15,8.8,972.1,24.2,61.5,43.47787488229347,16,1,6
2025-06-10 17:00:00,43.6,16,10.7,971.8,25.7,59.6,43.81321366628011,17,1,6
2025-06-10 18:00:00,42.8,16,12.3,972.2,26.3,59.8,43.57781219482422,18,1,6
2025-06-10 19:00:00,40.5,22,10.5,972.4,30.9,56.3,41.535630257924396,19,1,6
2025-06-10 20:00:00,39.3,24,7.7,972.6,34.1,61.0,43.41063562908558,20,1,6
2025-06-10 21:00:00,38.5,25,7.4,973.0,35.9,66.4,44.37010784943899,21,1,6
2025-06-10 22:00:00,37.6,27,8.9,973.1,37.1,70.5,44.987489422162376,22,1,6
2025-06-10 23:00:00,36.7,30,8.2,973.1,38.4,71.9,63.04766503969828,23,1,6
2025-06-11 00:00:00,35.7,31,7.1,973.1,38.5,70.8,76.20915615558624,0,2,6
2025-06-11 01:00:00,35.1,31,6.8,973.0,38.5,68.9,73.00827113787334,1,2,6
2025-06-11 02:00:00,34.2,32,6.2,972.8,38.6,66.6,47.391559373764764,2,2,6
2025-06-11 03:00:00,33.1,35,4.5,973.0,38.8,63.8,40.32156975160946,3,2,6
2025-06-11 04:00:00,31.9,38,3.5,974.0,38.9,62.2,34.883671621481575,4,2,6
2025-06-11 05:00:00,30.8,42,2.7,974.6,42.5,61.0,,5,2,6
2025-06-11 06:00:00,32.0,41,6.8,974.9,38.4,52.6,28.094223896662395,6,2,6
2025-06-11 07:00:00,33.5,38,7.6,975.7,36.9,50.5,25.473953028519947,7,2,6
2025-06-11 08:00:00,35.7,32,7.4,976.1,33.8,65.4,22.15079164505005,8,2,6
2025-06-11 09:00:00,38.3,25,5.7,976.3,29.3,71.2,20.461265573898952,9,2,6
2025-06-11 10:00:00,40.8,21,5.2,976.2,28.7,74.5,19.5435694505771,10,2,6
2025-06-11 11:00:00,42.9,18,5.9,976.1,28.4,77.3,15.203790220347319,11,2,6
2025-06-11 12:00:00,44.3,16,4.8,975.4,27.5,77.3,17.76665631433328,12,2,6
2025-06-11 13:00:00,45.5,14,3.1,974.7,27.2,76.4,26.97742689649264,13,2,6
2025-06-11 14:00:00,46.1,12,3.3,973.8,26.5,74.5,38.642982721328735,14,2,6
2025-06-11 15:00:00,46.5,11,4.8,972.8,25.8,72.9,60.26661467552185,15,2,6
2025-06-11 16:00:00,46.4,11,7.7,972.1,25.4,71.2,59.33762550354004,16,2,6
2025-06-11 17:00:00,45.5,12,8.7,972.0,21.4,57.6,51.869573056697845,17,2,6
2025-06-11 18:00:00,43.7,12,12.2,972.7,20.5,54.1,45.97281769911448,18,2,6
2025-06-11 19:00:00,42.0,13,11.5,973.1,21.9,45.9,54.224029421806335,19,2,6
2025-06-11 20:00:00,40.7,12,10.4,973.6,24.3,48.0,50.296129049676836,20,2,6
2025-06-11 21:00:00,39.5,13,9.4,973.9,26.3,54.2,66.90619814395905,21,2,6
2025-06-11 22:00:00,38.5,15,8.8,974.1,27.8,60.1,72.35717034339905,22,2,6
2025-06-11 23:00:00,37.7,17,8.5,973.9,28.2,63.1,77.84733327229817,23,2,6
2025-06-12 00:00:00,37.2,18,9.3,973.6,27.6,64.5,73.20720811323686,0,3,6
2025-06-12 01:00:00,36.7,19,9.2,973.2,27.1,66.8,71.52589815313166,1,3,6
2025-06-12 02:00:00,35.3,20,5.4,973.5,27.3,71.5,65.10771067937215,2,3,6
2025-06-12 03:00:00,33.4,24,4.6,973.8,28.8,79.2,47.916199101342094,3,3,6
2025-06-12 04:00:00,32.4,25,4.8,974.3,31.5,86.8,34.5446249189831,4,3,6
2025-06-12 05:00:00,31.5,26,6.7,974.8,46.1,81.5,27.17222023010254,5,3,6
2025-06-12 06:00:00,32.9,33,6.0,974.9,44.8,69.2,24.593194391992355,6,3,6
2025-06-12 07:00:00,34.9,30,5.6,975.3,44.5,65.0,24.941007004843822,7,3,6
2025-06-12 08:00:00,38.0,26,4.5,975.6,40.6,87.3,24.07788202497694,8,3,6
2025-06-12 09:00:00,40.4,21,6.8,975.9,36.8,93.8,23.797980149586998,9,3,6
2025-06-12 10:00:00,42.2,18,6.4,975.7,31.7,94.1,23.030410812014626,10,3,6
2025-06-12 11:00:00,43.7,15,4.0,975.4,27.0,80.8,22.254946368081228,11,3,6
2025-06-12 12:00:00,44.9,13,2.5,974.9,24.2,73.3,23.13867247672308,12,3,6
2025-06-12 13:00:00,45.8,12,2.2,974.1,22.7,69.8,27.51094647816249,13,3,6
2025-06-12 14:00:00,46.0,11,4.6,973.2,21.9,67.5,38.769012042454314,14,3,6
2025-06-12 15:00:00,46.1,11,9.2,972.0,21.4,65.7,54.39589092535374,15,3,6
2025-06-12 16:00:00,45.8,11,10.6,971.4,21.1,64.0,53.57226775941395,16,3,6
2025-06-12 17:00:00,44.9,12,9.3,971.2,21.6,63.3,55.73282518840971,17,3,6
2025-06-12 18:00:00,43.1,13,11.8,972.7,21.5,61.0,53.80014991760254,18,3,6
2025-06-12 19:00:00,41.4,15,11.9,973.1,24.3,52.2,69.55633935474215,19,3,6
2025-06-12 20:00:00,40.2,16,9.3,973.7,28.4,52.7,69.22911857423328,20,3,6
2025-06-12 21:00:00,39.5,17,8.3,974.1,30.6,53.8,57.720845676603766,21,3,6
2025-06-12 22:00:00,39.1,17,7.8,974.2,32.7,55.8,53.33768240610759,22,3,6
2025-06-12 23:00:00,38.3,18,6.2,974.2,34.6,58.3,53.87939893631709,23,3,6
2025-06-13 00:00:00,37.1,20,5.1,973.9,35.0,59.3,54.71215293520972,0,4,6
2025-06-13 01:00:00,37.0,19,6.2,973.6,35.3,60.5,60.632444540659584,1,4,6
2025-06-13 02:00:00,35.3,22,12.8,974.4,37.7,66.6,72.90961096021864,2,4,6
2025-06-13 03:00:00,34.7,26,8.5,974.3,46.0,78.7,79.18297884199355,3,4,6
2025-06-13 04:00:00,33.2,31,9.0,975.0,62.9,143.9,76.39079867468939,4,4,6
2025-06-13 05:00:00,31.7,43,4.8,975.6,85.4,252.4,73.82845052083334,5,4,6
2025-06-13 06:00:00,33.3,40,7.8,975.6,108.0,341.8,63.348065103803364,6,4,6
2025-06-13 07:00:00,34.2,43,7.3,976.4,133.6,470.3,53.399694306509836,7,4,6
2025-06-13 08:00:00,36.1,48,5.5,976.5,152.3,556.9,45.71088677360898,8,4,6
2025-06-13 09:00:00,38.3,43,6.6,976.6,153.2,551.3,39.223571595691496,9,4,6
2025-06-13 10:00:00,40.6,35,6.6,976.6,137.8,488.0,36.077607086726594,10,4,6
2025-06-13 11:00:00,42.8,25,6.5,976.2,113.4,391.2,33.27401801518032,11,4,6
2025-06-13 12:00:00,43.2,21,6.7,975.8,74.5,248.7,31.158627617410765,12,4,6
2025-06-13 13:00:00,40.8,29,13.7,975.6,61.0,199.8,31.682023956662135,13,4,6
2025-06-13 14:00:00,41.3,25,16.4,975.2,56.9,185.3,44.37227321599985,14,4,6
2025-06-13 15:00:00,41.5,22,7.1,974.5,54.5,175.6,49.454654739016576,15,4,6
2025-06-13 16:00:00,42.6,19,2.8,973.8,50.6,160.7,48.425603916118675,16,4,6
2025-06-13 17:00:00,42.0,20,8.0,973.7,39.5,118.5,48.71364298320952,17,4,6
2025-06-13 18:00:00,42.8,14,6.0,973.1,36.7,105.5,48.12377763172937,18,4,6
2025-06-13 19:00:00,40.3,19,5.6,973.5,36.1,87.5,40.89623493343205,19,4,6
2025-06-13 20:00:00,38.4,25,11.3,974.1,49.8,125.3,39.81109532855806,20,4,6
2025-06-13 21:00:00,36.3,33,10.2,974.8,91.5,318.5,38.53877403622581,21,4,6
2025-06-13 22:00:00,35.1,37,11.8,975.4,136.0,532.7,37.83156095645128,22,4,6
2025-06-13 23:00:00,34.6,40,11.9,975.1,157.9,657.5,39.64167844681513,23,4,6
2025-06-14 00:00:00,33.7,45,9.8,974.9,168.6,720.8,40.70349647472431,0,5,6
2025-06-14 01:00:00,33.2,49,9.4,974.4,178.3,758.1,40.751047497703915,1,5,6
2025-06-14 02:00:00,32.6,53,8.4,974.1,191.4,838.2,41.552381886376274,2,5,6
2025-06-14 03:00:00,32.1,56,7.6,974.2,199.3,890.3,47.3298610051473,3,5,6
2025-06-14 04:00:00,31.7,58,6.2,974.4,198.4,875.4,49.85685178968641,4,5,6
2025-06-14 05:00:00,31.2,59,7.2,974.9,110.4,345.5,45.47898621029324,5,5,6
2025-06-14 06:00:00,30.2,60,8.0,976.2,103.6,302.7,46.32966670283565,6,5,6
2025-06-14 07:00:00,31.4,56,6.8,976.6,109.4,393.9,45.069114980243505,7,5,6
2025-06-14 08:00:00,33.7,50,6.1,977.0,117.8,521.5,44.492041481865776,8,5,6
2025-06-14 09:00:00,36.2,43,4.8,976.9,125.3,624.0,44.064847469329834,9,5,6
2025-06-14 10:00:00,38.3,37,5.1,976.5,121.1,612.8,44.43033080630832,10,5,6
2025-06-14 11:00:00,39.8,33,4.4,976.0,107.3,517.8,44.46173620223999,11,5,6
2025-06-14 12:00:00,41.0,29,4.1,975.2,99.2,469.4,43.87561792797513,12,5,6
2025-06-14 13:00:00,41.7,26,4.8,974.2,92.0,429.3,45.96717248644148,13,5,6
2025-06-14 14:00:00,42.4,23,8.0,973.3,85.2,390.2,57.543898537045436,14,5,6
2025-06-14 15:00:00,42.4,21,8.6,972.5,79.6,355.8,60.8988812310355,15,5,6
2025-06-14 16:00:00,41.0,23,9.8,972.1,75.4,328.8,64.71819042024158,16,5,6
2025-06-14 17:00:00,39.7,26,15.2,971.5,78.9,328.8,63.59028593699138,17,5,6
2025-06-14 18:00:00,40.3,23,7.3,971.0,76.1,309.2,48.759149051847906,18,5,6
2025-06-14 19:00:00,39.5,25,4.9,971.1,73.8,280.3,41.9262736638387,19,5,6
2025-06-14 20:00:00,38.5,27,5.3,971.4,83.8,268.2,38.65038095201765,20,5,6
2025-06-14 21:00:00,37.9,28,6.6,972.0,88.2,264.5,37.227430570693244,21,5,6
2025-06-14 22:00:00,37.0,29,5.8,972.4,88.9,248.7,39.998815422966366,22,5,6
2025-06-14 23:00:00,35.9,32,3.1,972.3,85.7,220.3,52.99278981345041,23,5,6
2025-06-15 00:00:00,35.5,33,1.7,972.2,79.9,194.6,58.431133088611425,0,6,6
2025-06-15 01:00:00,34.8,35,2.6,971.7,76.6,175.6,51.791164489019486,1,6,6
2025-06-15 02:00:00,34.0,35,3.9,971.6,76.8,162.1,68.98951629195551,2,6,6
2025-06-15 03:00:00,34.0,36,3.8,972.0,76.6,148.5,59.64739582273695,3,6,6
2025-06-15 04:00:00,33.9,34,4.6,972.3,76.1,142.0,52.185416751437714,4,6,6
2025-06-15 05:00:00,33.1,35,5.2,973.0,82.0,212.8,44.64301406012641,5,6,6
2025-06-15 06:00:00,33.7,40,4.6,972.6,85.0,220.7,40.169210048637005,6,6,6
2025-06-15 07:00:00,33.8,40,2.1,972.8,81.3,191.9,39.083729055192734,7,6,6
2025-06-15 08:00:00,35.0,38,8.6,973.3,82.2,224.4,38.39863867229885,8,6,6
2025-06-15 09:00:00,37.2,34,6.5,973.2,79.2,248.7,35.37806940078735,9,6,6
2025-06-15 10:00:00,38.2,32,5.1,973.1,77.3,268.2,34.02604855431451,10,6,6
2025-06-15 11:00:00,39.3,30,4.8,972.9,78.0,289.6,31.723124848471745,11,6,6
2025-06-15 12:00:00,41.7,25,4.7,972.4,76.6,288.7,31.795006804996063,12,6,6
2025-06-15 13:00:00,42.7,18,4.2,971.6,73.1,275.7,33.934994950586436,13,6,6
2025-06-15 14:00:00,43.1,16,4.5,970.9,69.2,258.9,45.640494164966405,14,6,6
2025-06-15 15:00:00,42.8,17,6.7,970.4,66.4,244.0,46.481760388328915,15,6,6
2025-06-15 16:00:00,42.3,18,9.7,970.0,64.3,231.4,41.66888709295364,16,6,6
2025-06-15 17:00:00,41.5,19,12.4,969.9,87.1,260.8,40.51395847683862,17,6,6
2025-06-15 18:00:00,33.5,42,8.2,971.8,85.2,256.1,41.19541086469378,18,6,6
2025-06-15 19:00:00,33.3,43,2.2,972.1,85.4,246.8,42.4386449995495,19,6,6
2025-06-15 20:00:00,33.5,43,6.6,972.8,85.0,243.1,41.703333082653224,20,6,6
2025-06-15 21:00:00,33.1,45,9.7,973.6,84.5,236.1,41.26179181961786,21,6,6
2025-06-15 22:00:00,32.9,45,6.6,973.7,85.7,234.7,42.32426793234689,22,6,6
2025-06-15 23:00:00,32.7,45,5.7,973.7,87.1,228.2,48.189244293031244,23,6,6
2025-06-16 00:00:00,32.6,46,5.2,973.9,87.8,237.0,46.21703965323312,0,0,6
2025-06-16 01:00:00,31.7,53,8.0,973.8,89.6,229.6,47.131319310930046,1,0,6
2025-06-16 02:00:00,31.4,57,8.4,973.8,90.6,211.4,50.634964889950226,2,0,6
2025-06-16 03:00:00,31.6,55,7.6,973.6,91.3,210.0,48.813229189978706,3,0,6
2025-06-16 04:00:00,31.2,58,7.0,973.8,91.3,206.3,52.21969429651896,4,0,6
2025-06-16 05:00:00,30.9,61,3.4,973.9,93.8,225.4,50.324291653103295,5,0,6
2025-06-16 06:00:00,29.2,66,11.3,973.8,92.7,202.1,52.1179879506429,6,0,6
2025-06-16 07:00:00,28.2,71,5.1,974.5,92.9,213.7,53.96595042092459,7,0,6
2025-06-16 08:00:00,28.8,70,6.0,974.9,93.1,243.1,55.556041853768484,8,0,6
2025-06-16 09:00:00,31.8,59,5.2,975.0,96.4,278.5,50.657172611781526,9,0,6
2025-06-16 10:00:00,32.7,54,4.0,975.0,98.7,307.3,56.245702652704146,10,0,6
2025-06-16 11:00:00,34.4,47,8.3,975.0,99.7,317.6,60.80552382696242,11,0,6
2025-06-16 12:00:00,35.7,41,10.3,974.5,99.7,319.4,71.46582712445941,12,0,6
2025-06-16 13:00:00,36.7,38,9.0,974.0,102.4,322.2,74.85320254734584,13,0,6
2025-06-16 14:00:00,31.5,61,13.9,973.9,129.9,429.3,75.03677972157797,14,0,6
2025-06-16 15:00:00,30.2,69,9.3,973.6,118.0,364.1,103.68119271596274,15,0,6
2025-06-16 16:00:00,30.6,65,2.5,973.0,119.2,363.2,110.24631759098598,16,0,6
2025-06-16 17:00:00,31.2,60,1.4,972.3,77.3,161.1,110.77257773989722,17,0,6
2025-06-16 18:00:00,32.0,57,3.2,972.2,83.4,170.9,109.50185703095936,18,0,6
2025-06-16 19:00:00,31.6,68,1.3,972.7,88.0,171.8,95.36224020095098,19,0,6
2025-06-16 20:00:00,31.2,68,1.9,973.1,94.1,167.6,86.38371231442406,20,0,6
2025-06-16 21:00:00,31.0,62,3.0,974.4,99.9,166.2,66.50067856198265,21,0,6
2025-06-16 22:00:00,30.9,68,2.2,974.7,106.9,170.9,57.41659898056097,22,0,6
2025-06-16 23:00:00,30.7,64,2.6,974.8,114.8,178.8,58.698684510730565,23,0,6
2025-06-17 00:00:00,30.2,62,5.2,974.7,119.7,181.6,61.83684735071092,0,1,6
2025-06-17 01:00:00,29.9,64,8.3,974.1,122.0,180.2,60.7709044501895,1,1,6
2025-06-17 02:00:00,29.4,66,8.3,974.2,122.0,179.7,55.30485534667969,2,1,6
2025-06-17 03:00:00,29.1,67,7.8,974.0,119.7,170.4,47.10192258017404,3,1,6
2025-06-17 04:00:00,28.9,68,6.2,974.3,114.3,162.1,41.40224994931902,4,1,6
2025-06-17 05:00:00,28.6,71,6.7,974.9,88.7,226.3,34.76258332388742,5,1,6
2025-06-17 06:00:00,25.7,88,18.4,976.1,89.6,243.1,29.444636844453356,6,1,6
2025-06-17 07:00:00,25.8,90,11.3,976.4,87.5,254.3,32.84098606639438,7,1,6
2025-06-17 08:00:00,26.2,89,9.6,976.9,84.8,243.1,35.885152657826744,8,1,6
2025-06-17 09:00:00,27.6,83,9.0,976.9,78.2,208.2,38.75127779112922,9,1,6
2025-06-17 10:00:00,28.6,78,7.2,977.0,68.5,160.2,34.817983680301246,10,1,6
2025-06-17 11:00:00,29.5,73,5.7,976.8,59.1,126.7,34.496035332631585,11,1,6
2025-06-17 12:00:00,30.8,67,2.7,976.3,51.6,100.8,35.039195265088765,12,1,6
2025-06-17 13:00:00,32.4,60,4.3,975.6,45.8,84.5,38.09707623057895,13,1,6
2025-06-17 14:00:00,33.4,54,7.2,974.8,41.8,76.6,47.50253242916531,14,1,6
2025-06-17 15:00:00,33.8,49,8.8,973.9,38.8,71.9,43.990826553768585,15,1,6
2025-06-17 16:00:00,33.7,46,8.8,973.1,35.7,67.1,46.79808319939507,16,1,6
2025-06-17 17:00:00,33.2,48,7.7,972.7,29.7,52.5,48.42136817508273,17,1,6
2025-06-17 18:00:00,32.0,53,5.7,973.1,26.9,48.1,58.29412534501818,18,1,6
2025-06-17 19:00:00,30.6,62,4.6,973.5,26.0,44.6,57.509111351437035,19,1,6
2025-06-17 20:00:00,29.7,66,4.8,974.0,27.1,45.9,60.418879667917885,20,1,6
2025-06-17 21:00:00,29.1,69,5.4,974.8,30.0,47.4,63.80005502700806,21,1,6
2025-06-17 22:00:00,28.6,71,7.3,975.2,32.8,54.5,61.93059073554145,22,1,6
2025-06-17 23:00:00,28.0,74,6.2,975.2,35.6,61.7,73.46662505467732,23,1,6
2025-06-18 00:00:00,27.7,76,7.5,975.1,37.1,65.7,94.49570497358688,0,2,6
2025-06-18 01:00:00,27.4,78,7.0,974.6,38.2,68.7,104.62481954362657,1,2,6
2025-06-18 02:00:00,27.2,80,6.7,974.5,39.6,71.9,73.86581240759956,2,2,6
2025-06-18 03:00:00,27.0,80,6.9,974.2,41.6,77.5,55.364826361338295,3,2,6
2025-06-18 04:00:00,26.8,81,5.5,974.3,45.4,88.0,51.01963392893473,4,2,6
2025-06-18 05:00:00,26.5,84,3.5,974.5,41.0,46.2,49.623736275566955,5,2,6
2025-06-18 06:00:00,28.1,80,4.0,974.3,41.2,50.8,40.353361235724556,6,2,6
2025-06-18 07:00:00,29.8,72,2.8,974.7,41.4,81.5,39.19071547190348,7,2,6
2025-06-18 08:00:00,31.4,63,3.8,975.0,49.4,178.3,38.01519438955519,8,2,6
2025-06-18 09:00:00,33.0,54,2.8,974.8,49.5,191.9,38.83052102724711,9,2,6
2025-06-18 10:00:00,34.5,47,2.8,974.3,46.8,180.7,41.720131953557335,10,2,6
2025-06-18 11:00:00,35.7,43,1.9,973.7,44.5,165.8,43.20931593577067,11,2,6
2025-06-18 12:00:00,36.9,39,1.0,973.0,45.1,154.6,40.070145818922256,12,2,6
2025-06-18 13:00:00,38.1,34,1.5,972.2,44.8,142.5,41.32675647735596,13,2,6
2025-06-18 14:00:00,39.0,30,2.9,971.3,44.2,133.2,43.64779165056017,14,2,6
2025-06-18 15:00:00,39.5,29,3.6,970.3,43.4,124.8,48.69431257247925,15,2,6
2025-06-18 16:00:00,39.7,27,4.2,969.6,42.8,118.0,59.738756921556266,16,2,6
2025-06-18 17:00:00,39.5,27,4.3,969.2,51.8,145.3,67.10597186618381,17,2,6
2025-06-18 18:00:00,37.0,39,7.8,970.2,53.1,143.4,64.93021292156644,18,2,6
2025-06-18 19:00:00,35.7,44,8.0,970.5,55.8,146.7,65.2742223209805,19,2,6
2025-06-18 20:00:00,34.9,48,6.2,970.7,58.4,145.3,62.82969644334582,20,2,6
2025-06-18 21:00:00,34.0,50,8.1,971.3,60.8,137.4,59.433585696750214,21,2,6
2025-06-18 22:00:00,33.1,50,8.9,971.5,62.9,135.5,62.53612968656751,22,2,6
2025-06-18 23:00:00,32.4,54,6.9,971.6,64.3,141.6,65.05540519290501,23,2,6
2025-06-19 00:00:00,31.8,57,6.5,971.2,65.0,150.9,67.35337755415175,0,3,6
2025-06-19 01:00:00,31.4,58,6.0,971.2,65.2,174.2,82.29319999331518,1,3,6
2025-06-19 02:00:00,30.9,59,4.8,971.0,65.7,180.7,77.81318749321831,2,3,6
2025-06-19 03:00:00,30.4,60,4.0,970.7,65.9,189.5,69.26273679733276,3,3,6
2025-06-19 04:00:00,30.0,62,5.0,971.0,66.8,204.0,59.62684959835476,4,3,6
2025-06-19 05:00:00,29.6,63,5.8,971.3,67.8,184.4,52.5363582611084,5,3,6
2025-06-19 06:00:00,30.4,68,5.6,971.1,66.1,188.6,49.883298831515845,6,3,6
2025-06-19 07:00:00,31.5,63,6.0,971.7,67.5,200.7,47.844813947324404,7,3,6
2025-06-19 08:00:00,32.9,57,6.4,972.2,68.9,222.1,48.12415276633369,8,3,6
2025-06-19 09:00:00,34.4,51,5.1,972.4,69.4,233.8,47.15876052114698,9,3,6
2025-06-19 10:00:00,36.0,45,4.3,972.2,68.2,233.3,46.416548309326174,10,3,6
2025-06-19 11:00:00,37.2,41,4.7,972.0,62.6,209.5,46.51067376666598,11,3,6
2025-06-19 12:00:00,38.2,39,4.8,971.6,59.5,188.1,47.64341666963366,12,3,6
2025-06-19 13:00:00,39.3,37,5.1,970.9,60.3,179.7,49.83601167466906,13,3,6
2025-06-19 14:00:00,39.9,35,5.4,970.3,57.9,169.5,51.40934032864041,14,3,6
2025-06-19 15:00:00,40.1,35,5.2,969.7,58.4,165.8,58.96546776029799,15,3,6
2025-06-19 16:00:00,40.0,36,5.9,969.0,58.1,159.7,67.89651415083144,16,3,6
2025-06-19 17:00:00,39.4,37,7.9,968.8,85.7,209.1,67.34664540820653,17,3,6
2025-06-19 18:00:00,37.5,40,7.5,969.5,81.5,195.6,65.78262535730998,18,3,6
2025-06-19 19:00:00,36.6,42,8.2,969.9,81.3,188.6,64.37327104144626,19,3,6
2025-06-19 20:00:00,35.7,45,10.1,970.3,79.2,173.2,63.29935868581136,20,3,6
2025-06-19 21:00:00,35.0,47,9.2,971.2,77.1,148.5,69.78295818964641,21,3,6
2025-06-19 22:00:00,34.3,50,9.1,971.7,74.3,133.2,70.69775676727295,22,3,6
2025-06-19 23:00:00,33.6,52,9.4,971.9,69.6,124.8,73.33901373545329,23,3,6
2025-06-20 00:00:00,33.0,54,8.9,972.0,66.6,124.8,66.11367379294502,0,4,6
2025-06-20 01:00:00,32.5,55,7.8,971.8,64.5,133.6,67.5886181725396,1,4,6
2025-06-20 02:00:00,32.0,57,8.9,971.9,63.6,150.9,57.75885407129923,2,4,6
2025-06-20 03:00:00,31.5,59,9.0,972.2,63.8,177.9,48.247187561459015,3,4,6
2025-06-20 04:00:00,31.2,60,7.0,972.5,68.9,219.3,41.95479186375936,4,4,6
2025-06-20 05:00:00,31.0,61,7.1,973.1,64.7,192.8,37.49847920735677,5,4,6
2025-06-20 06:00:00,31.9,60,5.9,972.7,70.1,232.4,36.34209701750014,6,4,6
2025-06-20 07:00:00,32.7,57,3.8,973.4,75.9,286.8,37.840631829367744,7,4,6
2025-06-20 08:00:00,33.7,55,5.6,973.8,85.9,342.7,38.20216682222155,8,4,6
2025-06-20 09:00:00,35.6,50,7.4,974.2,89.2,375.3,37.39347240659925,9,4,6
2025-06-20 10:00:00,37.2,43,7.2,974.2,97.8,417.2,37.76224999957615,10,4,6
2025-06-20 11:00:00,37.8,41,8.7,974.1,99.2,444.2,40.76769452624851,11,4,6
2025-06-20 12:00:00,38.7,40,7.5,973.6,94.8,388.4,43.36420619367349,12,4,6
2025-06-20 13:00:00,39.0,40,6.2,972.9,88.7,342.7,40.32915290196737,13,4,6
2025-06-20 14:00:00,39.4,39,6.7,972.5,80.6,292.4,49.24708795547485,14,4,6
2025-06-20 15:00:00,39.5,39,8.8,971.8,72.6,251.5,94.01159032185872,15,4,6
2025-06-20 16:00:00,39.2,40,8.5,971.3,72.2,227.2,95.58542368147108,16,4,6
2025-06-20 17:00:00,38.8,40,7.0,971.2,64.7,185.3,79.3285206688775,17,4,6
2025-06-20 18:00:00,37.1,44,8.0,971.8,63.6,168.1,66.86149989234076,18,4,6
2025-06-20 19:00:00,35.6,49,10.8,972.3,64.0,158.3,58.65495824813843,19,4,6
2025-06-20 20:00:00,33.6,62,12.5,972.7,65.2,147.1,53.6030068927341,20,4,6
2025-06-20 21:00:00,32.9,63,12.0,973.7,66.6,146.7,53.75689570109049,21,4,6
2025-06-20 22:00:00,32.5,64,10.9,974.1,69.2,209.5,54.58802080154419,22,4,6
2025-06-20 23:00:00,32.2,63,11.8,974.4,77.3,304.5,56.16615295410156,23,4,6
2025-06-21 00:00:00,32.0,63,13.0,974.3,88.7,407.9,55.0236176914639,0,5,6
2025-06-21 01:00:00,31.8,64,11.5,974.0,101.7,499.2,52.067735724978974,1,5,6
2025-06-21 02:00:00,31.4,66,9.0,974.2,110.1,573.7,51.8276317914327,2,5,6
2025-06-21 03:00:00,31.0,69,8.0,974.3,116.6,620.3,50.93047910266452,3,5,6
2025-06-21 04:00:00,30.5,72,7.0,974.7,112.9,586.7,48.29818741480509,4,5,6
2025-06-21 05:00:00,30.1,75,7.9,974.9,117.6,534.6,45.21249998940362,5,5,6
2025-06-21 06:00:00,30.8,75,6.1,974.9,108.0,495.5,44.36174297332764,6,5,6
2025-06-21 07:00:00,31.3,73,9.9,975.4,94.8,406.1,41.605368031395805,7,5,6
2025-06-21 08:00:00,32.6,66,12.0,976.2,76.8,282.2,38.37565284305149,8,5,6
2025-06-21 09:00:00,34.0,59,10.3,975.8,62.9,204.0,38.20142510732015,9,5,6
2025-06-21 10:00:00,35.7,52,9.9,975.6,57.6,177.9,38.59922536214192,10,5,6
2025-06-21 11:00:00,37.1,48,9.0,975.3,53.3,154.1,40.13987534840902,11,5,6
2025-06-21 12:00:00,38.1,45,9.1,974.6,52.9,149.0,41.47976531982422,12,5,6
2025-06-21 13:00:00,38.4,44,8.1,974.1,53.3,151.8,46.40293052461413,13,5,6
2025-06-21 14:00:00,38.3,44,6.4,973.3,54.7,155.5,54.21313179863824,14,5,6
2025-06-21 15:00:00,39.1,41,6.0,972.5,53.7,149.5,61.34472891136452,15,5,6
2025-06-21 16:00:00,39.1,40,6.7,971.8,53.3,145.3,82.40296538670857,16,5,6
2025-06-21 17:00:00,38.9,40,7.3,971.4,59.4,178.8,115.67914613087972,17,5,6
2025-06-21 18:00:00,35.7,53,12.0,972.3,58.2,175.1,127.37652079264323,18,5,6
2025-06-21 19:00:00,34.3,58,12.2,972.5,58.6,177.4,117.37748591105144,19,5,6
2025-06-21 20:00:00,33.6,61,9.6,972.9,60.5,158.3,93.16469457414416,20,5,6
2025-06-21 21:00:00,33.2,63,9.2,973.7,62.4,152.3,85.66578727298314,21,5,6
2025-06-21 22:00:00,32.5,65,10.1,973.9,63.1,150.9,84.62981986999512,22,5,6
2025-06-21 23:00:00,31.9,67,10.0,973.8,63.1,148.1,81.02198600769043,23,5,6
2025-06-22 00:00:00,31.6,67,9.6,973.3,62.4,141.6,88.82222196790907,0,6,6
2025-06-22 01:00:00,31.3,67,8.6,972.8,62.2,139.2,97.82435438368056,1,6,6
2025-06-22 02:00:00,31.0,68,9.8,972.6,62.9,150.9,99.44331665231725,2,6,6
2025-06-22 03:00:00,27.5,86,16.2,974.4,67.5,171.8,79.96759027904933,3,6,6
2025-06-22 04:00:00,27.4,92,10.8,973.7,86.6,209.1,27.307268467214374,4,6,6
2025-06-22 05:00:00,27.4,94,10.8,973.4,64.7,177.0,38.727187342113915,5,6,6
2025-06-22 06:00:00,30.7,76,6.5,973.2,66.6,184.4,33.52035155199995,6,6,6
2025-06-22 07:00:00,31.7,71,5.2,974.0,70.3,199.8,30.50693742434184,7,6,6
2025-06-22 08:00:00,29.0,86,9.0,975.0,78.2,224.0,38.078624884287514,8,6,6
2025-06-22 09:00:00,29.0,87,11.7,975.2,71.5,203.5,,9,6,6
2025-06-22 10:00:00,30.1,82,8.6,975.2,62.6,172.3,28.423104778203093,10,6,6
2025-06-22 11:00:00,31.3,76,8.9,975.5,59.8,158.3,29.83080538113912,11,6,6
2025-06-22 12:00:00,31.5,75,7.5,974.7,56.1,146.7,31.618749962912663,12,6,6
2025-06-22 13:00:00,33.1,69,6.2,973.7,52.4,135.5,42.509837863421204,13,6,6
2025-06-22 14:00:00,34.4,66,6.9,973.0,49.8,137.8,46.47029842270746,14,6,6
2025-06-22 15:00:00,34.9,64,6.5,971.9,50.2,147.6,51.49118741353353,15,6,6
2025-06-22 16:00:00,35.0,63,7.9,971.2,50.5,149.9,58.65607715375496,16,6,6
2025-06-22 17:00:00,34.6,64,7.7,970.8,62.4,190.0,73.1787780655755,17,6,6
2025-06-22 18:00:00,30.7,72,7.3,972.1,63.1,176.5,93.38567362891303,18,6,6
2025-06-22 19:00:00,29.9,76,6.2,972.0,65.4,140.2,90.81717817518445,19,6,6
2025-06-22 20:00:00,29.5,80,3.8,972.0,66.4,128.5,92.10193019443089,20,6,6
2025-06-22 21:00:00,29.2,83,3.8,972.8,66.4,122.9,117.3364650938246,21,6,6
2025-06-22 22:00:00,29.0,83,4.6,973.1,68.2,122.9,124.1515138414171,22,6,6
2025-06-22 23:00:00,28.9,83,5.9,973.3,68.2,122.5,,23,6,6
2025-06-23 00:00:00,28.7,85,4.5,973.0,65.9,122.0,79.99584749009874,0,0,6
2025-06-23 01:00:00,28.6,87,3.6,972.8,64.7,121.1,77.11340247260199,1,0,6
2025-06-23 02:00:00,28.5,88,3.0,972.7,64.3,121.1,77.76070875591702,2,0,6
2025-06-23 03:00:00,28.1,90,6.8,972.9,63.8,121.5,79.79677078458998,3,0,6
2025-06-23 04:00:00,27.8,91,6.4,973.2,64.0,122.9,84.49197207556831,4,0,6
2025-06-23 05:00:00,27.7,92,6.3,972.9,59.6,128.5,77.79233784145778,5,0,6
2025-06-23 06:00:00,28.9,91,5.9,972.1,58.0,127.1,68.88285843531291,6,0,6
2025-06-23 07:00:00,30.1,86,5.4,972.5,56.7,134.6,,7,0,6
2025-06-23 08:00:00,31.7,78,5.4,972.5,55.8,139.7,62.874235598246266,8,0,6
2025-06-23 09:00:00,33.2,71,3.3,972.6,54.4,135.0,64.677769724528,9,0,6
2025-06-23 10:00:00,34.4,66,0.8,972.5,52.0,132.7,61.59143594106039,10,0,6
2025-06-23 11:00:00,35.6,59,2.8,972.0,52.9,134.1,55.82570031483967,11,0,6
2025-06-23 12:00:00,35.7,60,9.6,971.6,54.1,135.0,55.92171936035156,12,0,6
2025-06-23 13:00:00,36.1,59,9.0,970.7,53.9,137.4,52.643880462646486,13,0,6
2025-06-23 14:00:00,36.4,58,6.7,969.9,51.9,135.5,55.17858899434408,14,0,6
2025-06-23 15:00:00,36.6,57,6.6,969.0,54.9,142.0,60.82442229588827,15,0,6
2025-06-23 16:00:00,36.5,57,5.5,968.4,53.9,136.4,62.29000841776531,16,0,6
2025-06-23 17:00:00,36.1,58,4.2,967.8,66.8,172.3,67.41595808664958,17,0,6
2025-06-23 18:00:00,35.9,60,4.7,968.7,67.1,169.0,53.50284169514973,18,0,6
2025-06-23 19:00:00,34.7,69,2.8,968.7,70.8,143.4,49.75530020395915,19,0,6
2025-06-23 20:00:00,33.7,70,3.7,969.1,73.3,129.9,42.81660820643107,20,0,6
2025-06-23 21:00:00,31.9,76,10.3,970.3,76.8,131.3,35.88604990641276,21,0,6
2025-06-23 22:00:00,27.8,85,12.5,970.8,82.0,142.5,35.72881946563721,22,0,6
2025-06-23 23:00:00,27.9,90,13.0,971.0,83.8,153.2,36.6399419148763,23,0,6
2025-06-24 00:00:00,27.9,90,7.8,970.8,84.1,160.7,36.37685540517171,0,1,6
2025-06-24 01:00:00,27.5,91,13.4,970.9,82.0,171.4,38.90944159825643,1,1,6
2025-06-24 02:00:00,27.4,87,8.7,970.2,77.5,183.9,43.01756661732991,2,1,6
2025-06-24 03:00:00,26.6,91,14.0,970.7,71.7,181.6,44.129283078511556,3,1,6
2025-06-24 04:00:00,26.2,93,10.3,971.0,65.0,162.1,42.73007342020671,4,1,6
2025-06-24 05:00:00,26.2,95,9.6,971.2,67.5,176.5,46.30514963227089,5,1,6
2025-06-24 06:00:00,29.5,85,8.1,970.2,65.4,163.9,46.19783083597819,6,1,6
2025-06-24 07:00:00,30.2,83,8.0,970.6,66.4,183.9,46.53488429387411,7,1,6
2025-06-24 08:00:00,31.4,78,8.7,971.1,68.5,194.2,44.94735182656183,8,1,6
2025-06-24 09:00:00,32.9,70,10.0,971.5,70.5,216.5,45.035997761620415,9,1,6
2025-06-24 10:00:00,34.2,63,10.1,971.3,71.7,227.2,44.96417084799872,10,1,6
2025-06-24 11:00:00,35.3,60,8.4,971.3,71.2,226.3,42.35091660817464,11,1,6
2025-06-24 12:00:00,36.0,58,7.6,970.8,68.7,217.9,42.285150146484376,12,1,6
2025-06-24 13:00:00,36.7,56,6.0,970.2,65.7,208.2,46.028952492607964,13,1,6
2025-06-24 14:00:00,37.2,54,3.4,969.3,71.0,222.1,52.957830451783686,14,1,6
2025-06-24 15:00:00,37.5,51,2.7,968.7,70.1,217.5,59.240106855119976,15,1,6
2025-06-24 16:00:00,37.6,51,2.1,968.2,70.1,213.7,68.69577021825882,16,1,6
2025-06-24 17:00:00,37.3,53,3.2,967.8,77.3,203.0,63.36173491044478,17,1,6
2025-06-24 18:00:00,34.6,66,5.6,968.7,75.4,188.6,57.53602373032343,18,1,6
2025-06-24 19:00:00,33.2,70,8.1,968.9,75.4,158.8,54.89489005860828,19,1,6
2025-06-24 20:00:00,32.1,74,10.9,969.4,74.0,144.4,57.89877271652222,20,1,6
2025-06-24 21:00:00,31.3,77,10.2,970.4,71.9,138.8,66.00891395667931,21,1,6
2025-06-24 22:00:00,30.9,78,9.6,971.1,70.1,136.9,,22,1,6
2025-06-24 23:00:00,30.6,78,9.5,971.2,68.7,142.5,,23,1,6
2025-06-25 00:00:00,30.3,79,9.9,971.4,68.9,162.5,,0,2,6
2025-06-25 01:00:00,30.0,81,9.5,971.5,70.3,184.9,67.85864928412059,1,2,6
2025-06-25 02:00:00,29.8,82,9.0,971.6,73.6,201.2,68.85724995411984,2,2,6
2025-06-25 03:00:00,29.6,83,8.5,971.4,74.3,200.2,69.71704778217135,3,2,6
2025-06-25 04:00:00,28.6,86,10.5,972.3,71.7,189.5,71.99051294698344,4,2,6
2025-06-25 05:00:00,26.8,94,9.9,973.1,60.5,136.4,74.25711300259545,5,2,6
2025-06-25 06:00:00,28.3,89,9.9,972.6,52.2,125.7,71.97586833106148,6,2,6
2025-06-25 07:00:00,28.8,89,8.9,972.6,40.0,88.0,,7,2,6
2025-06-25 08:00:00,29.6,86,14.8,973.8,28.7,62.6,69.54199124538538,8,2,6
2025-06-25 09:00:00,30.4,81,11.7,974.4,22.0,49.5,62.929824956258145,9,2,6
2025-06-25 10:00:00,31.6,78,14.2,974.7,22.1,60.5,62.42465801239014,10,2,6
2025-06-25 11:00:00,31.7,78,14.8,974.9,17.5,42.5,58.87819995880127,11,2,6
2025-06-25 12:00:00,32.9,72,14.7,974.3,20.4,56.3,59.01303323109945,12,2,6
2025-06-25 13:00:00,33.5,70,13.3,974.0,27.3,86.6,59.94631665547689,13,2,6
2025-06-25 14:00:00,34.2,67,12.8,973.4,30.5,93.6,54.060041999816896,14,2,6
2025-06-25 15:00:00,34.2,67,11.7,972.5,31.8,82.7,50.44893309275309,15,2,6
2025-06-25 16:00:00,34.2,67,10.6,972.0,36.0,85.7,60.19279168446858,16,2,6
2025-06-25 17:00:00,33.6,70,10.5,971.9,28.3,66.6,57.82638333638509,17,2,6
2025-06-25 18:00:00,30.6,80,9.8,973.0,29.7,62.4,58.85104993184408,18,2,6
2025-06-25 19:00:00,29.9,84,8.2,972.8,28.8,52.7,50.33122488657633,19,2,6
2025-06-25 20:00:00,29.3,86,6.7,973.5,30.0,42.6,42.32020003000895,20,2,6
2025-06-25 21:00:00,29.1,87,7.7,974.4,30.6,38.0,40.71395829518636,21,2,6
2025-06-25 22:00:00,28.9,87,9.5,975.1,31.5,36.6,49.909438896179196,22,2,6
2025-06-25 23:00:00,28.7,87,9.0,975.7,32.4,37.3,54.41187569083589,23,2,6
2025-06-26 00:00:00,28.4,88,8.6,975.7,31.3,42.8,46.50985015233358,0,3,6
2025-06-26 01:00:00,28.1,88,10.1,975.5,33.4,63.8,28.34639447638483,1,3,6
2025-06-26 02:00:00,27.7,88,10.8,975.0,32.2,69.8,13.485297322273254,2,3,6
2025-06-26 03:00:00,27.4,89,9.8,975.3,28.0,57.7,17.04373343785604,3,3,6
2025-06-26 04:00:00,26.8,90,13.8,976.4,24.8,46.2,31.575166744656034,4,3,6
2025-06-26 05:00:00,26.0,93,10.7,976.6,35.0,55.3,36.26124273406135,5,3,6
2025-06-26 06:00:00,26.6,92,9.5,977.0,36.8,48.8,49.20644913779365,6,3,6
2025-06-26 07:00:00,26.7,93,10.1,977.7,39.3,47.7,69.71991221110027,7,3,6
2025-06-26 08:00:00,26.3,91,9.1,978.0,35.0,40.0,40.27951616711087,8,3,6
2025-06-26 09:00:00,27.1,88,8.6,978.6,32.8,37.5,33.53181947602166,9,3,6
2025-06-26 10:00:00,28.9,79,14.7,978.8,33.9,42.1,47.428629557291664,10,3,6
2025-06-26 11:00:00,29.6,77,14.8,978.4,36.3,49.0,46.048865689171684,11,3,6
2025-06-26 12:00:00,30.5,75,8.5,977.9,39.2,56.0,46.98593277786718,12,3,6
2025-06-26 13:00:00,31.0,74,3.4,977.5,40.6,58.7,45.52412478129069,13,3,6
2025-06-26 14:00:00,31.4,72,3.3,976.7,40.4,61.5,50.91970818837484,14,3,6
2025-06-26 15:00:00,32.1,70,3.6,975.5,42.0,65.2,63.196966552734374,15,3,6
2025-06-26 16:00:00,32.3,69,5.4,974.3,43.5,69.6,76.5886749903361,16,3,6
2025-06-26 17:00:00,32.3,69,5.6,973.6,43.7,51.8,83.28870881398518,17,3,6
2025-06-26 18:00:00,28.4,89,4.7,975.1,40.0,46.7,75.10610815684001,18,3,6
2025-06-26 19:00:00,27.8,92,2.5,975.0,42.0,46.4,88.85812460581462,19,3,6
2025-06-26 20:00:00,27.4,95,2.4,974.8,48.3,51.9,70.05194994608561,20,3,6
2025-06-26 21:00:00,27.3,96,2.8,975.3,55.5,59.0,88.62462698618572,21,3,6
2025-06-26 22:00:00,27.2,96,2.9,976.1,61.7,64.7,94.81772206624348,22,3,6
2025-06-26 23:00:00,27.1,97,3.6,976.5,67.8,70.8,96.94905611673991,23,3,6
2025-06-27 00:00:00,27.1,96,4.6,976.8,69.6,72.2,95.73176456798207,0,4,6
2025-06-27 01:00:00,27.2,94,5.7,976.3,64.3,66.8,82.09949747721353,1,4,6
2025-06-27 02:00:00,26.0,95,10.8,977.2,61.9,64.3,69.19209168752035,2,4,6
2025-06-27 03:00:00,25.6,96,10.3,976.9,57.2,59.8,63.109483337402345,3,4,6
2025-06-27 04:00:00,25.1,96,9.8,976.3,53.3,58.8,56.720119412740075,4,4,6
2025-06-27 05:00:00,25.0,97,9.1,976.7,45.5,52.3,55.92693360646565,5,4,6
2025-06-27 06:00:00,26.3,97,8.6,976.6,43.3,49.6,60.90519457923042,6,4,6
2025-06-27 07:00:00,26.6,95,9.7,976.9,41.1,50.1,64.91308886210125,7,4,6
2025-06-27 08:00:00,27.6,91,10.3,976.9,40.4,51.6,65.63034756978354,8,4,6
2025-06-27 09:00:00,28.4,88,6.7,977.3,34.1,53.1,72.01636651357015,9,4,6
2025-06-27 10:00:00,29.6,84,7.1,977.1,31.5,60.5,82.61729157765706,10,4,6
2025-06-27 11:00:00,31.2,79,5.4,977.1,31.4,63.3,76.86263319651286,11,4,6
2025-06-27 12:00:00,31.6,76,3.3,976.2,31.9,61.7,75.41429983774822,12,4,6
2025-06-27 13:00:00,32.8,70,5.7,975.7,32.6,68.2,75.18771959940594,13,4,6
2025-06-27 14:00:00,32.9,69,8.4,974.7,32.7,75.2,86.0926586151123,14,4,6
2025-06-27 15:00:00,32.0,74,5.4,973.9,32.4,74.7,101.13992500305176,15,4,6
2025-06-27 16:00:00,32.6,72,2.7,973.0,32.9,74.0,98.08372484842936,16,4,6
2025-06-27 17:00:00,32.6,72,3.4,972.6,37.8,77.3,94.260117954678,17,4,6
2025-06-27 18:00:00,32.7,74,3.7,973.1,38.5,74.7,89.39752123090956,18,4,6
2025-06-27 19:00:00,31.7,80,3.2,973.4,47.4,75.2,86.94677045610216,19,4,6
2025-06-27 20:00:00,30.7,83,5.4,973.9,55.9,82.0,92.79947906070286,20,4,6
2025-06-27 21:00:00,30.1,83,5.7,974.8,65.9,90.1,93.41457589467366,21,4,6
2025-06-27 22:00:00,29.7,83,5.7,975.2,74.0,95.5,90.94390953911676,22,4,6
2025-06-27 23:00:00,29.5,84,5.6,975.6,73.6,90.6,76.57421986262004,23,4,6
2025-06-28 00:00:00,29.1,86,5.3,975.5,68.0,81.0,87.24956962797377,0,5,6
2025-06-28 01:00:00,28.8,87,5.5,975.4,63.8,73.8,76.71617375479804,1,5,6
2025-06-28 02:00:00,28.6,87,5.8,974.9,60.1,67.5,64.78910462061565,2,5,6
2025-06-28 03:00:00,28.4,88,5.6,974.2,57.7,63.3,62.96899276309543,3,5,6
2025-06-28 04:00:00,28.0,89,9.4,974.3,57.0,61.5,59.602196148463655,4,5,6
2025-06-28 05:00:00,26.6,94,14.6,975.4,47.1,47.5,55.539561544145855,5,5,6
2025-06-28 06:00:00,29.4,86,8.2,975.0,44.0,48.3,57.17595422835577,6,5,6
2025-06-28 07:00:00,29.9,85,8.7,975.1,41.0,51.7,66.93239316486178,7,5,6
2025-06-28 08:00:00,30.6,81,7.1,975.1,36.7,70.3,65.64290305546352,8,5,6
2025-06-28 09:00:00,32.1,74,5.5,974.9,41.1,114.6,62.16398211887905,9,5,6
2025-06-28 10:00:00,33.5,68,4.8,974.7,49.9,164.8,50.68102959224156,10,5,6
2025-06-28 11:00:00,34.4,63,5.6,974.3,57.7,231.4,55.296579117382755,11,5,6
2025-06-28 12:00:00,34.9,61,5.4,973.6,58.7,248.7,62.20033354986281,12,5,6
2025-06-28 13:00:00,35.2,59,5.4,972.8,59.5,241.2,71.96545260293144,13,5,6
2025-06-28 14:00:00,35.5,59,5.9,971.7,66.1,257.0,80.25285675412132,14,5,6
2025-06-28 15:00:00,35.6,57,6.5,970.9,66.6,252.4,97.60640316917782,15,5,6
2025-06-28 16:00:00,35.5,57,5.2,970.1,70.1,263.6,98.65804735819499,16,5,6
2025-06-28 17:00:00,35.5,57,3.1,970.0,68.0,236.6,101.45353144691104,17,5,6
2025-06-28 18:00:00,33.7,70,6.1,970.3,68.2,229.6,96.08084209656818,18,5,6
2025-06-28 19:00:00,32.2,77,4.5,970.5,71.7,212.8,99.50485459860269,19,5,6
2025-06-28 20:00:00,31.4,80,4.4,970.7,72.2,181.1,101.8617448352632,20,5,6
2025-06-28 21:00:00,30.5,82,9.6,971.6,73.6,157.4,91.72842234656923,21,5,6
2025-06-28 22:00:00,29.2,84,9.5,972.0,75.0,143.4,99.24631364004952,22,5,6
2025-06-28 23:00:00,28.5,85,12.0,972.6,74.3,131.3,110.60538746061778,23,5,6
2025-06-29 00:00:00,27.7,87,10.6,972.4,68.7,114.8,106.7330712817964,0,6,6
2025-06-29 01:00:00,26.9,89,9.1,971.3,59.5,99.0,104.65762465340751,1,6,6
2025-06-29 02:00:00,26.4,91,12.5,970.8,50.6,81.0,91.92720613025483,2,6,6
2025-06-29 03:00:00,25.9,91,8.5,970.9,44.6,78.2,78.21951311284845,3,6,6
2025-06-29 04:00:00,25.9,90,8.8,971.3,41.7,85.2,71.90844644818988,4,6,6
2025-06-29 05:00:00,24.9,94,17.2,972.9,38.9,58.1,66.08813113257999,5,6,6
2025-06-29 06:00:00,26.0,93,9.5,970.9,33.4,51.6,68.41367866879418,6,6,6
2025-06-29 07:00:00,27.4,90,4.4,970.5,30.6,52.0,67.8028573081607,7,6,6
2025-06-29 08:00:00,29.6,84,7.1,971.1,31.0,58.3,60.11422025589716,8,6,6
2025-06-29 09:00:00,31.4,77,6.6,971.1,33.8,69.6,52.24518640552248,9,6,6
2025-06-29 10:00:00,32.9,72,4.7,971.0,38.6,86.1,6.251940915671488,10,6,6
2025-06-29 11:00:00,34.1,67,3.6,970.8,42.1,95.7,11.745774462198217,11,6,6
2025-06-29 12:00:00,35.0,64,3.2,970.2,53.6,121.1,24.50686787565549,12,6,6
2025-06-29 13:00:00,35.6,60,3.2,969.6,53.1,113.4,51.82032748631069,13,6,6
2025-06-29 14:00:00,36.0,57,4.1,968.8,68.7,140.6,42.09741655985515,14,6,6
2025-06-29 15:00:00,36.3,56,3.9,968.0,61.0,121.5,45.05904760814849,15,6,6
2025-06-29 16:00:00,36.2,56,6.0,967.3,61.5,117.3,51.06080541156587,16,6,6
2025-06-29 17:00:00,35.1,62,6.6,967.2,52.6,94.3,45.9030278523763,17,6,6
2025-06-29 18:00:00,29.6,78,6.9,968.7,54.7,89.6,45.15270733606248,18,6,6
2025-06-29 19:00:00,29.2,82,5.2,969.0,54.0,78.5,40.256969111306326,19,6,6
2025-06-29 20:00:00,28.7,83,8.1,969.8,51.9,71.9,40.537648700532465,20,6,6
2025-06-29 21:00:00,28.6,85,9.5,970.4,50.1,68.9,43.76062721070789,21,6,6
2025-06-29 22:00:00,28.3,89,10.4,970.6,49.6,66.6,43.78580345426287,22,6,6
2025-06-29 23:00:00,27.8,91,9.4,970.7,47.4,63.1,40.65625613076346,23,6,6
2025-06-30 00:00:00,27.3,92,11.7,970.7,41.8,56.7,41.09818792797271,0,0,6
2025-06-30 01:00:00,26.8,93,11.5,970.2,37.6,57.4,42.16559860982051,1,0,6
2025-06-30 02:00:00,26.5,93,10.1,970.2,35.3,63.1,37.959855527293925,2,0,6
2025-06-30 03:00:00,25.9,94,16.1,971.0,31.9,56.0,33.90508349736531,3,0,6
2025-06-30 04:00:00,25.4,94,11.9,970.8,27.5,48.2,32.84923637480963,4,0,6
2025-06-30 05:00:00,25.3,94,12.7,971.0,35.2,52.7,37.05951708082169,5,0,6
2025-06-30 06:00:00,26.7,94,8.0,970.7,31.5,54.1,38.37812487284342,6,0,6
2025-06-30 07:00:00,27.7,91,6.8,971.4,27.7,45.9,40.92251396179199,7,0,6
2025-06-30 08:00:00,29.0,87,6.8,971.7,32.7,74.0,41.290486070844864,8,0,6
2025-06-30 09:00:00,30.5,81,7.2,972.1,32.9,82.0,39.64622419117849,9,0,6
2025-06-30 10:00:00,31.7,76,7.3,972.2,39.2,108.7,39.468266620883696,10,0,6
2025-06-30 11:00:00,33.4,68,4.5,972.0,42.3,114.8,38.50207144116598,11,0,6
2025-06-30 12:00:00,34.2,65,3.1,971.4,44.6,113.2,36.93955095252212,12,0,6
2025-06-30 13:00:00,32.2,74,11.1,971.3,46.6,111.1,38.89612578520011,13,0,6
2025-06-30 14:00:00,30.6,79,14.2,971.2,46.4,104.1,46.255470275878906,14,0,6
2025-06-30 15:00:00,28.5,85,5.5,970.7,45.9,96.9,52.34694630759103,15,0,6
2025-06-30 16:00:00,29.0,84,7.4,970.0,45.6,93.6,73.85535099392845,16,0,6
2025-06-30 17:00:00,29.4,83,4.0,969.6,45.8,95.5,88.4348251706078,17,0,6
2025-06-30 18:00:00,31.6,77,6.3,970.2,46.1,91.0,89.33293469746908,18,0,6
2025-06-30 19:00:00,30.3,82,9.0,970.4,55.6,89.9,88.03935030982608,19,0,6
2025-06-30 20:00:00,29.8,84,8.9,971.0,56.9,88.0,81.40251432146344,20,0,6
2025-06-30 21:00:00,29.5,84,8.9,971.9,55.4,86.4,81.79952376229423,21,0,6
2025-06-30 22:00:00,29.1,86,9.4,972.2,55.5,87.3,83.11450322469076,22,0,6
2025-06-30 23:00:00,28.7,87,10.3,973.1,55.2,87.1,80.88658968607584,23,0,6
2025-07-01 00:00:00,28.4,89,12.2,973.0,53.7,83.8,67.43531581333706,0,1,7
2025-07-01 01:00:00,27.7,89,13.5,972.6,50.3,74.3,45.71730568295434,1,1,7
2025-07-01 02:00:00,26.8,89,12.1,972.5,46.3,64.7,49.963595390319824,2,1,7
2025-07-01 03:00:00,26.3,91,11.7,972.9,40.0,56.5,51.17688941160838,3,1,7
2025-07-01 04:00:00,25.9,91,12.8,973.4,34.8,49.6,55.99565621217092,4,1,7
2025-07-01 05:00:00,25.7,92,13.9,974.0,51.2,92.4,52.29737466573715,5,1,7
2025-07-01 06:00:00,26.2,94,10.7,972.5,43.8,76.6,43.48854664961497,6,1,7
2025-07-01 07:00:00,26.6,93,13.7,973.8,33.3,53.6,43.23367180426916,7,1,7
2025-07-01 08:00:00,27.1,91,15.2,974.4,28.1,46.4,39.274501740932465,8,1,7
2025-07-01 09:00:00,28.3,86,16.3,974.8,27.5,52.2,40.16681241989136,9,1,7
2025-07-01 10:00:00,29.3,82,17.5,975.1,27.3,58.9,42.11015564745123,10,1,7
2025-07-01 11:00:00,30.0,79,13.9,975.0,25.7,54.5,38.136238149750284,11,1,7
2025-07-01 12:00:00,31.8,70,12.1,974.4,23.9,60.3,34.60539288747878,12,1,7
2025-07-01 13:00:00,32.9,67,6.9,973.9,25.3,69.8,37.31497035707746,13,1,7
2025-07-01 14:00:00,33.0,68,6.9,972.7,26.3,72.4,40.32668442953201,14,1,7
2025-07-01 15:00:00,33.1,69,5.7,972.2,26.3,70.5,47.80822456244266,15,1,7
2025-07-01 16:00:00,32.9,70,4.0,971.4,26.0,68.7,50.285345259166895,16,1,7
2025-07-01 17:00:00,32.8,71,4.5,971.0,41.3,136.4,41.24692871457055,17,1,7
2025-07-01 18:00:00,31.0,75,8.4,972.4,42.6,139.7,43.085059665498285,18,1,7
2025-07-01 19:00:00,29.8,80,7.6,972.7,43.2,121.5,45.135833331516814,19,1,7
2025-07-01 20:00:00,29.0,83,8.3,972.9,43.4,108.0,48.56648227146694,20,1,7
2025-07-01 21:00:00,28.5,84,8.1,973.6,43.0,96.9,51.5505694888887,21,1,7
2025-07-01 22:00:00,28.1,85,7.6,974.1,42.8,86.4,51.25709147680374,22,1,7
2025-07-01 23:00:00,27.9,87,5.5,974.5,42.0,76.1,53.09928153810047,23,1,7
2025-07-02 00:00:00,27.6,87,8.8,974.5,40.3,66.4,52.75120444524856,0,2,7
2025-07-02 01:00:00,26.8,93,1.8,974.6,38.9,58.1,55.047499611264186,1,2,7
2025-07-02 02:00:00,26.9,90,4.2,974.1,39.1,52.6,64.32564299447196,2,2,7
2025-07-02 03:00:00,26.6,93,7.0,973.8,40.2,49.2,53.63824302620358,3,2,7
2025-07-02 04:00:00,26.3,93,2.3,974.1,42.0,48.1,50.71874483426412,4,2,7
2025-07-02 05:00:00,26.3,92,6.6,974.4,34.5,39.5,49.239678746178036,5,2,7
2025-07-02 06:00:00,27.3,89,9.9,974.6,36.1,43.8,51.05289881569998,6,2,7
2025-07-02 07:00:00,28.1,88,6.7,975.0,36.7,46.0,51.17637664827949,7,2,7
2025-07-02 08:00:00,29.3,83,7.3,975.4,34.5,60.3,49.43677375430152,8,2,7
2025-07-02 09:00:00,30.7,77,7.0,975.2,38.2,110.4,49.52195449102493,9,2,7
2025-07-02 10:00:00,32.1,70,4.8,975.0,41.3,147.6,47.79464878354754,10,2,7
2025-07-02 11:00:00,33.1,66,4.9,975.2,42.0,147.1,47.23795444246322,11,2,7
2025-07-02 12:00:00,33.6,64,5.0,974.8,40.4,132.2,47.64559843633082,12,2,7
2025-07-02 13:00:00,33.9,63,5.5,973.9,36.3,112.2,49.39704772404262,13,2,7
2025-07-02 14:00:00,34.1,61,4.7,973.0,32.9,96.6,53.63978788450167,14,2,7
2025-07-02 15:00:00,34.2,60,3.5,972.3,30.7,85.4,57.48861916859944,15,2,7
2025-07-02 16:00:00,34.2,60,5.4,971.3,30.4,77.8,60.39783355167934,16,2,7
2025-07-02 17:00:00,33.7,62,5.8,970.9,34.1,90.1,60.09734535217285,17,2,7
2025-07-02 18:00:00,33.0,70,4.8,971.4,35.7,88.2,69.67217002920553,18,2,7
2025-07-02 19:00:00,31.7,77,3.8,971.7,46.1,90.8,83.27664418654008,19,2,7
2025-07-02 20:00:00,30.9,81,3.8,972.3,54.7,96.4,128.0817911511376,20,2,7
2025-07-02 21:00:00,30.4,83,4.0,973.4,52.7,90.6,103.42237075737545,21,2,7
2025-07-02 22:00:00,30.0,82,5.8,973.9,49.5,85.9,93.01057477792105,22,2,7
2025-07-02 23:00:00,29.6,82,5.8,974.2,48.1,82.7,95.128000497818,23,2,7
2025-07-03 00:00:00,29.2,83,5.5,974.0,47.1,78.5,81.15678644180298,0,3,7
2025-07-03 01:00:00,28.8,83,6.5,973.8,46.6,75.2,68.32976539929709,1,3,7
2025-07-03 02:00:00,28.6,82,6.5,973.8,46.1,76.1,55.853427012761436,2,3,7
2025-07-03 03:00:00,28.4,82,6.6,973.7,45.4,79.9,47.90749471386274,3,3,7
2025-07-03 04:00:00,28.2,83,8.1,974.1,49.1,97.8,32.77874839600797,4,3,7
2025-07-03 05:00:00,27.9,84,10.9,974.6,46.8,141.1,17.081020828336477,5,3,7
2025-07-03 06:00:00,27.2,84,12.8,975.1,53.7,181.1,15.00868054976066,6,3,7
2025-07-03 07:00:00,25.9,91,17.4,975.7,62.4,217.5,16.753078172604244,7,3,7
2025-07-03 08:00:00,26.2,91,10.1,976.0,76.8,297.1,22.715210941704836,8,3,7
2025-07-03 09:00:00,28.0,89,3.9,975.9,77.8,278.5,31.08659199873606,9,3,7
2025-07-03 10:00:00,30.0,82,5.9,976.0,69.4,206.3,36.77725142963005,10,3,7
2025-07-03 11:00:00,31.7,76,6.6,976.0,56.9,151.3,42.52873430649439,11,3,7
2025-07-03 12:00:00,33.0,71,6.5,975.4,48.5,126.7,46.03394617353167,12,3,7
2025-07-03 13:00:00,33.4,68,6.1,974.5,46.3,118.7,44.388570942403945,13,3,7
2025-07-03 14:00:00,33.5,69,5.0,973.7,44.2,110.8,42.98847411927723,14,3,7
2025-07-03 15:00:00,33.7,69,3.5,973.0,42.7,106.2,42.92326790945871,15,3,7
2025-07-03 16:00:00,33.8,67,4.0,972.1,41.1,97.8,44.818835378209236,16,3,7
2025-07-03 17:00:00,33.7,67,4.2,971.8,44.0,104.3,48.87672015598842,17,3,7
2025-07-03 18:00:00,32.3,68,3.2,972.5,43.2,95.5,52.945482026963006,18,3,7
2025-07-03 19:00:00,31.0,77,5.4,973.0,48.7,83.4,68.28477936699277,19,3,7
2025-07-03 20:00:00,30.2,82,5.8,973.4,50.4,76.1,85.34745870317731,20,3,7
2025-07-03 21:00:00,30.0,81,6.7,974.1,47.6,65.9,91.939498038519,21,3,7
2025-07-03 22:00:00,29.8,81,5.9,974.7,44.6,57.2,89.92566853477842,22,3,7
2025-07-03 23:00:00,29.4,82,5.2,974.9,42.6,50.8,78.41805321829659,23,3,7
2025-07-04 00:00:00,29.0,83,5.7,974.9,41.3,46.7,76.39406531197685,0,4,7
2025-07-04 01:00:00,28.7,84,5.6,974.8,41.3,45.4,71.31441111791702,1,4,7
2025-07-04 02:00:00,28.4,86,5.0,974.7,42.3,46.0,65.47102378663563,2,4,7
2025-07-04 03:00:00,28.2,87,5.6,974.5,43.4,47.5,62.3070476168678,3,4,7
2025-07-04 04:00:00,28.0,88,6.0,974.8,45.6,49.9,59.318351427714035,4,4,7
2025-07-04 05:00:00,27.9,89,5.8,975.3,44.7,45.5,51.98887488955544,5,4,7
2025-07-04 06:00:00,27.1,92,12.6,975.7,46.1,48.0,56.884363265264604,6,4,7
2025-07-04 07:00:00,27.6,92,7.7,975.8,47.1,49.5,56.268160865420384,7,4,7
2025-07-04 08:00:00,28.9,87,5.3,976.0,42.8,46.3,52.772072601318364,8,4,7
2025-07-04 09:00:00,30.4,81,8.0,976.0,39.3,58.4,48.70892171323042,9,4,7
2025-07-04 10:00:00,31.7,76,6.8,975.9,39.6,92.0,51.90162444424319,10,4,7
2025-07-04 11:00:00,32.9,70,5.6,975.4,41.7,120.6,58.9573510942005,11,4,7
2025-07-04 12:00:00,33.6,67,3.8,974.8,39.6,112.9,68.6025177637736,12,4,7
2025-07-04 13:00:00,34.3,64,3.0,973.9,40.6,114.8,67.45851162501744,13,4,7
2025-07-04 14:00:00,34.8,61,3.0,973.4,41.2,111.5,72.6236069543021,14,4,7
2025-07-04 15:00:00,34.9,60,2.4,972.7,43.9,114.6,79.68354197910854,15,4,7
2025-07-04 16:00:00,34.9,60,0.9,971.8,44.6,115.0,77.62484523228237,16,4,7
2025-07-04 17:00:00,34.7,61,1.7,971.4,60.5,173.7,77.26315480186825,17,4,7
2025-07-04 18:00:00,34.4,68,4.5,970.9,61.0,167.2,89.90661321367536,18,4,7
2025-07-04 19:00:00,32.6,76,6.9,971.0,73.8,163.9,91.32479758489701,19,4,7
2025-07-04 20:00:00,31.7,79,8.1,971.6,77.3,149.5,89.07862508864629,20,4,7
2025-07-04 21:00:00,30.8,83,10.4,972.7,75.7,136.0,79.52224377223423,21,4,7
2025-07-04 22:00:00,30.5,83,7.4,973.2,72.4,125.3,78.36324401128859,22,4,7
2025-07-04 23:00:00,30.5,82,7.9,973.8,67.3,116.9,79.64056505475726,23,4,7
2025-07-05 00:00:00,30.3,82,6.4,973.5,61.7,110.1,87.54770266820515,0,5,7
2025-07-05 01:00:00,28.6,86,16.2,974.0,57.9,107.1,85.66426013764881,1,5,7
2025-07-05 02:00:00,27.2,90,13.7,974.3,55.6,102.7,72.5944047655378,2,5,7
2025-07-05 03:00:00,25.9,96,14.1,974.4,55.1,96.9,68.40304724375407,3,5,7
2025-07-05 04:00:00,26.3,95,9.7,974.1,54.0,91.7,71.63925588698615,4,5,7
2025-07-05 05:00:00,26.4,94,10.6,974.2,45.8,105.2,68.30631928973727,5,5,7
2025-07-05 06:00:00,28.8,87,8.7,973.7,42.7,89.9,63.14096318350897,6,5,7
2025-07-05 07:00:00,28.8,87,9.2,973.8,42.5,97.1,58.77770143085056,7,5,7
2025-07-05 08:00:00,29.7,84,6.8,974.4,42.0,97.3,52.22965256373087,8,5,7
2025-07-05 09:00:00,30.8,81,4.7,974.1,40.4,95.5,53.920583354102234,9,5,7
2025-07-05 10:00:00,32.3,75,3.7,973.6,39.2,93.6,53.14436838361953,10,5,7
2025-07-05 11:00:00,33.6,71,3.4,973.3,40.4,95.2,51.57844458685981,11,5,7
2025-07-05 12:00:00,34.9,67,2.4,972.2,42.7,98.7,49.90449306699964,12,5,7
2025-07-05 13:00:00,35.8,63,1.1,971.2,44.9,102.9,50.93697224722968,13,5,7
2025-07-05 14:00:00,36.4,60,2.6,970.5,46.6,106.9,60.605756275237546,14,5,7
2025-07-05 15:00:00,36.3,59,2.2,969.9,47.4,109.4,71.01941049666632,15,5,7
2025-07-05 16:00:00,36.2,59,3.1,969.4,48.1,110.4,94.34488101232621,16,5,7
2025-07-05 17:00:00,35.8,61,3.8,969.0,63.3,143.9,108.99353009178525,17,5,7
2025-07-05 18:00:00,34.3,71,6.7,969.7,66.4,129.9,98.93252377283007,18,5,7
2025-07-05 19:00:00,32.8,76,7.9,970.0,77.1,133.2,48.21107151394799,19,5,7
2025-07-05 20:00:00,32.2,76,9.6,970.8,78.5,125.7,38.58149010794504,20,5,7
2025-07-05 21:00:00,31.5,80,12.7,971.8,78.9,123.4,36.81727977026077,21,5,7
2025-07-05 22:00:00,30.7,82,11.9,972.4,79.9,127.1,33.74256953738985,22,5,7
2025-07-05 23:00:00,30.3,83,10.0,972.6,80.8,139.7,26.839815605254405,23,5,7
2025-07-06 00:00:00,30.0,83,10.0,972.4,80.1,154.6,22.11144443353017,0,6,7
2025-07-06 01:00:00,29.7,83,10.9,971.7,79.4,174.2,25.36031250158946,1,6,7
2025-07-06 02:00:00,28.9,86,14.1,971.4,78.2,185.8,17.573902702993816,2,6,7
2025-07-06 03:00:00,28.6,85,12.6,971.4,68.9,167.2,19.13983321852154,3,6,7
2025-07-06 04:00:00,28.3,86,10.4,971.4,55.5,126.7,21.95603696670797,4,6,7
2025-07-06 05:00:00,26.1,93,15.3,975.0,76.4,190.5,14.91353466278977,5,6,7
2025-07-06 06:00:00,26.7,95,12.4,972.3,64.0,149.5,12.214529115443279,6,6,7
2025-07-06 07:00:00,27.1,93,10.5,973.3,55.5,122.0,21.857708500491245,7,6,7
2025-07-06 08:00:00,27.2,92,15.9,974.2,49.8,104.8,28.233384351537683,8,6,7
2025-07-06 09:00:00,27.4,92,10.8,974.3,44.0,84.8,30.24055000940959,9,6,7
2025-07-06 10:00:00,28.0,88,12.2,974.1,39.8,72.4,32.70062680316694,10,6,7
2025-07-06 11:00:00,29.2,83,9.1,973.2,39.0,70.8,34.59290002187093,11,6,7
2025-07-06 12:00:00,30.7,77,6.3,972.7,39.0,74.7,37.36746145884196,12,6,7
2025-07-06 13:00:00,31.8,74,3.3,972.4,39.1,72.2,37.21549994150798,13,6,7
2025-07-06 14:00:00,32.4,73,2.8,971.7,38.6,72.4,36.516758346557616,14,6,7
2025-07-06 15:00:00,32.9,72,0.8,971.3,40.2,79.6,32.690706094106034,15,6,7
2025-07-06 16:00:00,33.3,69,2.7,970.8,41.4,85.2,34.424183400472,16,6,7
2025-07-06 17:00:00,33.2,69,2.4,970.4,49.1,117.8,34.323616695404056,17,6,7
2025-07-06 18:00:00,31.9,74,3.5,971.1,49.4,116.4,35.648700046539304,18,6,7
2025-07-06 19:00:00,30.9,84,2.6,970.8,63.3,114.3,38.442825126647946,19,6,7
2025-07-06 20:00:00,30.1,84,7.2,971.2,83.1,136.9,41.192216618855795,20,6,7
2025-07-06 21:00:00,29.6,84,8.6,972.0,90.3,137.4,47.97958600785997,21,6,7
2025-07-06 22:00:00,29.2,85,9.6,972.4,76.8,116.6,56.25557825724284,22,6,7
2025-07-06 23:00:00,28.8,86,5.7,972.5,67.8,104.5,56.97107467651367,23,6,7
2025-07-07 00:00:00,27.6,90,11.6,973.1,63.1,97.3,54.06553325653076,0,0,7
2025-07-07 01:00:00,27.1,94,7.9,973.0,61.2,92.9,74.411604669359,1,0,7
2025-07-07 02:00:00,25.9,93,7.4,973.3,58.7,88.5,65.03474526935153,2,0,7
2025-07-07 03:00:00,26.0,94,6.1,972.7,56.3,85.9,64.62984948688083,3,0,7
2025-07-07 04:00:00,25.6,95,6.5,973.8,54.1,84.3,61.03547943962945,4,0,7
2025-07-07 05:00:00,25.7,95,5.4,973.8,45.9,87.1,48.416881269878814,5,0,7
2025-07-07 06:00:00,26.7,91,7.0,973.2,44.9,85.0,46.19424970944723,6,0,7
2025-07-07 07:00:00,26.5,93,8.4,974.8,45.3,89.4,37.1791041162279,7,0,7
2025-07-07 08:00:00,26.8,93,8.2,974.4,43.9,101.3,26.376333263185288,8,0,7
2025-07-07 09:00:00,28.2,89,6.5,975.0,42.3,108.7,29.206701464123196,9,0,7
2025-07-07 10:00:00,29.7,84,3.4,975.2,42.1,112.2,26.186803367402817,10,0,7
2025-07-07 11:00:00,31.4,78,3.0,975.1,43.3,118.3,22.904550926552876,11,0,7
2025-07-07 12:00:00,32.5,73,1.1,974.2,45.2,124.3,31.45682881938087,12,0,7
2025-07-07 13:00:00,33.0,69,2.6,973.4,45.6,127.6,41.944729010264076,13,0,7
2025-07-07 14:00:00,33.0,68,2.3,972.7,49.4,142.0,38.45534157718587,14,0,7
2025-07-07 15:00:00,33.3,67,0.8,972.0,48.0,138.3,40.745530128479004,15,0,7
2025-07-07 16:00:00,33.5,67,3.4,971.5,48.5,137.8,45.21125671598646,16,0,7
2025-07-07 17:00:00,33.1,68,3.7,971.7,46.4,129.9,45.3826782589867,17,0,7
2025-07-07 18:00:00,30.2,79,6.2,972.3,51.9,136.0,51.619728042965846,18,0,7
2025-07-07 19:00:00,29.9,82,4.9,972.3,59.0,133.2,53.22996146338327,19,0,7
2025-07-07 20:00:00,29.5,84,5.2,972.6,66.1,128.5,60.3739597593035,20,0,7
2025-07-07 21:00:00,29.1,86,6.8,973.2,68.9,129.0,68.5142081124442,21,0,7
2025-07-07 22:00:00,28.9,87,10.2,973.1,65.9,118.0,57.239119075593486,22,0,7
2025-07-07 23:00:00,28.5,88,6.0,973.6,61.0,108.5,49.169878982362285,23,0,7
2025-07-08 00:00:00,28.2,90,3.2,973.8,56.9,99.0,5.456724970539411,0,1,7
2025-07-08 01:00:00,28.0,90,4.5,973.3,54.0,90.8,13.478799809018772,1,1,7
2025-07-08 02:00:00,26.4,95,13.1,973.8,49.7,81.5,18.6006112019221,2,1,7
2025-07-08 03:00:00,26.0,96,7.2,973.6,47.6,75.9,33.378483041127524,3,1,7
2025-07-08 04:00:00,25.6,97,4.7,973.6,51.8,82.4,42.314673529730904,4,1,7
2025-07-08 05:00:00,25.8,97,4.2,974.5,40.6,63.1,45.67812644110786,5,1,7
2025-07-08 06:00:00,27.8,85,5.6,973.8,40.4,64.5,46.905374855465354,6,1,7
2025-07-08 07:00:00,28.4,85,7.4,974.6,40.7,64.7,50.846333249409994,7,1,7
2025-07-08 08:00:00,28.9,82,6.6,974.7,38.0,64.0,48.79955629066185,8,1,7
2025-07-08 09:00:00,28.8,81,8.8,974.9,36.6,65.4,46.48281955718994,9,1,7
2025-07-08 10:00:00,29.3,80,5.3,975.0,39.0,66.4,49.68492061120492,10,1,7
2025-07-08 11:00:00,31.0,74,3.7,975.2,41.1,65.4,58.181803332434754,11,1,7
2025-07-08 12:00:00,32.3,71,4.0,974.5,43.2,65.9,58.405534190360946,12,1,7
2025-07-08 13:00:00,32.8,68,4.7,973.5,44.2,65.7,81.51077545532073,13,1,7
2025-07-08 14:00:00,32.8,69,3.9,972.9,43.9,65.2,59.38520784378052,14,1,7
2025-07-08 15:00:00,32.6,71,3.2,972.5,43.5,65.9,29.214533297220868,15,1,7
2025-07-08 16:00:00,28.6,86,6.0,972.9,49.4,75.7,26.86569175720215,16,1,7
2025-07-08 17:00:00,27.9,88,5.0,972.2,49.9,67.3,23.790549977620444,17,1,7
2025-07-08 18:00:00,30.5,78,3.2,972.5,52.0,68.5,25.65312737510318,18,1,7
2025-07-08 19:00:00,30.2,80,1.9,972.2,57.5,72.6,29.289616521199548,19,1,7
2025-07-08 20:00:00,29.5,86,1.8,972.5,78.7,92.4,32.10243326822917,20,1,7
2025-07-08 21:00:00,29.0,89,2.3,973.3,82.7,94.3,32.65081664721171,21,1,7
2025-07-08 22:00:00,28.7,88,5.3,974.0,83.4,93.8,31.28964144388835,22,1,7
2025-07-08 23:00:00,28.5,87,5.1,974.3,85.4,95.2,34.48761501312256,23,1,7
2025-07-09 00:00:00,28.3,88,4.6,974.5,84.8,93.8,38.70726720492045,0,2,7
2025-07-09 01:00:00,28.2,88,3.8,974.3,83.8,92.7,36.31422793070475,1,2,7
2025-07-09 02:00:00,28.1,88,3.5,973.9,79.6,88.9,37.47442495028178,2,2,7
2025-07-09 03:00:00,27.5,88,3.8,973.0,73.3,83.6,43.691500059763584,3,2,7
2025-07-09 04:00:00,26.2,97,1.9,974.1,64.3,76.8,35.86257238388062,4,2,7
2025-07-09 05:00:00,25.7,98,5.3,974.8,41.2,62.2,41.0987181446769,5,2,7
2025-07-09 06:00:00,27.4,92,5.6,974.3,43.8,58.6,31.051711906989414,6,2,7
2025-07-09 07:00:00,27.4,93,3.1,975.4,47.4,62.2,26.786498123949222,7,2,7
2025-07-09 08:00:00,27.1,88,10.3,975.0,45.2,63.6,24.444145940740903,8,2,7
2025-07-09 09:00:00,27.5,87,5.5,975.4,39.2,60.3,28.0726872553428,9,2,7
2025-07-09 10:00:00,28.1,86,1.9,975.4,35.4,61.2,29.02793762087822,10,2,7
2025-07-09 11:00:00,29.9,78,3.4,975.3,35.6,66.4,45.921374917030334,11,2,7
2025-07-09 12:00:00,31.1,73,7.0,975.0,35.6,67.1,54.84409352143606,12,2,7
2025-07-09 13:00:00,31.7,73,5.0,974.3,36.1,68.5,44.73284383614858,13,2,7
2025-07-09 14:00:00,32.1,72,6.0,973.3,35.2,69.4,38.68430004119873,14,2,7
2025-07-09 15:00:00,30.7,77,7.9,972.9,33.6,71.5,38.655988947550455,15,2,7
2025-07-09 16:00:00,30.4,79,3.4,972.3,32.7,75.2,42.263433392842614,16,2,7
2025-07-09 17:00:00,30.8,77,2.9,972.6,37.5,77.8,39.7981582959493,17,2,7
2025-07-09 18:00:00,30.6,75,3.2,974.0,39.6,78.2,37.96730807622274,18,2,7
2025-07-09 19:00:00,29.7,83,2.8,974.1,40.4,68.7,44.00900824864705,19,2,7
2025-07-09 20:00:00,29.0,84,5.3,974.5,42.3,65.7,45.61114605267842,20,2,7
2025-07-09 21:00:00,28.6,85,7.0,975.3,41.8,65.0,43.4497225019667,21,2,7
2025-07-09 22:00:00,28.3,86,8.5,975.8,41.2,65.2,51.42158328162299,22,2,7
2025-07-09 23:00:00,27.9,87,7.3,976.1,38.2,65.9,51.36775006188287,23,2,7
2025-07-10 00:00:00,27.5,88,8.9,975.7,41.2,61.2,33.478638887405396,0,3,7
2025-07-10 01:00:00,27.3,89,7.7,975.6,39.3,57.0,18.57517784966363,1,3,7
2025-07-10 02:00:00,26.9,92,3.1,975.6,33.1,49.8,17.287526579130265,2,3,7
2025-07-10 03:00:00,26.2,91,12.5,976.4,28.5,41.2,30.079624891281128,3,3,7
2025-07-10 04:00:00,25.4,93,5.8,976.4,30.5,41.6,27.351013626715147,4,3,7
2025-07-10 05:00:00,24.8,96,9.8,977.0,14.7,14.7,28.35278156309417,5,3,7
2025-07-10 06:00:00,25.3,95,9.9,975.8,12.5,14.2,29.710325140423247,6,3,7
2025-07-10 07:00:00,25.3,96,9.7,976.6,14.3,16.3,52.027646223704025,7,3,7
2025-07-10 08:00:00,26.2,92,9.5,976.9,17.2,18.5,58.940812746683754,8,3,7
2025-07-10 09:00:00,26.6,90,12.3,976.9,17.9,20.7,71.29883400599162,9,3,7
2025-07-10 10:00:00,27.4,84,12.6,977.0,18.9,23.1,48.04656267166138,10,3,7
2025-07-10 11:00:00,28.7,79,8.2,977.2,20.7,27.6,39.40647927920024,11,3,7
2025-07-10 12:00:00,28.9,78,4.1,977.2,21.4,31.8,33.958770513534546,12,3,7
2025-07-10 13:00:00,29.6,77,2.6,976.3,25.1,42.6,38.41720795631409,13,3,7
2025-07-10 14:00:00,29.6,76,7.3,975.7,26.8,49.1,49.13447880744934,14,3,7
2025-07-10 15:00:00,30.1,75,6.9,974.6,26.0,50.4,61.895062128702804,15,3,7
2025-07-10 16:00:00,30.1,75,8.9,974.0,27.2,51.8,62.47214698791504,16,3,7
2025-07-10 17:00:00,29.7,78,8.4,973.6,37.8,58.9,61.64850091934204,17,3,7
2025-07-10 18:00:00,28.0,83,5.0,975.6,41.8,61.7,84.58654181162517,18,3,7
2025-07-10 19:00:00,27.3,88,4.8,975.8,48.0,63.3,95.12520821889241,19,3,7
2025-07-10 20:00:00,26.6,91,6.9,976.5,48.4,59.1,127.42618751525879,20,3,7
2025-07-10 21:00:00,26.3,93,9.8,976.9,47.5,56.1,169.25845845540366,21,3,7
2025-07-10 22:00:00,26.1,93,9.1,977.5,45.5,52.4,119.65375073750815,22,3,7
2025-07-10 23:00:00,25.9,94,8.8,977.6,44.5,49.9,92.25356324513753,23,3,7
2025-07-11 00:00:00,25.7,94,7.5,977.2,44.5,49.1,88.43470827738443,0,4,7
2025-07-11 01:00:00,25.5,94,6.6,976.8,45.9,49.8,85.74108346303304,1,4,7
2025-07-11 02:00:00,25.3,94,6.7,976.4,47.6,51.1,88.26977062225342,2,4,7
2025-07-11 03:00:00,25.2,95,6.1,976.2,49.8,53.3,75.22272952397665,3,4,7
2025-07-11 04:00:00,25.1,96,5.5,976.9,52.5,56.0,64.54381211598714,4,4,7
2025-07-11 05:00:00,25.0,96,5.5,977.1,54.6,57.5,62.05481259028117,5,4,7
2025-07-11 06:00:00,26.2,92,6.4,977.1,56.1,59.0,56.816289670539625,6,4,7
2025-07-11 07:00:00,26.9,90,5.4,977.4,57.9,61.9,50.1678161910086,7,4,7
2025-07-11 08:00:00,28.2,84,5.7,977.9,55.3,60.1,54.05217955907186,8,4,7
2025-07-11 09:00:00,29.4,76,6.7,977.8,42.7,46.4,47.72281265258789,9,4,7
2025-07-11 10:00:00,30.5,70,6.3,977.9,33.6,37.5,42.99383322397868,10,4,7
2025-07-11 11:00:00,31.5,64,7.0,977.6,30.5,35.2,43.5336872736613,11,4,7
2025-07-11 12:00:00,32.2,61,5.8,977.1,28.1,32.8,42.42654196421306,12,4,7
2025-07-11 13:00:00,32.5,60,4.6,976.4,27.1,31.4,43.79875024159749,13,4,7
2025-07-11 14:00:00,32.9,58,3.1,975.4,26.8,31.0,51.90059441460503,14,4,7
2025-07-11 15:00:00,33.0,58,1.7,974.6,27.1,31.0,62.61962498558892,15,4,7
2025-07-11 16:00:00,33.1,58,0.4,973.7,27.3,31.1,80.71569527520074,16,4,7
2025-07-11 17:00:00,33.1,58,1.8,973.6,51.9,69.6,91.50252829657661,17,4,7
2025-07-11 18:00:00,32.0,69,3.4,973.9,54.4,69.4,77.38958422342937,18,4,7
2025-07-11 19:00:00,30.9,75,2.8,974.8,69.4,83.1,65.84116617838542,19,4,7
2025-07-11 20:00:00,29.8,76,4.2,975.4,91.3,105.5,56.505124727884926,20,4,7
2025-07-11 21:00:00,29.2,74,6.0,976.0,108.7,122.9,57.8535410563151,21,4,7
2025-07-11 22:00:00,28.5,77,5.5,976.6,113.6,126.7,67.53912512461345,22,4,7
2025-07-11 23:00:00,28.0,80,4.5,977.1,116.2,128.5,79.72020774417453,23,4,7
2025-07-12 00:00:00,27.7,82,4.4,976.9,123.4,136.0,76.754638671875,0,5,7
2025-07-12 01:00:00,27.5,82,5.2,976.5,123.4,135.5,45.83098623487684,1,5,7
2025-07-12 02:00:00,27.2,84,5.1,976.2,118.7,133.6,42.58990014394124,2,5,7
2025-07-12 03:00:00,26.9,87,4.8,975.9,120.6,139.2,45.52145841386584,3,5,7
2025-07-12 04:00:00,26.6,89,4.1,976.1,122.5,142.5,52.190333260430236,4,5,7
2025-07-12 05:00:00,26.3,92,2.7,976.6,76.8,197.4,74.61283334096272,5,5,7
2025-07-12 06:00:00,26.6,85,6.6,976.8,79.9,185.3,79.29973687065971,6,5,7
2025-07-12 07:00:00,27.5,86,3.8,976.9,79.6,210.0,90.69273630777995,7,5,7
2025-07-12 08:00:00,29.2,80,2.7,977.4,81.3,252.4,96.47966681586371,8,5,7
2025-07-12 09:00:00,30.7,73,1.9,977.3,83.4,268.2,86.27066220177545,9,5,7
2025-07-12 10:00:00,32.1,66,2.8,977.4,77.5,262.6,66.40534708234999,10,5,7
2025-07-12 11:00:00,33.2,61,2.4,977.4,68.7,227.2,69.34479173024495,11,5,7
2025-07-12 12:00:00,33.9,57,1.1,977.1,61.7,191.4,63.13597909609477,12,5,7
2025-07-12 13:00:00,34.0,56,2.2,976.8,59.8,172.8,58.65171893437704,13,5,7
2025-07-12 14:00:00,34.1,55,2.8,976.3,58.9,161.1,76.67182113185073,14,5,7
2025-07-12 15:00:00,34.2,56,3.7,975.8,57.7,153.2,86.81336169772679,15,5,7
2025-07-12 16:00:00,34.0,58,4.0,975.2,58.0,147.1,83.1639855702718,16,5,7
2025-07-12 17:00:00,32.9,62,5.9,974.8,64.5,156.9,84.24156930711534,17,5,7
2025-07-12 18:00:00,31.0,73,3.8,975.9,64.3,131.3,84.43006875779894,18,5,7
2025-07-12 19:00:00,30.6,75,4.0,975.5,65.2,110.6,88.82122209337024,19,5,7
2025-07-12 20:00:00,30.0,77,4.6,975.6,67.1,102.0,94.38012746175131,20,5,7
2025-07-12 21:00:00,29.0,83,4.4,976.4,70.1,98.0,97.3251804775662,21,5,7
2025-07-12 22:00:00,28.7,85,3.3,976.7,77.1,102.4,118.22911092970106,22,5,7
2025-07-12 23:00:00,28.3,87,3.0,976.8,83.1,107.3,108.15466690063477,23,5,7
2025-07-13 00:00:00,28.2,86,1.3,976.7,83.4,105.2,111.12361017862956,0,6,7
2025-07-13 01:00:00,28.0,87,1.8,976.6,81.3,100.6,114.07869466145833,1,6,7
2025-07-13 02:00:00,27.8,88,3.0,976.6,80.1,97.3,123.20979181925456,2,6,7
2025-07-13 03:00:00,27.4,88,4.0,976.4,78.2,92.7,129.3206115298801,3,6,7
2025-07-13 04:00:00,27.0,90,3.2,976.7,77.1,90.6,133.89066717359756,4,6,7
2025-07-13 05:00:00,26.6,91,2.7,977.1,61.9,67.8,126.19645775689018,5,6,7
2025-07-13 06:00:00,28.5,86,3.5,976.7,62.2,66.1,101.71851433648003,6,6,7
2025-07-13 07:00:00,29.4,83,5.3,977.6,59.3,63.8,77.30766699049208,7,6,7
2025-07-13 08:00:00,30.5,77,4.3,978.1,49.6,55.5,51.04950004153781,8,6,7
2025-07-13 09:00:00,31.6,68,5.8,978.1,41.3,49.7,50.34188895755344,9,6,7
2025-07-13 10:00:00,31.9,63,6.3,978.3,39.8,49.4,55.905916955735954,10,6,7
2025-07-13 11:00:00,31.8,63,7.2,978.0,40.3,49.1,48.546125200059684,11,6,7
2025-07-13 12:00:00,30.7,71,7.4,978.2,43.1,52.6,53.70512464311387,12,6,7
2025-07-13 13:00:00,30.6,73,6.3,977.4,44.9,55.2,53.6189030541314,13,6,7
2025-07-13 14:00:00,32.2,68,4.1,976.5,43.2,55.6,46.028291596306694,14,6,7
2025-07-13 15:00:00,32.6,68,4.9,975.7,40.0,53.0,47.23908307817248,15,6,7
2025-07-13 16:00:00,31.9,71,7.6,975.0,36.7,48.8,48.860625161064995,16,6,7
2025-07-13 17:00:00,31.2,75,5.9,974.7,35.0,39.1,57.739083184136284,17,6,7
2025-07-13 18:00:00,30.8,76,2.8,974.8,35.6,39.0,82.06705538431804,18,6,7
2025-07-13 19:00:00,29.8,84,2.7,975.2,40.0,42.1,75.0817362467448,19,6,7
2025-07-13 20:00:00,29.1,86,3.9,975.3,45.8,47.3,52.81183316972521,20,6,7
2025-07-13 21:00:00,28.5,88,4.0,976.3,48.0,49.0,65.679153336419,21,6,7
2025-07-13 22:00:00,28.2,87,5.7,976.7,53.9,54.8,56.0644997490777,22,6,7
2025-07-13 23:00:00,28.2,87,6.0,976.6,59.3,60.1,61.303541819254555,23,6,7
2025-07-14 00:00:00,28.1,86,5.4,976.5,59.6,60.5,67.42719470130072,0,0,7
2025-07-14 01:00:00,28.0,87,5.1,976.3,61.9,62.6,70.94712501102023,1,0,7
2025-07-14 02:00:00,27.8,87,5.8,976.1,60.3,61.2,80.03826353285048,2,0,7
2025-07-14 03:00:00,27.4,89,3.6,976.1,57.4,58.4,68.31397204928929,3,0,7
2025-07-14 04:00:00,27.4,89,3.9,975.8,55.2,56.2,62.246010621388756,4,0,7
2025-07-14 05:00:00,27.2,91,3.6,975.4,65.9,65.9,44.23180202643076,5,0,7
2025-07-14 06:00:00,27.5,90,6.7,976.0,66.4,66.6,48.44727295239767,6,0,7
2025-07-14 07:00:00,28.2,85,6.1,976.1,63.8,64.0,58.826736715104836,7,0,7
2025-07-14 08:00:00,29.8,78,3.6,976.4,50.8,51.5,66.73380083507962,8,0,7
2025-07-14 09:00:00,31.3,68,5.5,976.6,34.5,36.3,63.70911065737406,9,0,7
2025-07-14 10:00:00,32.2,63,6.6,976.9,29.8,32.8,81.73420853084987,10,0,7
2025-07-14 11:00:00,31.0,69,7.7,977.2,29.6,32.8,84.93972463607788,11,0,7
2025-07-14 12:00:00,31.8,68,4.0,976.7,29.4,33.6,70.43008335431416,12,0,7
2025-07-14 13:00:00,31.2,70,7.4,976.1,30.4,34.9,64.7069685459137,13,0,7
2025-07-14 14:00:00,31.0,70,4.6,975.3,25.8,29.5,52.579395929972335,14,0,7
2025-07-14 15:00:00,31.5,70,5.4,974.6,25.3,28.8,45.68159686194525,15,0,7
2025-07-14 16:00:00,31.6,70,7.0,973.5,25.7,28.9,63.019416703118225,16,0,7
2025-07-14 17:00:00,31.0,74,6.7,973.3,45.6,46.8,57.34772205352783,17,0,7
2025-07-14 18:00:00,27.5,84,7.7,974.9,34.9,36.8,52.134360843234596,18,0,7
2025-07-14 19:00:00,27.1,87,8.9,975.3,30.6,32.1,53.56655555301243,19,0,7
2025-07-14 20:00:00,26.9,85,9.2,974.9,29.3,30.7,90.40131971571181,20,0,7
2025-07-14 21:00:00,26.8,86,7.5,975.5,29.2,30.5,81.4880141152276,21,0,7
2025-07-14 22:00:00,26.8,86,5.9,975.8,30.9,32.0,64.22734695010715,22,0,7
2025-07-14 23:00:00,26.7,86,3.9,975.6,33.1,34.2,60.218597200181755,23,0,7
2025-07-15 00:00:00,26.6,87,3.5,975.6,34.0,35.0,65.76891652743022,0,1,7
2025-07-15 01:00:00,26.5,87,6.2,975.3,33.1,34.1,80.41790652275085,1,1,7
2025-07-15 02:00:00,26.4,87,7.2,974.9,32.2,33.4,77.79044763247173,2,1,7
2025-07-15 03:00:00,26.3,87,7.4,974.6,29.9,31.0,68.47684375445048,3,1,7
2025-07-15 04:00:00,24.7,94,5.7,975.6,25.6,26.4,46.65605195363363,4,1,7
2025-07-15 05:00:00,24.9,93,11.8,975.1,26.5,28.2,45.11036835776435,5,1,7
2025-07-15 06:00:00,25.2,96,10.0,975.5,22.9,24.4,54.8487468994025,6,1,7
2025-07-15 07:00:00,25.5,94,8.4,975.3,22.6,23.9,50.44083364804586,7,1,7
2025-07-15 08:00:00,26.2,91,12.6,975.8,21.1,22.3,51.99027077356974,8,1,7
2025-07-15 09:00:00,26.8,86,11.0,975.9,19.8,21.1,59.937062899271645,9,1,7
2025-07-15 10:00:00,28.5,81,8.5,975.6,23.2,24.6,52.07916635937161,10,1,7
2025-07-15 11:00:00,30.4,75,10.4,975.5,29.6,31.2,38.490041732788086,11,1,7
2025-07-15 12:00:00,31.6,72,9.0,974.9,30.3,31.4,48.09864592552185,12,1,7
2025-07-15 13:00:00,32.1,72,8.9,974.1,29.9,31.1,29.59543776512146,13,1,7
2025-07-15 14:00:00,32.6,69,10.1,972.8,29.9,31.1,31.076694329579674,14,1,7
2025-07-15 15:00:00,31.3,74,11.4,972.1,29.6,30.7,53.20183340708415,15,1,7
2025-07-15 16:00:00,27.2,90,13.4,972.5,28.9,30.0,70.13872893651326,16,1,7
2025-07-15 17:00:00,26.8,95,6.9,971.9,37.5,40.4,44.647187868754074,17,1,7
2025-07-15 18:00:00,28.4,88,9.4,973.1,40.6,43.3,23.198639522824024,18,1,7
2025-07-15 19:00:00,28.2,87,9.9,973.3,43.3,45.8,22.70102087656657,19,1,7
2025-07-15 20:00:00,28.2,86,9.6,973.5,44.9,46.7,24.260875304539997,20,1,7
2025-07-15 21:00:00,28.0,88,10.7,974.1,44.1,49.5,22.154125054677326,21,1,7
2025-07-15 22:00:00,27.8,89,8.6,974.7,49.4,56.1,43.83827018737793,22,1,7
2025-07-15 23:00:00,26.6,96,7.1,975.0,51.5,60.5,54.12248244430079,23,1,7
2025-07-16 00:00:00,26.1,93,14.5,974.6,51.3,63.8,47.97581275304158,0,2,7
2025-07-16 01:00:00,25.6,95,7.6,974.4,50.3,67.1,44.949478944142655,1,2,7
2025-07-16 02:00:00,25.4,95,11.5,973.7,48.5,63.1,50.307034227583145,2,2,7
2025-07-16 03:00:00,25.5,94,14.7,973.3,41.8,50.6,51.10150671005249,3,2,7
2025-07-16 04:00:00,25.1,96,14.0,973.2,37.8,41.9,48.72138527828435,4,2,7
2025-07-16 05:00:00,24.9,98,13.7,973.4,33.2,34.1,47.12914560491388,5,2,7
2025-07-16 06:00:00,26.2,92,16.5,973.0,29.8,30.7,46.90866703457302,6,2,7
2025-07-16 07:00:00,26.6,90,17.9,973.0,24.7,26.0,47.31918027665879,7,2,7
2025-07-16 08:00:00,27.1,89,15.7,973.4,23.1,24.9,45.38701354132758,8,2,7
2025-07-16 09:00:00,27.9,86,20.2,973.6,24.9,28.2,45.421097119649254,9,2,7
2025-07-16 10:00:00,29.3,79,20.5,973.9,29.0,34.5,51.04854125446744,10,2,7
2025-07-16 11:00:00,30.3,73,24.6,973.5,29.0,34.6,29.92078737417857,11,2,7
2025-07-16 12:00:00,30.3,74,21.1,973.3,30.0,35.2,42.80255566702949,12,2,7
2025-07-16 13:00:00,31.2,69,19.2,972.4,28.3,32.7,49.116138988071015,13,2,7
2025-07-16 14:00:00,30.2,72,18.7,971.8,28.6,31.7,44.040971967909066,14,2,7
2025-07-16 15:00:00,29.6,79,11.9,971.6,28.2,31.3,38.68219439188639,15,2,7
2025-07-16 16:00:00,29.5,79,10.8,971.8,28.1,31.0,37.58859719170464,16,2,7
2025-07-16 17:00:00,28.1,86,8.9,972.6,32.0,37.1,39.77313878801134,17,2,7
2025-07-16 18:00:00,28.5,87,12.1,973.1,33.4,38.0,46.41865264044868,18,2,7
2025-07-16 19:00:00,28.2,88,10.7,973.9,36.2,41.6,50.35129197438558,19,2,7
2025-07-16 20:00:00,28.0,89,11.8,974.4,39.2,47.4,49.58909670511881,20,2,7
2025-07-16 21:00:00,27.8,88,11.2,975.3,41.9,54.2,53.72971448444184,21,2,7
2025-07-16 22:00:00,27.6,89,10.7,975.7,45.2,60.5,56.13708358340793,22,2,7
2025-07-16 23:00:00,27.6,90,11.2,975.6,47.3,63.8,55.77755578358968,23,2,7
2025-07-17 00:00:00,27.5,90,11.2,975.4,48.8,64.0,54.5161108440823,0,3,7
2025-07-17 01:00:00,27.3,90,11.3,975.3,50.5,65.0,55.91954146491157,1,3,7
2025-07-17 02:00:00,27.3,89,11.3,975.1,53.3,71.7,57.07898563808865,2,3,7
2025-07-17 03:00:00,27.2,89,8.6,975.1,55.2,83.6,60.75767559475369,3,3,7
2025-07-17 04:00:00,26.9,90,9.8,975.4,56.0,96.4,62.455162048339844,4,3,7
2025-07-17 05:00:00,26.6,91,6.6,975.8,57.2,116.4,51.752923568089805,5,3,7
2025-07-17 06:00:00,27.0,93,11.2,976.2,57.9,110.6,48.1813718477885,6,3,7
2025-07-17 07:00:00,27.5,91,8.1,976.9,58.3,105.2,46.04955180486043,7,3,7
2025-07-17 08:00:00,27.9,89,7.7,977.6,54.5,106.9,45.117937326431274,8,3,7
2025-07-17 09:00:00,29.0,85,8.7,978.0,54.6,112.7,43.713645696640015,9,3,7
2025-07-17 10:00:00,28.5,82,15.8,978.4,53.4,113.4,38.41069899664985,10,3,7
2025-07-17 11:00:00,28.3,86,17.2,978.3,43.0,96.6,40.35712485843234,11,3,7
2025-07-17 12:00:00,28.9,83,10.7,978.2,48.2,108.7,42.630597273508705,12,3,7
2025-07-17 13:00:00,30.5,78,10.5,977.5,68.7,150.4,49.90527778201633,13,3,7
2025-07-17 14:00:00,32.0,74,10.9,976.6,53.1,111.3,47.92637496524387,14,3,7
2025-07-17 15:00:00,32.2,75,9.9,975.6,54.5,103.1,53.754110972086586,15,3,7
2025-07-17 16:00:00,31.0,78,13.0,975.5,53.3,87.1,77.23116662767198,16,3,7
2025-07-17 17:00:00,29.5,85,3.3,975.5,55.4,93.6,101.59015327029759,17,3,7
2025-07-17 18:00:00,29.5,87,3.6,976.6,54.0,83.6,114.24320824940999,18,3,7
2025-07-17 19:00:00,29.0,91,2.8,976.6,57.7,77.3,89.84598626030817,19,3,7
2025-07-17 20:00:00,28.7,90,4.5,977.0,60.1,74.3,97.80886099073622,20,3,7
2025-07-17 21:00:00,28.5,89,7.4,977.5,58.9,68.7,83.59122202131483,21,3,7
2025-07-17 22:00:00,28.2,87,8.0,977.9,57.2,63.3,71.06440289815266,22,3,7
2025-07-17 23:00:00,27.8,88,6.5,977.8,56.0,59.8,70.43138853708903,23,3,7
2025-07-18 00:00:00,27.5,89,6.2,977.7,55.1,57.9,85.08272255791559,0,4,7
2025-07-18 01:00:00,27.3,89,6.3,977.4,55.1,58.1,96.16597217983671,1,4,7
2025-07-18 02:00:00,27.2,90,6.2,977.3,56.2,60.1,72.15100002288818,2,4,7
2025-07-18 03:00:00,27.0,91,4.9,976.9,58.2,62.4,70.10068035125732,3,4,7
2025-07-18 04:00:00,26.8,92,4.5,977.0,60.3,65.0,64.57183501696346,4,4,7
2025-07-18 05:00:00,26.6,93,4.3,977.2,66.6,75.0,56.800541983710396,5,4,7
2025-07-18 06:00:00,27.5,90,7.4,977.7,67.5,75.9,56.02068985833063,6,4,7
2025-07-18 07:00:00,28.5,88,7.2,978.4,69.6,77.8,56.404312213261925,7,4,7
2025-07-18 08:00:00,30.0,73,8.0,978.8,63.8,78.2,44.14527096350988,8,4,7
2025-07-18 09:00:00,30.0,70,10.0,979.4,52.5,78.0,60.33228135108948,9,4,7
2025-07-18 10:00:00,29.8,72,8.3,979.7,42.7,80.1,72.6338497797648,10,4,7
2025-07-18 11:00:00,29.7,77,3.9,979.4,39.5,76.4,102.6532413482666,11,4,7
2025-07-18 12:00:00,30.0,79,5.6,979.0,43.0,76.8,86.08768033981323,12,4,7
2025-07-18 13:00:00,30.5,78,4.2,978.0,46.6,76.6,102.22921567493016,13,4,7
2025-07-18 14:00:00,31.8,72,0.8,977.1,47.6,71.7,123.2702283859253,14,4,7
2025-07-18 15:00:00,32.1,70,0.8,976.2,48.5,69.4,138.15217992994522,15,4,7
2025-07-18 16:00:00,32.2,69,1.4,975.8,48.4,66.8,142.94646782345242,16,4,7
2025-07-18 17:00:00,30.1,80,5.8,975.1,54.7,64.7,150.57945209079318,17,4,7
2025-07-18 18:00:00,31.1,77,0.4,975.8,53.7,63.8,168.59557454548187,18,4,7
2025-07-18 19:00:00,30.2,83,2.2,975.7,60.5,69.8,200.62639511956107,19,4,7
2025-07-18 20:00:00,29.5,84,3.0,975.6,85.9,95.5,212.4169157875909,20,4,7
2025-07-18 21:00:00,29.3,86,2.3,975.9,99.4,108.5,195.33799256218802,21,4,7
2025-07-18 22:00:00,28.8,87,3.1,975.9,105.9,115.3,176.8921397527059,22,4,7
2025-07-18 23:00:00,28.5,88,2.6,975.7,115.9,125.7,114.49326377926451,23,4,7
2025-07-19 00:00:00,28.4,88,2.6,975.4,121.5,131.3,95.5328857421875,0,5,7
2025-07-19 01:00:00,28.2,89,1.7,975.2,125.7,135.5,112.82102508544922,1,5,7
2025-07-19 02:00:00,27.8,90,1.5,974.9,129.5,139.2,89.45148881276448,2,5,7
2025-07-19 03:00:00,27.2,92,3.6,974.8,132.7,142.5,61.987396028306755,3,5,7
2025-07-19 04:00:00,26.9,93,2.5,974.6,135.5,145.3,55.31596009572347,4,5,7
2025-07-19 05:00:00,26.8,92,0.9,974.9,94.5,98.7,45.077649752298996,5,5,7
2025-07-19 06:00:00,27.8,91,5.3,975.3,92.4,95.2,41.37146415710449,6,5,7
2025-07-19 07:00:00,28.7,89,4.6,975.5,87.1,89.6,35.01506648868709,7,5,7
2025-07-19 08:00:00,30.2,83,5.1,976.0,64.7,67.8,31.104862062858814,8,5,7
2025-07-19 09:00:00,31.5,76,7.3,976.0,45.9,53.2,33.289139825647524,9,5,7
2025-07-19 10:00:00,32.4,69,6.8,975.9,38.5,46.7,35.8516749382019,10,5,7
2025-07-19 11:00:00,33.4,64,5.5,975.2,34.6,41.0,36.28205858866373,11,5,7
2025-07-19 12:00:00,34.1,60,5.5,974.4,33.2,38.3,36.91969976425171,12,5,7
2025-07-19 13:00:00,34.6,58,5.5,973.5,32.6,37.0,40.0025665918986,13,5,7
2025-07-19 14:00:00,35.1,56,5.5,972.5,31.4,35.5,43.01039592425028,14,5,7
2025-07-19 15:00:00,35.0,56,7.0,971.7,30.6,36.0,48.41581265131632,15,5,7
2025-07-19 16:00:00,34.4,59,8.8,971.3,31.1,38.9,50.828573147455856,16,5,7
2025-07-19 17:00:00,33.4,66,9.5,970.9,36.6,75.2,53.61509394645691,17,5,7
2025-07-19 18:00:00,32.6,69,3.9,971.7,41.8,84.1,54.26759354273478,18,5,7
2025-07-19 19:00:00,31.6,74,3.1,971.9,52.5,102.2,51.25643769900004,19,5,7
2025-07-19 20:00:00,31.0,75,3.6,971.8,61.7,130.9,53.02325026194255,20,5,7
2025-07-19 21:00:00,30.4,78,4.2,972.5,68.2,171.4,57.93036460876465,21,5,7
2025-07-19 22:00:00,29.7,80,4.8,972.8,75.0,230.0,64.09123611450195,22,5,7
2025-07-19 23:00:00,29.1,83,5.5,973.3,86.6,333.4,66.15797921021779,23,5,7
2025-07-20 00:00:00,28.7,85,5.7,973.3,101.7,484.3,59.629170947604706,0,6,7
2025-07-20 01:00:00,28.3,86,5.5,973.4,118.0,618.4,53.877550866868766,1,6,7
2025-07-20 02:00:00,28.0,86,5.4,973.2,131.3,707.8,47.09437963697645,2,6,7
2025-07-20 03:00:00,27.6,87,4.8,972.8,142.0,771.1,45.030506902270844,3,6,7
2025-07-20 04:00:00,27.4,86,5.2,973.1,148.5,804.7,36.651125033696495,4,6,7
2025-07-20 05:00:00,27.1,86,5.2,973.4,133.2,642.6,28.581104199091595,5,6,7
2025-07-20 06:00:00,28.5,84,4.6,973.2,131.8,583.0,29.048302173614502,6,6,7
2025-07-20 07:00:00,29.3,81,3.5,973.7,135.0,597.9,23.30353142817815,7,6,7
2025-07-20 08:00:00,30.4,76,4.2,974.0,138.3,676.1,20.06236449877421,8,6,7
2025-07-20 09:00:00,31.5,68,5.8,974.0,117.1,566.2,22.929458379745483,9,6,7
2025-07-20 10:00:00,32.4,65,7.6,973.9,85.0,396.7,27.525426904360454,10,6,7
2025-07-20 11:00:00,33.1,63,7.4,973.5,71.2,303.6,31.171354293823242,11,6,7
2025-07-20 12:00:00,33.7,62,5.9,973.1,66.4,255.2,36.528770446777344,12,6,7
2025-07-20 13:00:00,34.4,58,7.0,972.3,62.9,223.1,45.91088525454204,13,6,7
2025-07-20 14:00:00,34.5,58,7.3,971.5,57.7,189.1,45.869687477747604,14,6,7
2025-07-20 15:00:00,34.0,60,7.7,970.9,51.6,160.2,47.125812292099,15,6,7
2025-07-20 16:00:00,34.1,60,7.5,970.5,46.2,138.8,49.6655208269755,16,6,7
2025-07-20 17:00:00,33.7,64,6.5,970.6,39.8,99.7,49.533135175704956,17,6,7
2025-07-20 18:00:00,32.3,72,5.2,971.8,42.4,91.5,49.55548977851868,18,6,7
2025-07-20 19:00:00,31.0,80,3.7,972.1,46.9,88.2,51.380947748819985,19,6,7
2025-07-20 20:00:00,30.1,84,3.6,972.8,50.2,85.9,46.45352077484131,20,6,7
2025-07-20 21:00:00,29.6,86,4.0,973.6,50.6,83.4,42.78379193941752,21,6,7
2025-07-20 22:00:00,29.2,87,4.0,974.2,49.6,79.9,53.03338170051575,22,6,7
2025-07-20 23:00:00,28.9,86,4.1,974.2,48.1,77.1,52.1298402150472,23,6,7
2025-07-21 00:00:00,28.6,87,3.6,974.4,45.9,74.5,46.996418324383825,0,0,7
2025-07-21 01:00:00,28.2,88,3.6,973.8,42.8,73.3,46.499680598576866,1,0,7
2025-07-21 02:00:00,27.8,90,3.4,973.7,41.3,76.1,40.981256802876786,2,0,7
2025-07-21 03:00:00,27.6,90,3.8,973.5,41.0,81.0,37.02482291062673,3,0,7
2025-07-21 04:00:00,27.6,88,4.1,973.7,40.4,84.5,37.218329866727196,4,0,7
2025-07-21 05:00:00,27.3,89,4.1,974.3,26.5,33.6,31.774881879488625,5,0,7
2025-07-21 06:00:00,28.5,85,6.6,974.3,27.4,35.2,32.868015429178875,6,0,7
2025-07-21 07:00:00,29.2,84,5.2,974.9,30.2,39.1,30.388441403706867,7,0,7
2025-07-21 08:00:00,30.5,78,5.2,975.8,30.3,46.4,32.92179528510932,8,0,7
2025-07-21 09:00:00,31.6,70,8.2,975.8,29.8,51.2,30.713762716813516,9,0,7
2025-07-21 10:00:00,32.1,67,7.1,976.1,28.5,51.2,33.6887555440267,10,0,7
2025-07-21 11:00:00,32.7,64,8.3,976.2,27.8,47.0,38.62954548344468,11,0,7
2025-07-21 12:00:00,33.3,61,9.8,975.5,27.4,44.6,44.96669985453288,12,0,7
2025-07-21 13:00:00,33.3,61,10.6,975.0,26.9,43.4,50.534350268046055,13,0,7
2025-07-21 14:00:00,33.0,62,10.5,974.4,27.7,46.0,40.152675024668376,14,0,7
2025-07-21 15:00:00,32.9,63,10.6,974.1,29.3,48.7,35.271966743469235,15,0,7
2025-07-21 16:00:00,32.5,64,10.7,973.8,30.4,51.6,37.29183890024821,16,0,7
2025-07-21 17:00:00,31.0,73,12.1,973.9,36.4,60.3,42.08165221744113,17,0,7
2025-07-21 18:00:00,28.9,83,12.4,975.1,36.3,55.1,47.517180601755776,18,0,7
2025-07-21 19:00:00,28.2,85,11.9,975.2,38.4,61.0,49.934840255313446,19,0,7
2025-07-21 20:00:00,27.6,87,11.3,975.5,42.1,75.4,49.51449966430664,20,0,7
2025-07-21 21:00:00,27.3,88,10.2,975.7,45.6,89.6,52.13538212246365,21,0,7
2025-07-21 22:00:00,27.1,88,8.7,975.9,48.5,97.3,55.35795809427897,22,0,7
2025-07-21 23:00:00,27.0,90,7.8,976.3,50.4,97.1,53.28205280303955,23,0,7
2025-07-22 00:00:00,26.8,91,7.8,976.0,50.8,93.6,56.764380391438806,0,1,7
2025-07-22 01:00:00,26.8,92,7.4,975.7,50.3,91.5,59.59206657409668,1,1,7
2025-07-22 02:00:00,26.7,91,6.8,975.4,48.3,89.6,64.7061918258667,2,1,7
2025-07-22 03:00:00,26.7,91,6.4,975.0,45.6,82.9,63.92249984741211,3,1,7
2025-07-22 04:00:00,26.6,91,6.3,974.9,45.5,82.9,52.32987489700317,4,1,7
2025-07-22 05:00:00,26.3,91,7.6,975.5,43.2,61.5,31.026083405812578,5,1,7
2025-07-22 06:00:00,27.1,91,7.9,974.9,43.1,55.9,25.784733043776615,6,1,7
2025-07-22 07:00:00,27.7,90,9.3,975.3,42.6,52.9,33.47131258911556,7,1,7
2025-07-22 08:00:00,28.8,85,11.3,975.7,43.3,52.7,36.54856789112091,8,1,7
2025-07-22 09:00:00,29.9,83,8.2,975.8,38.6,45.9,37.561343709627785,9,1,7
2025-07-22 10:00:00,30.6,81,8.3,975.7,39.7,48.7,41.097414656118914,10,1,7
2025-07-22 11:00:00,31.3,77,7.9,975.6,41.0,51.7,46.71838525931041,11,1,7
2025-07-22 12:00:00,32.3,71,7.4,974.9,42.4,56.1,44.33790647983551,12,1,7
2025-07-22 13:00:00,31.5,75,6.4,973.9,42.7,69.2,38.077638824780784,13,1,7
2025-07-22 14:00:00,32.3,74,7.5,973.0,38.3,67.8,46.27508330345154,14,1,7
2025-07-22 15:00:00,32.1,74,7.0,972.3,41.9,75.2,58.1838611761729,15,1,7
2025-07-22 16:00:00,31.2,78,4.6,971.6,46.2,79.2,63.74415651957194,16,1,7
2025-07-22 17:00:00,30.9,79,3.7,971.0,50.9,66.4,63.198958555857345,17,1,7
2025-07-22 18:00:00,29.3,83,10.2,972.4,49.2,63.3,66.88131244977316,18,1,7
2025-07-22 19:00:00,28.6,86,6.9,972.4,52.3,62.6,72.73479167620341,19,1,7
2025-07-22 20:00:00,28.2,87,7.2,972.4,55.6,64.7,72.08306217193604,20,1,7
2025-07-22 21:00:00,27.7,89,7.6,972.6,58.3,66.6,68.99884414672852,21,1,7
2025-07-22 22:00:00,27.4,90,6.2,972.7,61.0,68.7,66.09211500485738,22,1,7
2025-07-22 23:00:00,27.1,92,5.2,972.7,62.9,70.8,64.22135440508524,23,1,7
2025-07-23 00:00:00,26.9,92,5.3,973.0,64.7,72.6,48.36106956501801,0,2,7
2025-07-23 01:00:00,26.6,92,7.7,972.5,66.6,74.5,17.277621392834753,1,2,7
2025-07-23 02:00:00,26.2,94,6.7,971.9,67.8,76.1,14.403239617745083,2,2,7
2025-07-23 03:00:00,25.5,94,11.8,971.3,66.8,75.7,30.94477794567744,3,2,7
2025-07-23 04:00:00,25.6,96,4.1,972.1,59.1,68.9,52.52383417794199,4,2,7
2025-07-23 05:00:00,25.2,97,7.1,972.3,34.0,48.3,58.39570124944051,5,2,7
2025-07-23 06:00:00,25.7,96,8.6,971.0,32.1,42.7,71.77101081666493,6,2,7
2025-07-23 07:00:00,25.8,97,6.1,971.8,28.1,40.7,65.12587553660074,7,2,7
2025-07-23 08:00:00,26.0,96,11.4,971.8,25.8,40.0,72.71865793863932,8,2,7
2025-07-23 09:00:00,26.7,91,13.6,972.2,28.3,64.3,40.322699912389126,9,2,7
2025-07-23 10:00:00,28.5,86,10.6,972.4,37.6,97.6,36.003313859303795,10,2,7
2025-07-23 11:00:00,29.6,82,8.7,972.0,39.6,106.9,35.34256655375163,11,2,7
2025-07-23 12:00:00,30.7,78,7.1,971.2,42.6,117.8,35.47117490768433,12,2,7
2025-07-23 13:00:00,30.5,78,6.0,970.5,43.4,117.6,50.72900018692017,13,2,7
2025-07-23 14:00:00,31.8,73,4.3,969.6,43.2,111.3,78.34784981409709,14,2,7
2025-07-23 15:00:00,32.8,69,4.9,968.9,44.0,108.3,113.4215704311024,15,2,7
2025-07-23 16:00:00,32.6,70,5.7,968.4,43.1,103.1,111.89658763673572,16,2,7
2025-07-23 17:00:00,31.2,77,6.9,968.3,43.0,89.4,93.55660364362929,17,2,7
2025-07-23 18:00:00,29.9,77,1.6,969.9,42.4,82.2,98.02341032028198,18,2,7
2025-07-23 19:00:00,29.3,82,2.1,969.9,49.4,80.8,112.3180004225837,19,2,7
2025-07-23 20:00:00,28.5,88,1.6,970.2,61.0,90.6,89.26407210032146,20,2,7
2025-07-23 21:00:00,27.9,90,2.4,970.7,69.6,96.6,68.78849739498561,21,2,7
2025-07-23 22:00:00,27.4,92,3.1,971.2,72.9,97.1,61.796032110850014,22,2,7
2025-07-23 23:00:00,27.1,93,3.0,971.3,68.5,90.6,59.18470117780897,23,2,7
2025-07-24 00:00:00,26.9,94,2.8,971.5,62.2,83.1,58.50174548890855,0,3,7
2025-07-24 01:00:00,26.8,93,6.0,971.2,57.3,78.0,71.05399788750543,1,3,7
2025-07-24 02:00:00,26.8,91,7.7,970.8,50.1,71.0,94.39294878641765,2,3,7
2025-07-24 03:00:00,25.3,92,10.5,971.2,46.6,66.1,53.55279858907064,3,3,7
2025-07-24 04:00:00,24.8,93,10.6,971.1,42.4,66.4,27.84103316466014,4,3,7
2025-07-24 05:00:00,24.8,94,5.0,971.4,76.1,90.6,34.26395009358724,5,3,7
2025-07-24 06:00:00,25.2,92,7.4,971.2,73.1,87.5,31.95075546900431,6,3,7
2025-07-24 07:00:00,25.4,96,9.8,971.7,72.6,89.9,33.47508328755697,7,3,7
2025-07-24 08:00:00,25.7,96,2.3,971.6,65.0,87.1,33.07504447301229,8,3,7
2025-07-24 09:00:00,27.8,89,3.8,972.1,51.8,85.9,39.993550078074136,9,3,7
2025-07-24 10:00:00,28.3,88,2.3,972.5,48.0,103.4,36.73951403299968,10,3,7
2025-07-24 11:00:00,29.2,83,4.3,972.3,48.4,114.8,23.308933321634928,11,3,7
2025-07-24 12:00:00,30.5,78,3.3,971.6,43.7,92.7,27.36245507558187,12,3,7
2025-07-24 13:00:00,31.9,74,3.4,970.8,39.1,75.4,40.69733768809925,13,3,7
2025-07-24 14:00:00,32.3,73,2.7,970.0,38.0,70.3,54.769500033060716,14,3,7
2025-07-24 15:00:00,32.8,71,4.2,969.1,38.4,69.6,62.31349309285481,15,3,7
2025-07-24 16:00:00,32.5,72,5.2,968.3,41.3,71.2,63.86817709604899,16,3,7
2025-07-24 17:00:00,31.8,73,3.1,968.4,33.1,54.0,70.66853086153667,17,3,7
2025-07-24 18:00:00,29.4,80,7.6,970.1,31.9,55.6,78.85063608487447,18,3,7
2025-07-24 19:00:00,29.1,83,1.0,970.1,40.0,59.4,78.06861813863118,19,3,7
2025-07-24 20:00:00,28.5,89,1.4,970.3,52.6,68.9,73.91799640655518,20,3,7
2025-07-24 21:00:00,28.2,90,2.4,970.7,53.1,67.3,66.25776139895122,21,3,7
2025-07-24 22:00:00,27.8,90,4.9,971.0,62.9,77.8,72.11514516310258,22,3,7
2025-07-24 23:00:00,27.4,92,4.3,971.5,72.9,88.0,75.6428747177124,23,3,7
2025-07-25 00:00:00,27.1,92,4.6,971.2,70.5,84.1,68.60350151289077,0,4,7
2025-07-25 01:00:00,26.7,89,7.0,970.9,54.4,66.6,39.50171871980031,1,4,7
2025-07-25 02:00:00,25.5,94,9.2,970.3,48.8,66.6,35.227746446927384,2,4,7
2025-07-25 03:00:00,25.1,97,5.7,970.4,46.1,69.2,33.61859393119812,3,4,7
2025-07-25 04:00:00,24.8,98,7.7,971.1,47.5,75.0,34.0838018655777,4,4,7
2025-07-25 05:00:00,24.7,97,5.6,970.9,33.1,61.5,34.540520668029785,5,4,7
2025-07-25 06:00:00,25.8,94,8.5,971.2,32.9,60.3,37.70741657416026,6,4,7
2025-07-25 07:00:00,26.3,91,4.5,971.3,32.6,67.8,42.39872209231059,7,4,7
2025-07-25 08:00:00,26.8,89,2.3,971.7,32.6,75.9,49.964312156041466,8,4,7
2025-07-25 09:00:00,28.0,85,2.2,972.0,32.5,78.2,42.119436785380046,9,4,7
2025-07-25 10:00:00,30.3,76,0.9,972.0,35.0,82.9,42.86954170862834,10,4,7
2025-07-25 11:00:00,31.4,72,1.8,971.9,38.6,89.9,36.114033190409344,11,4,7
2025-07-25 12:00:00,32.0,69,1.2,971.4,41.0,91.5,38.638233248392744,12,4,7
2025-07-25 13:00:00,32.2,68,1.0,970.7,42.1,91.3,43.21563336054484,13,4,7
2025-07-25 14:00:00,32.6,67,0.8,969.9,44.9,91.5,49.565850321451826,14,4,7
2025-07-25 15:00:00,32.7,66,1.1,969.3,47.3,90.8,63.494525082906094,15,4,7
2025-07-25 16:00:00,32.9,65,2.1,968.8,47.4,86.1,96.03730850219726,16,4,7
2025-07-25 17:00:00,32.7,66,2.7,968.6,51.2,83.4,91.59624983469647,17,4,7
2025-07-25 18:00:00,31.8,75,1.5,969.1,54.0,82.4,90.84961700439453,18,4,7
2025-07-25 19:00:00,31.0,77,0.5,969.4,70.3,93.6,101.06099192301433,19,4,7
2025-07-25 20:00:00,30.1,80,0.5,969.6,91.5,114.3,101.41751080830892,20,4,7
2025-07-25 21:00:00,29.6,82,1.5,970.6,109.0,131.3,104.75266609191894,21,4,7
2025-07-25 22:00:00,28.9,85,3.6,971.3,120.6,142.5,87.62104523976645,22,4,7
2025-07-25 23:00:00,28.2,89,4.0,971.6,127.6,148.1,74.5167251586914,23,4,7
2025-07-26 00:00:00,28.0,90,2.0,971.4,119.7,137.4,75.96980005900065,0,5,7
2025-07-26 01:00:00,27.7,92,2.2,971.3,109.7,125.3,76.3354387919108,1,5,7
2025-07-26 02:00:00,27.4,93,1.6,971.5,109.0,124.8,54.76298325856527,2,5,7
2025-07-26 03:00:00,27.2,94,1.0,971.3,112.9,129.0,46.12999998728434,3,5,7
2025-07-26 04:00:00,27.1,94,1.3,971.4,112.2,126.2,45.06095854441325,4,5,7
2025-07-26 05:00:00,26.8,95,4.1,971.9,99.4,112.9,41.71317507425944,5,5,7
2025-07-26 06:00:00,28.1,89,1.3,971.8,82.2,92.7,34.80262502034505,6,5,7
2025-07-26 07:00:00,29.0,88,1.1,972.4,71.0,81.7,35.38108358383179,7,5,7
2025-07-26 08:00:00,30.4,80,2.7,973.2,56.3,70.1,38.41929998397827,8,5,7
2025-07-26 09:00:00,31.5,75,4.0,973.2,44.9,59.5,33.74944438934326,9,5,7
2025-07-26 10:00:00,32.4,73,5.0,973.1,39.7,53.4,34.16510826746623,10,5,7
2025-07-26 11:00:00,33.0,69,5.5,973.0,42.0,55.8,34.91961459318797,11,5,7
2025-07-26 12:00:00,33.8,66,4.7,972.4,41.3,54.7,41.86684366067251,12,5,7
2025-07-26 13:00:00,34.4,65,3.8,971.9,41.1,53.8,47.83609731992086,13,5,7
2025-07-26 14:00:00,34.4,64,2.7,971.0,42.8,55.2,61.34656278292338,14,5,7
2025-07-26 15:00:00,34.7,63,2.2,970.2,43.9,56.2,55.98760422070821,15,5,7
2025-07-26 16:00:00,34.6,62,2.2,969.8,45.3,58.0,55.15077042579651,16,5,7
2025-07-26 17:00:00,34.1,64,2.6,969.5,42.4,58.2,65.9759894212087,17,5,7
2025-07-26 18:00:00,33.1,74,1.8,970.4,43.3,57.5,73.29915595054626,18,5,7
2025-07-26 19:00:00,31.9,80,1.6,970.6,54.9,66.8,75.09956320126852,19,5,7
2025-07-26 20:00:00,31.1,84,2.7,971.2,73.6,85.0,75.30372216966417,20,5,7
2025-07-26 21:00:00,30.6,85,4.5,971.8,83.1,93.6,81.46135171254475,21,5,7
2025-07-26 22:00:00,30.3,87,3.1,972.0,88.9,99.0,88.06167816585965,22,5,7
2025-07-26 23:00:00,29.9,87,3.2,972.0,93.1,102.7,92.55825996398926,23,5,7
2025-07-27 00:00:00,29.4,87,4.0,971.9,95.5,104.8,103.81007908008716,0,6,7
2025-07-27 01:00:00,29.3,87,3.7,971.8,95.2,103.6,97.39481099446614,1,6,7
2025-07-27 02:00:00,29.2,88,3.1,971.6,90.3,97.8,86.79573906792534,2,6,7
2025-07-27 03:00:00,29.1,89,2.3,971.6,87.1,93.8,61.851426654391815,3,6,7
2025-07-27 04:00:00,29.2,87,0.2,971.9,85.9,92.7,56.324462890625,4,6,7
2025-07-27 05:00:00,28.8,90,0.6,972.4,76.4,81.5,49.726615693834084,5,6,7
2025-07-27 06:00:00,29.6,88,3.1,972.3,74.7,78.7,46.46699990166558,6,6,7
2025-07-27 07:00:00,30.4,88,2.9,972.9,68.7,73.1,48.562180731031624,7,6,7
2025-07-27 08:00:00,31.7,80,2.5,973.1,51.9,56.3,50.07352797190348,8,6,7
2025-07-27 09:00:00,32.7,72,2.6,972.9,41.2,44.7,46.82198598649767,9,6,7
2025-07-27 10:00:00,33.3,70,2.9,972.7,37.5,40.5,49.82934739854601,10,6,7
2025-07-27 11:00:00,34.0,68,2.9,972.6,37.1,40.3,51.454347186618385,11,6,7
2025-07-27 12:00:00,34.7,64,2.2,972.1,36.3,39.8,47.70979150136312,12,6,7
2025-07-27 13:00:00,35.0,62,2.4,971.5,35.9,39.3,51.316791640387635,13,6,7
2025-07-27 14:00:00,35.1,61,2.9,970.5,35.6,39.0,59.85733360714382,14,6,7
2025-07-27 15:00:00,35.0,60,2.7,970.1,34.6,38.0,70.28330506218805,15,6,7
2025-07-27 16:00:00,34.8,61,2.9,969.4,35.4,39.2,78.99605496724446,16,6,7
2025-07-27 17:00:00,34.3,63,3.4,969.1,54.7,71.2,80.9900139702691,17,6,7
2025-07-27 18:00:00,34.0,69,3.7,969.8,57.3,73.3,87.17540274726021,18,6,7
2025-07-27 19:00:00,32.3,78,4.4,970.0,71.9,87.1,90.8610142601861,19,6,7
2025-07-27 20:00:00,31.4,82,5.2,970.6,89.6,105.7,92.75646751095549,20,6,7
2025-07-27 21:00:00,31.0,82,6.4,971.3,110.1,127.1,98.60093053181966,21,6,7
2025-07-27 22:00:00,30.6,81,6.6,971.4,121.5,138.3,107.37178272671171,22,6,7
2025-07-27 23:00:00,30.1,82,6.1,971.5,113.9,129.5,103.82180129157172,23,6,7
2025-07-28 00:00:00,29.6,83,5.4,971.4,98.3,114.1,98.4285314348009,0,0,7
2025-07-28 01:00:00,29.1,86,4.3,971.1,90.1,106.9,92.74523141649036,1,0,7
2025-07-28 02:00:00,28.7,89,4.8,971.2,85.0,102.2,88.36037551032173,2,0,7
2025-07-28 03:00:00,28.4,92,6.0,971.0,83.6,101.5,85.01663038465712,3,0,7
2025-07-28 04:00:00,28.2,94,9.3,971.2,82.2,99.2,81.8171255323622,4,0,7
2025-07-28 05:00:00,27.4,94,9.5,971.1,68.0,84.8,74.36056931813557,5,0,7
2025-07-28 06:00:00,28.8,91,5.5,971.6,66.8,88.7,68.15444803237915,6,0,7
2025-07-28 07:00:00,29.5,90,4.7,972.1,60.1,82.9,55.22103158632915,7,0,7
2025-07-28 08:00:00,30.9,85,5.6,972.1,53.2,81.3,48.44537946912977,8,0,7
2025-07-28 09:00:00,32.1,79,5.3,972.4,48.8,77.3,55.2566663953993,9,0,7
2025-07-28 10:00:00,33.2,70,2.9,972.6,52.4,85.2,56.03465292188856,10,0,7
2025-07-28 11:00:00,34.0,65,1.7,972.2,58.4,94.3,53.84143034617106,11,0,7
2025-07-28 12:00:00,34.8,61,2.2,971.8,61.2,98.3,53.67351373036703,12,0,7
2025-07-28 13:00:00,35.3,59,2.5,971.4,69.2,109.7,57.10041660732693,13,0,7
2025-07-28 14:00:00,35.7,57,3.4,970.6,67.1,104.8,61.19605583614773,14,0,7
2025-07-28 15:00:00,35.8,56,5.1,969.7,68.2,106.6,67.14541625976562,15,0,7
2025-07-28 16:00:00,35.7,57,4.6,969.0,66.4,104.3,69.17597166697185,16,0,7
2025-07-28 17:00:00,35.3,60,4.8,968.8,71.9,119.7,83.88198986053467,17,0,7
2025-07-28 18:00:00,34.2,68,2.2,969.5,75.7,115.9,74.93642703692119,18,0,7
2025-07-28 19:00:00,33.0,76,2.0,969.8,87.3,128.5,81.1447012424469,19,0,7
2025-07-28 20:00:00,31.8,80,3.7,970.4,99.2,139.2,70.17091727256775,20,0,7
2025-07-28 21:00:00,31.1,80,5.9,971.1,99.2,129.0,74.53303776365338,21,0,7
2025-07-28 22:00:00,30.6,80,6.9,971.4,93.4,116.9,76.04013209342956,22,0,7
2025-07-28 23:00:00,30.0,83,8.4,972.0,87.3,107.6,86.38114211776039,23,0,7
2025-07-29 00:00:00,29.7,86,8.8,971.4,81.0,98.7,78.10493164351492,0,1,7
2025-07-29 01:00:00,29.3,87,9.2,971.4,76.6,91.5,72.79040265083313,1,1,7
2025-07-29 02:00:00,27.4,97,6.0,971.9,71.0,83.6,69.62234338124594,2,1,7
2025-07-29 03:00:00,26.7,95,9.5,971.5,61.9,71.5,62.16400694847107,3,1,7
2025-07-29 04:00:00,26.1,95,10.5,971.7,51.9,60.1,53.754350423812866,4,1,7
2025-07-29 05:00:00,26.3,94,8.8,971.9,17.1,26.4,49.12347475687663,5,1,7
2025-07-29 06:00:00,28.2,94,5.8,970.9,15.2,24.6,40.32630281448364,6,1,7
2025-07-29 07:00:00,29.1,91,6.5,971.5,17.2,26.9,41.11055272420247,7,1,7
2025-07-29 08:00:00,30.0,88,7.2,971.9,20.9,34.2,43.324803034464516,8,1,7
2025-07-29 09:00:00,30.8,84,8.1,972.2,27.8,66.6,42.970875358581544,9,1,7
2025-07-29 10:00:00,31.6,79,9.5,972.0,43.9,132.7,41.33270848592122,10,1,7
2025-07-29 11:00:00,32.8,74,8.5,971.9,51.2,155.1,43.63382504781087,11,1,7
2025-07-29 12:00:00,33.2,72,9.0,971.3,53.9,156.5,51.5802004958644,12,1,7
2025-07-29 13:00:00,33.3,73,9.4,970.8,48.9,135.5,49.380699793497726,13,1,7
2025-07-29 14:00:00,31.8,78,9.6,970.5,54.4,146.7,45.71219431559244,14,1,7
2025-07-29 15:00:00,32.4,76,8.6,969.8,54.4,142.0,46.02168324788411,15,1,7
2025-07-29 16:00:00,33.3,72,10.3,969.3,50.4,123.4,40.443008448282875,16,1,7
2025-07-29 17:00:00,33.2,73,8.9,968.9,54.8,142.5,39.19824161529541,17,1,7
2025-07-29 18:00:00,32.4,77,10.8,970.4,55.9,129.5,42.6168165842692,18,1,7
2025-07-29 19:00:00,30.0,84,12.5,971.1,52.7,111.1,45.33512503306071,19,1,7
2025-07-29 20:00:00,29.1,88,13.3,971.8,48.7,96.4,49.89268347422282,20,1,7
2025-07-29 21:00:00,28.8,88,11.7,972.7,45.4,84.8,53.563733228047695,21,1,7
2025-07-29 22:00:00,28.7,88,13.1,972.6,43.1,79.2,53.69207496643067,22,1,7
2025-07-29 23:00:00,27.2,89,13.6,973.8,43.3,92.2,49.33485825856526,23,1,7
2025-07-30 00:00:00,26.4,97,9.4,973.2,47.1,126.2,48.77202218373616,0,2,7
2025-07-30 01:00:00,27.1,96,6.0,973.0,53.1,165.3,45.49806079864502,1,2,7
2025-07-30 02:00:00,27.3,94,9.7,973.2,58.7,190.9,32.60025005340576,2,2,7
2025-07-30 03:00:00,26.5,96,10.4,972.9,61.5,199.8,28.03000014623006,3,2,7
2025-07-30 04:00:00,26.4,93,14.8,973.7,65.0,208.2,36.28977495829265,4,2,7
2025-07-30 05:00:00,26.1,95,13.8,973.5,67.8,220.7,39.71474157969157,5,2,7
2025-07-30 06:00:00,26.4,95,14.9,972.7,69.2,221.7,38.83276389439901,6,2,7
2025-07-30 07:00:00,27.3,91,14.5,973.4,71.0,254.3,33.91127503712972,7,2,7
2025-07-30 08:00:00,28.1,88,12.4,974.1,69.2,228.6,31.590466658274334,8,2,7
2025-07-30 09:00:00,29.6,79,13.1,974.4,59.4,167.2,33.54518070220947,9,2,7
2025-07-30 10:00:00,30.5,77,12.3,974.7,48.1,110.6,35.31324971516927,10,2,7
2025-07-30 11:00:00,30.3,77,13.1,974.5,41.4,75.9,38.24467493693034,11,2,7
2025-07-30 12:00:00,30.7,76,12.0,974.2,36.4,53.7,43.97027249769731,12,2,7
2025-07-30 13:00:00,31.0,76,9.0,973.4,34.7,47.4,48.47698872884115,13,2,7
2025-07-30 14:00:00,31.2,77,9.9,972.7,29.7,34.7,44.24773349761963,14,2,7
2025-07-30 15:00:00,31.0,77,7.6,972.1,30.6,32.2,34.402516523996994,15,2,7
2025-07-30 16:00:00,31.3,74,5.2,971.7,32.8,36.0,36.32441685994466,16,2,7
2025-07-30 17:00:00,31.6,71,4.9,971.4,42.7,45.6,42.14433371225993,17,2,7
2025-07-30 18:00:00,30.2,80,5.9,973.3,43.8,45.2,51.698216120402016,18,2,7
2025-07-30 19:00:00,29.3,85,5.6,973.7,47.5,48.2,47.91994158426921,19,2,7
2025-07-30 20:00:00,28.8,88,5.1,974.4,56.9,57.3,48.0313336054484,20,2,7
2025-07-30 21:00:00,28.5,89,6.7,975.1,56.3,56.3,49.9053918838501,21,2,7
2025-07-30 22:00:00,28.2,90,8.3,975.0,58.4,58.4,59.53632488250732,22,2,7
2025-07-30 23:00:00,28.0,89,9.4,975.2,61.0,61.0,49.36720016797384,23,2,7
2025-07-31 00:00:00,27.7,90,8.3,975.0,59.8,59.8,12.408147249246635,0,3,7
2025-07-31 01:00:00,27.5,91,7.0,974.5,57.2,57.2,5.089927846565843,1,3,7
2025-07-31 02:00:00,27.2,92,6.8,974.2,54.2,54.2,11.890683321158091,2,3,7
2025-07-31 03:00:00,26.9,93,5.4,973.9,52.2,52.3,25.29315554300944,3,3,7
2025-07-31 04:00:00,26.7,92,5.4,974.1,51.3,51.6,34.02203028996785,4,3,7
2025-07-31 05:00:00,26.4,92,5.8,974.3,48.3,50.2,38.222094196743434,5,3,7
2025-07-31 06:00:00,27.1,89,7.8,974.1,46.7,49.2,42.274590174357094,6,3,7
2025-07-31 07:00:00,27.9,89,5.2,974.6,44.1,50.9,40.09575001398722,7,3,7
2025-07-31 08:00:00,29.0,81,11.6,975.0,41.7,55.5,42.096268547905815,8,3,7
2025-07-31 09:00:00,29.4,80,12.8,974.9,35.5,51.5,41.91793055004543,9,3,7
2025-07-31 10:00:00,29.0,78,13.8,975.4,24.7,33.2,36.34514111942715,10,3,7
2025-07-31 11:00:00,28.5,84,13.1,975.1,16.1,17.5,34.47192863322268,11,3,7
2025-07-31 12:00:00,29.5,80,12.3,974.4,17.2,17.2,23.792374961906006,12,3,7
2025-07-31 13:00:00,30.1,81,11.0,973.7,22.6,22.6,17.95351395342085,13,3,7
2025-07-31 14:00:00,30.7,78,10.3,972.8,22.9,22.9,23.704474528630573,14,3,7
2025-07-31 15:00:00,30.9,76,10.2,972.3,20.1,20.1,32.32753486103481,15,3,7
2025-07-31 16:00:00,29.7,79,10.9,972.4,21.7,21.7,39.01271514218263,16,3,7
2025-07-31 17:00:00,28.3,87,7.3,971.9,26.0,26.0,42.73317220475939,17,3,7
2025-07-31 18:00:00,29.7,81,6.5,973.4,29.6,29.6,45.42847188313802,18,3,7
2025-07-31 19:00:00,28.9,84,7.7,973.7,34.0,34.0,45.59131934907702,19,3,7
2025-07-31 20:00:00,28.2,86,8.0,974.3,38.2,38.2,45.347700721085666,20,3,7
2025-07-31 21:00:00,27.7,88,7.5,975.1,42.7,42.7,45.46829387876722,21,3,7
2025-07-31 22:00:00,27.3,89,7.5,975.3,46.7,46.7,47.09636794196235,22,3,7
2025-07-31 23:00:00,27.1,91,6.2,975.2,49.0,49.0,50.098370711008705,23,3,7
2025-08-01 00:00:00,26.9,92,7.3,974.9,50.5,50.5,57.099319352044,0,4,8
2025-08-01 01:00:00,26.7,92,8.1,974.2,52.4,52.4,61.69786813524035,1,4,8
2025-08-01 02:00:00,26.5,93,7.8,974.2,53.4,53.4,50.80223344167074,2,4,8
2025-08-01 03:00:00,26.4,94,8.5,974.1,52.4,52.5,57.30702336629232,3,4,8
2025-08-01 04:00:00,26.2,96,6.8,974.3,52.0,52.0,57.965393649207215,4,4,8
2025-08-01 05:00:00,26.1,95,6.0,975.1,52.0,52.6,53.1301319334242,5,4,8
2025-08-01 06:00:00,26.2,97,8.6,974.4,47.6,48.2,56.12137953440348,6,4,8
2025-08-01 07:00:00,26.3,97,8.6,974.8,43.2,43.9,56.920851654476586,7,4,8
2025-08-01 08:00:00,26.6,97,9.4,975.0,37.4,38.1,50.43067624833849,8,4,8
2025-08-01 09:00:00,27.4,94,9.2,975.5,32.0,32.9,35.68866651287923,9,4,8
2025-08-01 10:00:00,27.3,95,9.9,975.5,30.6,31.4,14.151322363210575,10,4,8
2025-08-01 11:00:00,27.2,95,9.5,975.5,28.9,29.5,17.302006946669685,11,4,8
2025-08-01 12:00:00,27.8,91,12.2,975.1,29.7,30.4,19.879113528463574,12,4,8
2025-08-01 13:00:00,28.2,88,10.3,974.8,30.3,30.9,23.67362421209162,13,4,8
2025-08-01 14:00:00,29.6,81,8.1,973.9,28.9,29.5,26.2898473209805,14,4,8
2025-08-01 15:00:00,29.9,81,9.5,973.6,29.2,29.7,32.748701360490585,15,4,8
2025-08-01 16:00:00,29.0,84,8.0,973.0,29.8,30.4,42.432583305570816,16,4,8
2025-08-01 17:00:00,28.4,89,5.6,973.1,51.6,52.4,54.59524313608805,17,4,8
2025-08-01 18:00:00,28.5,87,5.8,974.4,52.2,52.9,54.79363907708062,18,4,8
2025-08-01 19:00:00,27.7,92,3.7,974.4,57.0,57.4,52.67636807759603,19,4,8
2025-08-01 20:00:00,27.3,94,2.2,975.1,59.1,59.4,53.07880557907952,20,4,8
2025-08-01 21:00:00,26.9,95,3.2,975.5,61.9,62.2,33.80143292744955,21,4,8
2025-08-01 22:00:00,26.9,95,2.7,975.4,62.6,62.6,39.79878701104058,22,4,8
2025-08-01 23:00:00,26.8,95,6.1,975.3,62.2,62.4,43.548740757836235,23,4,8
2025-08-02 00:00:00,26.7,96,3.4,975.1,61.2,61.2,59.60433549351163,0,5,8
2025-08-02 01:00:00,26.5,96,2.2,974.9,59.3,59.4,45.807531734909674,1,5,8
2025-08-02 02:00:00,26.4,97,4.0,974.4,60.8,60.8,49.28907352553474,2,5,8
2025-08-02 03:00:00,26.3,96,3.4,974.4,63.3,63.6,34.226326359642876,3,5,8
2025-08-02 04:00:00,26.1,97,3.8,974.5,63.3,63.6,32.99062490463257,4,5,8
2025-08-02 05:00:00,26.1,97,3.6,974.9,50.4,52.3,42.28701379564073,5,5,8
2025-08-02 06:00:00,26.6,97,4.9,974.7,44.7,46.7,48.84810177485148,6,5,8
2025-08-02 07:00:00,26.7,97,5.9,975.3,36.2,38.5,40.188101291656494,7,5,8
2025-08-02 08:00:00,27.1,95,7.2,975.7,32.2,34.6,35.13975994927542,8,5,8
2025-08-02 09:00:00,28.1,88,8.5,976.1,27.0,29.6,38.619988078162784,9,5,8
2025-08-02 10:00:00,29.3,81,6.7,976.5,23.8,26.6,42.162073304642846,10,5,8
2025-08-02 11:00:00,30.7,74,7.0,976.4,24.9,27.4,45.887347062428795,11,5,8
2025-08-02 12:00:00,31.6,72,4.0,976.0,22.8,24.8,45.86180554495917,12,5,8
2025-08-02 13:00:00,31.9,72,3.4,975.0,23.1,24.8,44.828493409686615,13,5,8
2025-08-02 14:00:00,32.5,69,3.4,974.2,24.7,26.2,44.81811777750651,14,5,8
2025-08-02 15:00:00,32.7,68,4.2,973.7,25.5,27.0,51.233110925886365,15,5,8
2025-08-02 16:00:00,32.6,68,5.1,972.9,26.0,27.5,46.06530005137126,16,5,8
2025-08-02 17:00:00,32.3,69,4.1,973.0,38.5,38.5,44.838524691263835,17,5,8
2025-08-02 18:00:00,31.6,75,1.8,974.3,43.1,43.2,48.05372492472331,18,5,8
2025-08-02 19:00:00,30.4,81,3.1,974.5,61.7,61.7,52.15492490132649,19,5,8
2025-08-02 20:00:00,29.7,83,4.1,975.1,81.3,81.3,55.99262491861979,20,5,8
2025-08-02 21:00:00,29.0,84,6.2,975.7,79.6,79.9,54.44785404205322,21,5,8
2025-08-02 22:00:00,28.4,87,7.4,975.7,76.4,76.4,54.4397296110789,22,5,8
2025-08-02 23:00:00,27.8,91,4.1,975.7,76.1,76.4,63.44775074901003,23,5,8
2025-08-03 00:00:00,27.3,93,3.6,975.6,80.6,81.0,74.06299678484599,0,6,8
2025-08-03 01:00:00,27.0,95,3.6,975.3,87.5,88.2,79.10436463356018,1,6,8
2025-08-03 02:00:00,26.6,96,3.0,975.3,94.1,94.8,55.33070858319601,2,6,8
2025-08-03 03:00:00,26.4,97,2.5,974.9,97.3,98.0,56.601364612579346,3,6,8
2025-08-03 04:00:00,26.4,97,2.3,975.1,97.8,98.7,54.93505199750265,4,6,8
2025-08-03 05:00:00,26.4,97,4.6,975.7,99.0,99.0,60.374708096186325,5,6,8
2025-08-03 06:00:00,27.7,95,5.8,975.6,95.5,97.1,60.40444779396057,6,6,8
2025-08-03 07:00:00,28.5,93,3.8,976.0,91.5,94.8,56.83665953693968,7,6,8
2025-08-03 08:00:00,30.2,86,2.2,976.7,75.2,88.5,30.529587202601963,8,6,8
2025-08-03 09:00:00,31.5,80,0.9,976.8,59.8,82.0,32.32425010204315,9,6,8
2025-08-03 10:00:00,32.2,77,1.9,976.9,54.1,78.7,35.018958218892415,10,6,8
2025-08-03 11:00:00,32.4,75,2.1,977.1,54.1,86.8,41.16881945398119,11,6,8
2025-08-03 12:00:00,31.6,78,7.0,977.0,57.7,98.7,44.608166668150155,12,6,8
2025-08-03 13:00:00,33.0,72,4.7,976.1,62.2,116.2,46.883201360702515,13,6,8
2025-08-03 14:00:00,33.8,66,4.9,975.5,64.0,130.4,47.67847214804755,14,6,8
2025-08-03 15:00:00,34.1,65,5.1,974.6,60.8,128.1,48.073590172661675,15,6,8
2025-08-03 16:00:00,34.3,65,4.5,974.1,59.4,130.4,46.65275684992472,16,6,8
2025-08-03 17:00:00,33.1,69,3.7,974.1,62.2,150.9,59.57737493515015,17,6,8
2025-08-03 18:00:00,33.4,70,3.6,974.7,63.6,139.7,70.53892010197495,18,6,8
2025-08-03 19:00:00,31.5,76,4.8,975.2,75.2,142.5,68.87499978807237,19,6,8
2025-08-03 20:00:00,29.6,81,7.1,975.6,86.4,147.1,60.858527501424156,20,6,8
2025-08-03 21:00:00,28.8,83,6.6,976.1,82.2,128.5,55.04739369286432,21,6,8
2025-08-03 22:00:00,28.3,85,6.6,976.6,74.3,103.1,52.49753615061442,22,6,8
2025-08-03 23:00:00,28.1,86,5.6,976.9,64.3,82.0,56.05603451199001,23,6,8
2025-08-04 00:00:00,27.8,88,4.6,977.0,58.1,70.3,66.6665767563714,0,0,8
2025-08-04 01:00:00,27.6,89,3.9,976.3,53.8,63.8,53.203314993116585,1,0,8
2025-08-04 02:00:00,27.5,89,4.4,976.1,45.3,54.6,42.4701584815979,2,0,8
2025-08-04 03:00:00,27.2,90,4.2,976.3,39.6,47.8,34.51087503144235,3,0,8
2025-08-04 04:00:00,26.1,91,11.1,976.6,38.8,48.4,25.71579987208049,4,0,8
2025-08-04 05:00:00,25.7,92,8.1,976.8,37.6,48.7,23.50253332455953,5,0,8
2025-08-04 06:00:00,27.6,92,5.6,976.2,35.6,48.2,24.027674953865283,6,0,8
2025-08-04 07:00:00,29.1,88,3.9,976.9,36.8,52.7,22.69762503306071,7,0,8
2025-08-04 08:00:00,30.3,81,5.8,977.2,39.3,57.4,22.955852699279784,8,0,8
2025-08-04 09:00:00,30.4,82,8.3,977.7,39.6,65.0,23.07927498817444,9,0,8
2025-08-04 10:00:00,31.2,79,8.6,978.0,41.0,86.8,25.9178583463033,10,0,8
2025-08-04 11:00:00,32.4,75,5.7,977.7,49.1,131.8,27.804233296712237,11,0,8
2025-08-04 12:00:00,33.5,68,4.5,977.2,58.0,168.1,28.923449834187824,12,0,8
2025-08-04 13:00:00,34.4,64,4.7,976.5,61.7,177.0,30.222016684214275,13,0,8
2025-08-04 14:00:00,35.0,61,6.0,975.9,61.5,170.4,34.0261500676473,14,0,8
2025-08-04 15:00:00,35.2,57,8.0,975.1,59.8,162.1,39.59949522654215,15,0,8
2025-08-04 16:00:00,34.7,58,8.5,974.6,59.0,155.1,43.9040417989095,16,0,8
2025-08-04 17:00:00,34.1,63,7.0,974.3,43.4,93.8,43.58221702575683,17,0,8
2025-08-04 18:00:00,33.4,66,5.9,975.1,46.2,91.5,48.31792692820231,18,0,8
2025-08-04 19:00:00,31.5,71,8.0,975.3,53.8,93.6,47.54072795058742,19,0,8
2025-08-04 20:00:00,30.7,72,6.7,975.3,62.6,98.3,40.377499898274735,20,0,8
2025-08-04 21:00:00,30.1,74,6.1,976.2,53.9,73.1,39.09212481180827,21,0,8
2025-08-04 22:00:00,29.4,78,5.6,976.5,51.2,67.3,36.69976654052734,22,0,8
2025-08-04 23:00:00,28.8,83,4.5,976.8,50.2,65.0,41.31941687266031,23,0,8
2025-08-05 00:00:00,28.3,84,5.1,976.7,48.3,63.6,41.95058339436849,0,1,8
2025-08-05 01:00:00,27.7,88,6.8,976.4,45.2,61.9,42.365033340454104,1,1,8
2025-08-05 02:00:00,27.4,90,5.6,975.8,43.2,62.6,40.66527500152588,2,1,8
2025-08-05 03:00:00,27.1,90,8.9,976.0,40.6,57.4,32.50413319269816,3,1,8
2025-08-05 04:00:00,26.7,92,11.0,976.2,36.3,51.8,21.82403326034546,4,1,8
2025-08-05 05:00:00,26.1,92,11.1,976.7,35.2,47.0,22.03555548985799,5,1,8
2025-08-05 06:00:00,27.6,88,5.3,975.2,34.6,53.6,23.35676390329997,6,1,8
2025-08-05 07:00:00,28.3,88,5.0,975.8,34.9,60.1,24.4437749226888,7,1,8
2025-08-05 08:00:00,29.7,82,4.5,976.6,40.2,85.4,27.79930845896403,8,1,8
2025-08-05 09:00:00,31.2,75,4.6,977.1,48.8,129.5,30.546484883626306,9,1,8
2025-08-05 10:00:00,32.3,72,4.8,977.5,58.8,175.1,30.09945825735728,10,1,8
2025-08-05 11:00:00,33.2,68,5.1,977.2,66.4,203.0,25.42235008875529,11,1,8
2025-08-05 12:00:00,33.5,66,5.8,976.9,64.7,188.1,24.203322887420654,12,1,8
2025-08-05 13:00:00,34.0,65,6.3,976.1,61.7,174.6,26.23556939760844,13,1,8
2025-08-05 14:00:00,34.2,64,6.7,975.6,56.3,157.4,31.700145840644836,14,1,8
2025-08-05 15:00:00,32.9,67,7.3,975.4,55.4,156.9,32.37222909927368,15,1,8
2025-08-05 16:00:00,30.7,75,9.6,975.2,55.3,160.2,31.96881262461344,16,1,8
2025-08-05 17:00:00,29.3,83,11.3,975.6,51.0,147.6,29.43897920846939,17,1,8
2025-08-05 18:00:00,32.7,66,6.0,975.3,54.4,143.0,13.85854156812032,18,1,8
2025-08-05 19:00:00,30.9,74,5.5,975.4,57.9,133.6,18.949749886989594,19,1,8
2025-08-05 20:00:00,30.3,77,4.4,975.9,57.9,117.8,14.488270940879982,20,1,8
2025-08-05 21:00:00,29.5,79,8.6,976.7,54.6,101.5,9.676208307345707,21,1,8
2025-08-05 22:00:00,27.9,89,14.1,977.5,52.0,91.3,7.32417702799042,22,1,8
2025-08-05 23:00:00,26.4,90,12.7,978.0,49.4,82.4,9.160010434687138,23,1,8
2025-08-06 00:00:00,25.9,90,11.8,978.2,47.1,78.5,8.512583300471306,0,2,8
2025-08-06 01:00:00,25.6,90,11.8,977.2,46.4,83.1,15.913925030827523,1,2,8
2025-08-06 02:00:00,25.5,91,10.6,977.0,47.4,96.2,23.58152081569036,2,2,8
2025-08-06 03:00:00,25.3,91,10.8,977.3,46.1,99.7,28.249572912851967,3,2,8
2025-08-06 04:00:00,25.0,91,9.9,977.7,40.3,82.0,36.94873249530792,4,2,8
2025-08-06 05:00:00,24.8,92,10.8,978.3,44.6,56.2,33.62143735090891,5,2,8
2025-08-06 06:00:00,25.9,90,10.0,977.4,44.9,62.4,31.615172863006592,6,2,8
2025-08-06 07:00:00,26.5,88,7.9,977.9,42.7,65.0,27.510355631510418,7,2,8
2025-08-06 08:00:00,28.0,85,8.4,978.2,42.1,83.4,24.966908359527586,8,2,8
2025-08-06 09:00:00,29.6,81,6.5,978.7,51.3,126.2,24.91797491709391,9,2,8
2025-08-06 10:00:00,30.9,75,4.5,978.9,64.7,190.5,26.211891714731856,10,2,8
2025-08-06 11:00:00,31.8,70,2.7,979.0,70.3,213.7,28.745800081888838,11,2,8
2025-08-06 12:00:00,32.5,69,2.6,978.7,66.1,186.7,28.65327501296997,12,2,8
2025-08-06 13:00:00,33.2,67,1.8,978.1,61.5,164.8,28.17153326670329,13,2,8
2025-08-06 14:00:00,33.7,64,1.8,977.0,57.3,149.9,29.64214986165365,14,2,8
2025-08-06 15:00:00,33.8,62,1.9,976.5,57.2,150.9,38.335458246866864,15,2,8
2025-08-06 16:00:00,33.7,63,2.6,976.1,54.9,146.2,35.73449999491374,16,2,8
2025-08-06 17:00:00,33.2,62,1.1,975.7,70.1,232.4,43.366258430480954,17,2,8
2025-08-06 18:00:00,32.3,72,0.7,976.7,72.4,217.0,53.614997227986656,18,2,8
2025-08-06 19:00:00,29.6,77,15.1,977.4,76.6,186.7,46.690716425577804,19,2,8
2025-08-06 20:00:00,26.9,87,8.1,977.4,77.3,173.7,44.498499605390755,20,2,8
2025-08-06 21:00:00,26.7,90,5.8,977.5,82.7,173.2,46.80780537923177,21,2,8
2025-08-06 22:00:00,26.9,88,5.6,977.4,85.9,163.9,49.29595836003622,22,2,8
2025-08-06 23:00:00,26.7,88,5.7,977.6,83.4,144.8,47.64250034756131,23,2,8
2025-08-07 00:00:00,26.4,89,5.0,977.4,81.5,134.1,55.3330557876163,0,3,8
2025-08-07 01:00:00,26.1,91,3.8,977.2,81.5,129.9,45.51231927341885,1,3,8
2025-08-07 02:00:00,25.8,92,2.7,976.9,81.5,126.7,41.39244434568617,2,3,8
2025-08-07 03:00:00,25.6,93,5.1,976.8,80.6,123.4,43.349104139539925,3,3,8
2025-08-07 04:00:00,25.4,95,5.8,977.1,77.3,116.9,51.544710424211296,4,3,8
2025-08-07 05:00:00,25.6,96,5.7,977.4,72.9,112.9,50.35159020953708,5,3,8
2025-08-07 06:00:00,27.4,87,11.2,978.2,69.2,109.4,47.281141662597655,6,3,8
2025-08-07 07:00:00,26.2,89,8.8,978.1,68.7,111.3,52.49019463857015,7,3,8
2025-08-07 08:00:00,27.7,85,6.1,978.3,70.5,122.0,45.69608529408773,8,3,8
2025-08-07 09:00:00,29.5,81,7.6,978.6,67.8,137.4,37.912091700236004,9,3,8
2025-08-07 10:00:00,30.8,76,6.8,978.6,65.2,150.9,30.27231388092041,10,3,8
2025-08-07 11:00:00,32.2,70,3.9,978.3,68.5,188.6,28.62036663691203,11,3,8
2025-08-07 12:00:00,33.4,63,1.3,977.7,70.1,204.4,30.59247847874959,12,3,8
2025-08-07 13:00:00,34.1,59,2.3,977.0,69.2,204.4,38.73904446950034,13,3,8
2025-08-07 14:00:00,34.5,57,3.7,976.2,66.8,197.4,45.655377397633565,14,3,8
2025-08-07 15:00:00,34.7,56,6.2,975.2,64.7,190.9,47.94841194152832,15,3,8
2025-08-07 16:00:00,34.6,57,7.4,974.6,62.4,183.9,46.01150671641032,16,3,8
2025-08-07 17:00:00,34.2,57,7.1,974.2,43.2,104.1,45.37754858864678,17,3,8
2025-08-07 18:00:00,31.7,71,6.1,975.5,44.2,90.3,43.27768066194323,18,3,8
2025-08-07 19:00:00,30.2,79,4.9,975.4,60.1,99.7,46.31977081298828,19,3,8
2025-08-07 20:00:00,29.7,82,3.4,975.2,70.1,106.4,47.88766680823432,20,3,8
2025-08-07 21:00:00,29.3,84,4.3,975.6,67.8,100.1,52.166388829549156,21,3,8
2025-08-07 22:00:00,29.0,85,5.5,976.0,65.0,99.9,49.713396072387695,22,3,8
2025-08-07 23:00:00,28.6,88,3.9,976.2,62.4,104.5,51.63764582739936,23,3,8
2025-08-08 00:00:00,28.3,89,3.1,976.1,61.7,110.6,60.27939579221937,0,4,8
2025-08-08 01:00:00,27.9,90,3.3,976.1,63.6,116.4,57.57142400741577,1,4,8
2025-08-08 02:00:00,27.7,91,3.3,975.9,65.4,119.7,53.00617355770535,2,4,8
2025-08-08 03:00:00,27.6,91,4.8,975.8,66.6,122.0,43.04030553499857,3,4,8
2025-08-08 04:00:00,26.9,92,12.1,976.5,67.3,124.3,33.96372922261556,4,4,8
2025-08-08 05:00:00,26.6,89,6.4,976.2,75.9,124.3,30.404152764214405,5,4,8
2025-08-08 06:00:00,27.0,93,6.4,975.6,76.6,126.7,30.54807390107049,6,4,8
2025-08-08 07:00:00,28.1,91,6.8,976.5,78.9,128.1,28.41275231043498,7,4,8
2025-08-08 08:00:00,30.5,79,3.7,976.8,78.2,150.4,28.441847324371338,8,4,8
2025-08-08 09:00:00,32.2,70,4.5,977.6,71.7,158.3,28.158305459552338,9,4,8
2025-08-08 10:00:00,33.4,64,3.6,978.0,59.8,133.6,29.833541764153377,10,4,8
2025-08-08 11:00:00,34.3,61,3.2,977.7,45.9,102.2,32.900173823038735,11,4,8
2025-08-08 12:00:00,34.9,59,2.7,977.7,44.8,92.9,29.091256909900242,12,4,8
2025-08-08 13:00:00,35.3,58,4.3,977.2,40.9,82.0,36.59997916221619,13,4,8
2025-08-08 14:00:00,35.7,55,5.9,976.9,39.0,77.1,46.35746539963616,14,4,8
2025-08-08 15:00:00,36.1,51,6.0,976.4,37.3,74.5,44.649243089887825,15,4,8
2025-08-08 16:00:00,35.4,52,9.6,976.4,36.0,76.1,45.61368523703681,16,4,8
2025-08-08 17:00:00,34.7,55,6.7,976.5,27.8,63.8,48.236657566494415,17,4,8
2025-08-08 18:00:00,33.3,63,7.9,977.5,30.7,66.1,51.77752791510688,18,4,8
2025-08-08 19:00:00,31.9,67,6.7,977.9,39.7,70.1,51.182354079352486,19,4,8
2025-08-08 20:00:00,31.6,72,3.3,978.6,43.9,71.5,52.28031253814697,20,4,8
2025-08-08 21:00:00,30.1,73,10.2,979.6,46.2,73.3,50.35900693469577,21,4,8
2025-08-08 22:00:00,28.8,77,10.3,979.7,49.1,75.0,47.7632220586141,22,4,8
2025-08-08 23:00:00,28.2,80,6.9,979.7,50.9,75.7,45.38490295410156,23,4,8
2025-08-09 00:00:00,28.1,81,5.7,979.6,51.5,75.2,45.507901025196865,0,5,8
2025-08-09 01:00:00,28.0,82,6.0,979.6,51.8,73.1,53.49229849709405,1,5,8
2025-08-09 02:00:00,27.8,83,6.0,979.3,52.2,72.2,59.45734691619873,2,5,8
2025-08-09 03:00:00,27.5,84,9.0,979.0,52.7,73.3,50.9304953681098,3,5,8
2025-08-09 04:00:00,27.0,87,8.7,979.7,53.8,84.5,46.66751835081312,4,5,8
2025-08-09 05:00:00,26.7,87,10.8,980.8,55.8,85.2,43.57329856024848,5,5,8
2025-08-09 06:00:00,27.0,88,3.5,979.8,57.7,94.8,41.01939344406128,6,5,8
2025-08-09 07:00:00,27.7,89,8.5,980.4,62.2,115.0,39.77886751395504,7,5,8
2025-08-09 08:00:00,28.9,84,7.0,980.9,65.4,144.8,37.9789000919887,8,5,8
2025-08-09 09:00:00,30.7,77,7.8,981.2,65.7,163.0,31.709807554880776,9,5,8
2025-08-09 10:00:00,32.3,71,7.7,981.2,67.5,177.9,26.232170017229187,10,5,8
2025-08-09 11:00:00,33.3,67,7.6,981.3,67.1,191.9,44.004023665473575,11,5,8
2025-08-09 12:00:00,34.0,65,6.9,981.0,64.3,199.3,50.07856555212112,12,5,8
2025-08-09 13:00:00,34.5,61,4.9,980.1,67.8,212.3,60.15075009209769,13,5,8
2025-08-09 14:00:00,34.8,60,3.7,979.5,60.8,187.2,73.27495193481445,14,5,8
2025-08-09 15:00:00,34.6,60,3.6,978.4,58.1,177.9,76.38708087169763,15,5,8
2025-08-09 16:00:00,31.2,75,2.6,978.2,55.6,168.6,69.66953522818429,16,5,8
2025-08-09 17:00:00,30.7,77,3.1,977.9,55.1,152.3,68.914821715582,17,5,8
2025-08-09 18:00:00,31.4,71,2.2,979.3,55.8,149.5,66.89238384791783,18,5,8
2025-08-09 19:00:00,30.2,80,3.2,979.0,63.3,136.9,50.67051616065947,19,5,8
2025-08-09 20:00:00,29.5,84,3.6,979.0,71.5,136.0,41.2639700571696,20,5,8
2025-08-09 21:00:00,29.0,86,2.7,979.2,75.4,130.9,41.26491108394805,21,5,8
2025-08-09 22:00:00,28.6,88,2.3,979.0,76.1,124.8,45.79335121881394,22,5,8
2025-08-09 23:00:00,28.5,86,2.7,978.9,76.6,121.5,47.545958518981934,23,5,8
2025-08-10 00:00:00,28.1,87,3.6,978.8,76.4,120.6,46.01923231851487,0,6,8
2025-08-10 01:00:00,27.9,89,3.5,978.4,76.6,120.1,34.89417064757574,1,6,8
2025-08-10 02:00:00,27.7,90,3.5,978.6,76.6,117.6,33.95548621813456,2,6,8
2025-08-10 03:00:00,27.6,90,3.6,978.8,75.9,113.9,33.357020828459,3,6,8
2025-08-10 04:00:00,27.5,91,3.9,979.2,75.4,112.0,31.746539327833386,4,6,8
2025-08-10 05:00:00,27.2,92,3.1,979.5,58.6,116.2,29.20405313703749,5,6,8
2025-08-10 06:00:00,28.5,89,5.2,978.9,55.8,108.3,28.995009236865574,6,6,8
2025-08-10 07:00:00,29.2,86,2.6,979.2,54.7,114.6,27.173418919245403,7,6,8
2025-08-10 08:00:00,30.6,80,2.7,979.6,54.1,126.2,29.872666772206625,8,6,8
2025-08-10 09:00:00,32.1,72,2.2,979.9,51.1,139.2,31.232388791583837,9,6,8
2025-08-10 10:00:00,33.1,66,2.9,979.9,45.3,127.1,35.85756538027809,10,6,8
2025-08-10 11:00:00,33.9,63,1.6,979.8,42.3,113.4,38.77564886638096,11,6,8
2025-08-10 12:00:00,34.6,60,1.6,979.1,42.1,107.3,35.54853963851929,12,6,8
2025-08-10 13:00:00,35.1,57,3.2,978.1,44.5,107.8,40.97791508914662,13,6,8
2025-08-10 14:00:00,35.4,54,3.4,977.3,43.2,100.1,46.261593205588206,14,6,8
2025-08-10 15:00:00,35.8,52,4.6,976.6,43.3,98.5,56.723291624160034,15,6,8
2025-08-10 16:00:00,34.9,54,4.2,976.0,43.7,97.6,64.74062856038412,16,6,8
2025-08-10 17:00:00,33.4,58,5.2,975.7,43.9,96.9,69.082672391619,17,6,8
2025-08-10 18:00:00,33.8,64,2.9,976.5,45.2,97.8,83.27764819917225,18,6,8
2025-08-10 19:00:00,33.0,67,1.5,976.7,52.2,95.7,67.72101184300014,19,6,8
2025-08-10 20:00:00,32.2,70,1.3,976.9,65.0,112.5,61.682208288283576,20,6,8
2025-08-10 21:00:00,31.3,74,2.7,977.3,76.1,125.3,74.71205924806141,21,6,8
2025-08-10 22:00:00,30.5,77,3.2,977.4,79.6,124.3,68.48608343941825,22,6,8
2025-08-10 23:00:00,30.0,80,3.2,977.5,74.5,113.2,57.98943437848772,23,6,8
2025-08-11 00:00:00,29.5,82,3.3,977.5,68.9,105.7,56.781940505618145,0,0,8
2025-08-11 01:00:00,29.2,83,3.1,977.5,65.7,103.8,69.13348207019624,1,0,8
2025-08-11 02:00:00,29.0,84,2.6,977.3,62.2,102.2,71.415295510065,2,0,8
2025-08-11 03:00:00,28.6,84,2.9,977.1,59.1,102.0,62.272047587803435,3,0,8
2025-08-11 04:00:00,28.3,86,3.9,977.3,57.0,105.0,59.07075214385986,4,0,8
2025-08-11 05:00:00,28.0,87,3.1,977.4,56.1,118.7,46.85087494623093,5,0,8
2025-08-11 06:00:00,29.1,87,4.3,976.7,58.1,118.5,34.34776188749255,6,0,8
2025-08-11 07:00:00,30.1,84,3.8,976.9,58.7,117.1,26.739277720451355,7,0,8
2025-08-11 08:00:00,31.8,73,4.9,977.4,58.3,126.7,27.542045108477275,8,0,8
2025-08-11 09:00:00,33.3,65,5.2,977.6,57.7,136.4,29.048847568035125,9,0,8
2025-08-11 10:00:00,34.8,57,5.5,977.6,57.0,141.6,27.82980210582415,10,0,8
2025-08-11 11:00:00,35.9,48,7.0,977.4,52.6,135.5,24.511154572168984,11,0,8
2025-08-11 12:00:00,36.6,46,7.0,976.8,44.5,115.0,23.402572949727375,12,0,8
2025-08-11 13:00:00,37.2,45,7.9,975.9,38.8,98.3,30.399562398592632,13,0,8
2025-08-11 14:00:00,37.4,45,9.8,975.0,35.0,85.0,34.585907465881775,14,0,8
2025-08-11 15:00:00,37.2,45,10.8,974.2,33.4,74.0,38.33419828162049,15,0,8
2025-08-11 16:00:00,36.3,48,9.6,973.5,31.7,63.3,38.18542369206747,16,0,8
2025-08-11 17:00:00,35.1,52,10.2,973.4,28.9,57.4,38.236635545889534,17,0,8
2025-08-11 18:00:00,34.0,59,9.8,974.8,29.9,64.0,39.74208164215088,18,0,8
2025-08-11 19:00:00,32.8,65,8.4,974.8,34.1,72.9,37.317525923252106,19,0,8
2025-08-11 20:00:00,32.0,69,8.8,975.2,37.4,92.9,37.90133327245712,20,0,8
2025-08-11 21:00:00,31.5,72,6.2,975.5,41.3,112.5,37.75552078088125,21,0,8
2025-08-11 22:00:00,31.1,71,7.2,975.4,43.7,122.0,36.86205212275188,22,0,8
2025-08-11 23:00:00,30.7,71,8.1,975.5,45.3,122.5,38.86248970031738,23,0,8
2025-08-12 00:00:00,30.3,72,8.0,975.3,46.1,116.4,38.49065609773,0,1,8
2025-08-12 01:00:00,29.9,74,5.7,975.2,45.3,105.2,37.893317659695946,1,1,8
2025-08-12 02:00:00,29.6,75,5.2,974.7,42.7,91.7,40.69475873311361,2,1,8
2025-08-12 03:00:00,29.3,76,6.7,974.7,39.5,79.2,39.90427084763845,3,1,8
2025-08-12 04:00:00,29.0,77,8.5,975.0,36.7,70.5,42.76962478955587,4,1,8
2025-08-12 05:00:00,28.5,78,8.0,975.2,35.0,48.7,45.31074980894724,5,1,8
2025-08-12 06:00:00,28.5,80,13.4,975.9,35.7,55.6,45.59165279070537,6,1,8
2025-08-12 07:00:00,27.4,90,7.5,976.9,39.8,68.7,43.18831578890482,7,1,8
2025-08-12 08:00:00,27.1,94,9.4,977.4,45.5,97.1,47.641279657681785,8,1,8
2025-08-12 09:00:00,27.3,94,9.3,978.0,53.7,136.4,51.82482294241587,9,1,8
2025-08-12 10:00:00,27.3,95,9.5,978.4,64.0,195.1,57.80325345198314,10,1,8
2025-08-12 11:00:00,27.6,95,7.6,978.0,71.7,234.7,53.72464597225189,11,1,8
2025-08-12 12:00:00,27.8,94,7.7,977.9,72.9,246.8,47.37135601043701,12,1,8
2025-08-12 13:00:00,28.0,90,5.1,977.4,69.6,232.4,49.384953022003174,13,1,8
2025-08-12 14:00:00,28.8,84,3.5,976.4,70.3,230.0,48.209418535232544,14,1,8
2025-08-12 15:00:00,29.3,80,1.5,975.5,65.0,213.3,48.95103669166565,15,1,8
2025-08-12 16:00:00,30.0,76,0.5,974.7,67.1,220.3,44.993728955586754,16,1,8
2025-08-12 17:00:00,30.1,74,0.8,974.4,54.2,156.0,46.4205105304718,17,1,8
2025-08-12 18:00:00,29.9,78,4.5,975.8,49.6,141.6,46.949760476748146,18,1,8
2025-08-12 19:00:00,29.1,84,5.2,975.5,47.6,131.8,44.88304694493612,19,1,8
2025-08-12 20:00:00,28.5,87,4.9,975.5,46.6,125.7,44.11137501398722,20,1,8
2025-08-12 21:00:00,28.0,90,3.4,975.8,46.9,118.0,44.31194253762563,21,1,8
2025-08-12 22:00:00,27.7,90,4.0,975.9,48.4,113.4,45.45730725924174,22,1,8
2025-08-12 23:00:00,27.6,90,5.2,975.8,50.1,110.4,46.90881232420603,23,1,8
2025-08-13 00:00:00,27.4,91,5.6,975.8,52.0,107.6,47.05143757661184,0,2,8
2025-08-13 01:00:00,27.3,92,4.3,975.6,53.9,108.7,48.34627083937327,1,2,8
2025-08-13 02:00:00,27.2,93,5.0,975.3,54.7,111.1,49.27282305558523,2,2,8
2025-08-13 03:00:00,27.0,94,4.7,975.1,55.1,110.8,47.53664573033651,3,2,8
2025-08-13 04:00:00,26.8,94,4.0,975.2,55.1,112.7,47.0196336110433,4,2,8
2025-08-13 05:00:00,26.6,95,4.8,975.2,56.5,98.0,47.483748277028404,5,2,8
2025-08-13 06:00:00,27.6,90,5.1,975.8,59.3,111.3,45.633911262858994,6,2,8
2025-08-13 07:00:00,28.5,88,5.1,976.3,62.6,125.7,43.168628454208374,7,2,8
2025-08-13 08:00:00,29.9,83,5.0,976.4,63.8,137.4,37.052062551180526,8,2,8
2025-08-13 09:00:00,31.3,77,4.6,976.7,62.9,142.5,37.85397026936213,9,2,8
2025-08-13 10:00:00,32.8,67,3.8,976.6,60.1,141.6,42.046536445617676,10,2,8
2025-08-13 11:00:00,33.8,61,2.4,976.3,56.8,142.0,41.877610338456705,11,2,8
2025-08-13 12:00:00,34.7,57,1.6,975.6,55.9,142.5,35.427458226680756,12,2,8
2025-08-13 13:00:00,35.1,55,1.9,974.9,54.4,138.3,38.13162843386332,13,2,8
2025-08-13 14:00:00,35.4,53,4.3,974.1,52.0,131.3,43.36405032873154,14,2,8
2025-08-13 15:00:00,35.6,53,4.8,973.5,49.9,127.6,43.02663544813792,15,2,8
2025-08-13 16:00:00,35.1,55,5.8,973.0,49.9,129.0,42.496484319368996,16,2,8
2025-08-13 17:00:00,34.5,57,5.6,972.8,48.4,124.8,46.1232655843099,17,2,8
2025-08-13 18:00:00,33.6,64,4.3,974.6,50.6,120.1,52.8610520362854,18,2,8
2025-08-13 19:00:00,32.2,69,4.9,974.9,58.0,110.1,52.335114320119224,19,2,8
2025-08-13 20:00:00,31.3,71,4.9,975.3,63.6,108.3,48.82974982261658,20,2,8
2025-08-13 21:00:00,30.5,76,3.9,976.1,68.2,109.0,48.75195833047231,21,2,8
2025-08-13 22:00:00,29.9,80,4.1,976.4,71.9,109.4,49.42448433240255,22,2,8
2025-08-13 23:00:00,29.5,83,3.4,976.9,74.3,111.1,53.731453140576676,23,2,8
2025-08-14 00:00:00,29.1,84,3.2,976.7,74.5,109.4,49.989040385593064,0,3,8
2025-08-14 01:00:00,29.1,83,3.8,976.6,73.6,115.7,50.49078571228755,1,3,8
2025-08-14 02:00:00,29.1,82,4.1,976.5,72.6,121.1,48.68329680363337,2,3,8
2025-08-14 03:00:00,28.9,82,5.4,976.4,70.8,125.7,37.494345210847406,3,3,8
2025-08-14 04:00:00,28.9,81,4.2,976.8,67.3,133.6,37.60628655570926,4,3,8
2025-08-14 05:00:00,28.8,78,6.0,976.9,45.5,100.8,36.82113707065582,5,3,8
2025-08-14 06:00:00,29.5,86,7.4,977.3,40.5,92.7,35.12861104806264,6,3,8
2025-08-14 07:00:00,29.5,85,10.7,978.1,36.4,93.4,34.052124996980034,7,3,8
2025-08-14 08:00:00,29.0,85,12.8,978.9,36.2,93.1,34.837642113367714,8,3,8
2025-08-14 09:00:00,27.9,94,12.0,979.5,36.7,90.1,39.09608326355616,9,3,8
2025-08-14 10:00:00,27.2,94,10.6,979.8,36.1,89.9,41.727330009142555,10,3,8
2025-08-14 11:00:00,26.6,95,9.8,980.0,34.9,89.9,46.13517189025879,11,3,8
2025-08-14 12:00:00,27.0,94,8.9,979.9,29.6,62.9,51.31710942586263,12,3,8
2025-08-14 13:00:00,27.2,94,8.7,979.5,27.4,40.5,48.96699837843577,13,3,8
2025-08-14 14:00:00,27.4,91,4.8,979.0,28.6,35.9,47.006327986717224,14,3,8
2025-08-14 15:00:00,28.3,86,5.4,978.4,31.1,36.4,48.54979685942332,15,3,8
2025-08-14 16:00:00,28.7,82,3.1,978.1,34.2,38.5,43.48678813378016,16,3,8
2025-08-14 17:00:00,28.9,80,4.8,977.8,42.7,78.7,37.25259381532669,17,3,8
2025-08-14 18:00:00,28.9,84,3.6,978.9,46.6,72.4,37.778500179449715,18,3,8
2025-08-14 19:00:00,28.2,87,5.4,978.8,49.6,70.5,42.65068244934082,19,3,8
2025-08-14 20:00:00,27.9,89,6.8,979.1,54.5,72.2,43.84307301044464,20,3,8
2025-08-14 21:00:00,27.5,91,6.0,979.5,57.3,72.9,44.159369786580406,21,3,8
2025-08-14 22:00:00,27.1,93,4.1,979.4,61.7,77.1,44.42307297388712,22,3,8
2025-08-14 23:00:00,26.9,94,5.1,979.5,66.8,82.0,44.789145747820534,23,3,8
2025-08-15 00:00:00,26.7,94,3.3,979.4,68.5,83.6,44.84372385342916,0,4,8
2025-08-15 01:00:00,26.5,95,3.1,979.2,69.6,83.8,42.220510403315224,1,4,8
2025-08-15 02:00:00,26.4,95,4.3,979.1,70.3,84.1,41.9289843638738,2,4,8
2025-08-15 03:00:00,26.3,96,5.4,979.0,70.8,84.3,45.18169287840525,3,4,8
2025-08-15 04:00:00,26.1,96,6.5,979.0,71.9,85.2,44.082670291264854,4,4,8
2025-08-15 05:00:00,26.0,96,4.8,978.9,64.7,71.5,44.385111014048256,5,4,8
2025-08-15 06:00:00,26.9,97,5.4,979.2,60.3,66.6,50.76023284594218,6,4,8
2025-08-15 07:00:00,27.4,93,4.4,979.7,55.4,61.2,59.00095315774281,7,4,8
2025-08-15 08:00:00,28.1,89,3.9,979.8,48.5,53.8,64.76706749200821,8,4,8
2025-08-15 09:00:00,29.0,84,4.2,979.9,40.7,46.2,50.65991083780925,9,4,8
2025-08-15 10:00:00,30.0,77,3.3,979.8,37.0,43.5,49.34980948766072,10,4,8
2025-08-15 11:00:00,30.8,71,2.3,979.4,35.9,43.1,47.3305139541626,11,4,8
2025-08-15 12:00:00,31.3,69,1.9,978.8,34.5,43.3,47.78891658782959,12,4,8
2025-08-15 13:00:00,32.0,67,1.5,977.8,35.2,44.1,51.483839352925614,13,4,8
2025-08-15 14:00:00,32.6,66,1.5,976.6,36.6,44.8,59.10520839691162,14,4,8
2025-08-15 15:00:00,32.6,64,2.8,975.9,36.7,44.0,68.36959911528088,15,4,8
2025-08-15 16:00:00,32.2,66,4.1,975.1,34.6,40.6,67.82263115474156,16,4,8
2025-08-15 17:00:00,31.8,69,4.3,974.8,57.9,77.1,63.84238129570371,17,4,8
2025-08-15 18:00:00,30.6,73,4.0,975.8,59.8,76.1,56.0458037512643,18,4,8
2025-08-15 19:00:00,29.4,80,3.8,975.8,70.8,84.5,58.609119448310885,19,4,8
2025-08-15 20:00:00,28.8,84,3.6,976.1,75.4,87.3,60.50507767995199,20,4,8
2025-08-15 21:00:00,28.5,86,2.8,976.4,75.7,85.9,60.53046439942859,21,4,8
2025-08-15 22:00:00,28.1,88,2.7,976.7,75.7,84.8,60.19934540703183,22,4,8
2025-08-15 23:00:00,27.8,88,4.1,976.8,73.3,80.8,62.20215497698103,23,4,8
2025-08-16 00:00:00,27.5,89,4.5,976.9,68.7,74.7,69.36594059353783,0,5,8
2025-08-16 01:00:00,27.4,90,4.6,976.7,65.7,70.8,79.35288115910122,1,5,8
2025-08-16 02:00:00,27.2,91,4.6,976.7,63.8,68.0,73.59102385384696,2,5,8
2025-08-16 03:00:00,27.0,92,4.5,976.5,62.2,65.9,61.09797032674154,3,5,8
2025-08-16 04:00:00,26.9,92,4.8,976.7,61.5,64.7,48.74458530970982,4,5,8
2025-08-16 05:00:00,26.7,93,5.3,976.9,73.6,76.4,45.58431543622698,5,5,8
2025-08-16 06:00:00,28.1,93,4.3,976.6,72.4,74.5,42.88811304455711,6,5,8
2025-08-16 07:00:00,28.9,90,3.8,977.4,68.9,71.2,41.312972659156436,7,5,8
2025-08-16 08:00:00,29.7,80,5.8,977.7,56.8,59.5,40.20585146404448,8,5,8
2025-08-16 09:00:00,30.2,77,8.7,978.1,50.2,52.9,38.5748412722633,9,5,8
2025-08-16 10:00:00,31.1,76,7.8,977.9,47.0,52.7,36.99801206588745,10,5,8
2025-08-16 11:00:00,31.9,74,6.9,977.4,48.3,56.9,38.70444661095029,11,5,8
2025-08-16 12:00:00,32.6,70,6.0,976.7,49.8,60.1,41.38761879148937,12,5,8
2025-08-16 13:00:00,33.2,67,4.3,976.1,50.3,62.6,44.15262508392334,13,5,8
2025-08-16 14:00:00,33.3,67,3.9,975.1,51.0,62.9,50.404261952354794,14,5,8
2025-08-16 15:00:00,33.3,66,4.0,974.2,50.2,62.6,61.924354341295036,15,5,8
2025-08-16 16:00:00,33.1,67,4.1,973.4,49.0,61.0,70.30078071330017,16,5,8
2025-08-16 17:00:00,32.7,69,4.1,973.2,72.9,92.9,72.94491250174386,17,5,8
2025-08-16 18:00:00,31.8,75,5.2,974.0,77.3,90.6,71.69122636885871,18,5,8
2025-08-16 19:00:00,30.6,82,3.3,974.3,82.7,93.4,69.49822607494535,19,5,8
2025-08-16 20:00:00,30.1,83,4.4,974.9,84.1,92.4,73.33425580887567,20,5,8
2025-08-16 21:00:00,29.6,85,5.2,975.8,82.9,90.1,82.91213689531598,21,5,8
2025-08-16 22:00:00,29.1,86,5.7,976.4,81.0,86.8,80.35760098411923,22,5,8
2025-08-16 23:00:00,28.9,85,7.4,976.9,77.5,81.5,77.92013132004512,23,5,8
2025-08-17 00:00:00,28.6,86,9.1,976.9,71.5,74.7,81.78579103379023,0,6,8
2025-08-17 01:00:00,28.2,87,9.2,976.8,67.5,69.6,55.629755871636526,1,6,8
2025-08-17 02:00:00,27.9,89,8.1,976.8,63.1,65.0,17.137226090544747,2,6,8
2025-08-17 03:00:00,27.6,91,7.4,976.6,58.3,60.1,13.305252814292908,3,6,8
2025-08-17 04:00:00,27.2,93,7.0,977.2,55.8,57.3,17.926741679509483,4,6,8
2025-08-17 05:00:00,27.0,94,7.1,978.0,46.0,47.7,34.05381258328756,5,6,8
2025-08-17 06:00:00,26.6,92,13.3,977.6,47.4,49.6,43.22611675262451,6,6,8
2025-08-17 07:00:00,26.9,91,13.3,977.4,46.2,49.5,46.42776654561361,7,6,8
2025-08-17 08:00:00,28.0,87,11.8,978.0,28.9,31.5,48.55884138743083,8,6,8
2025-08-17 09:00:00,29.7,79,13.8,978.8,26.0,28.2,51.99906481636895,9,6,8
2025-08-17 10:00:00,30.6,75,12.0,978.9,27.7,30.2,60.32451629638672,10,6,8
2025-08-17 11:00:00,32.0,70,10.1,978.6,26.2,28.2,57.299187660217285,11,6,8
2025-08-17 12:00:00,32.9,68,8.5,978.0,28.6,31.1,52.16254157111758,12,6,8
2025-08-17 13:00:00,33.4,66,7.1,977.1,28.1,30.9,49.8706070582072,13,6,8
2025-08-17 14:00:00,33.8,65,5.4,976.5,28.6,31.8,56.036583310081845,14,6,8
2025-08-17 15:00:00,33.9,62,6.2,975.4,27.9,31.2,57.20677970704578,15,6,8
2025-08-17 16:00:00,34.0,62,5.1,975.1,27.4,30.6,54.36604745047433,16,6,8
2025-08-17 17:00:00,33.4,64,5.8,974.9,40.3,42.5,51.82463096437,17,6,8
2025-08-17 18:00:00,30.8,77,9.9,976.3,37.8,39.5,51.48483313454523,18,6,8
2025-08-17 19:00:00,29.6,83,7.8,976.8,38.2,41.1,48.979217741224495,19,6,8
2025-08-17 20:00:00,29.1,86,7.3,977.6,37.0,38.1,40.71784737375047,20,6,8
2025-08-17 21:00:00,28.6,88,7.6,978.5,36.9,37.5,36.071089131491526,21,6,8
2025-08-17 22:00:00,28.3,90,8.0,979.1,36.9,37.1,35.062595185779394,22,6,8
2025-08-17 23:00:00,28.0,91,8.2,979.7,37.4,37.5,33.32299189340501,23,6,8
2025-08-18 00:00:00,27.8,92,9.2,979.7,37.7,37.8,32.17835723786127,0,0,8
2025-08-18 01:00:00,27.6,92,8.0,979.1,38.8,38.8,33.452976090567454,1,0,8
2025-08-18 02:00:00,27.4,92,8.0,978.7,39.7,39.7,35.965178625924246,2,0,8
2025-08-18 03:00:00,27.2,92,7.0,978.9,40.7,40.7,37.85054965246291,3,0,8
2025-08-18 04:00:00,27.0,93,6.6,979.3,41.7,41.8,37.50024418603806,4,0,8
2025-08-18 05:00:00,26.9,93,7.9,979.8,48.1,48.1,40.88536911919004,5,0,8
2025-08-18 06:00:00,25.1,96,12.3,980.7,46.3,46.6,46.66999340057373,6,0,8
2025-08-18 07:00:00,24.7,95,10.6,980.7,47.6,48.2,47.482856035232544,7,0,8
2025-08-18 08:00:00,25.6,94,8.5,981.1,48.2,48.7,45.85532759175156,8,0,8
2025-08-18 09:00:00,26.8,87,13.4,981.7,45.4,46.0,42.62522385517756,9,0,8
2025-08-18 10:00:00,27.7,85,10.0,981.2,39.3,40.2,39.86461446682612,10,0,8
2025-08-18 11:00:00,29.2,79,11.2,981.3,34.1,34.9,40.028739492098495,11,0,8
2025-08-18 12:00:00,29.8,78,9.6,981.0,30.5,31.3,39.78272617430914,12,0,8
2025-08-18 13:00:00,29.7,81,8.8,980.0,28.2,28.7,43.6050892784482,13,0,8
2025-08-18 14:00:00,29.5,83,9.1,979.1,27.9,28.3,42.91981158937727,14,0,8
2025-08-18 15:00:00,29.6,83,7.6,978.4,27.6,28.1,45.62923413231259,15,0,8
2025-08-18 16:00:00,30.0,82,7.6,977.7,29.0,29.5,38.88767267408825,16,0,8
2025-08-18 17:00:00,29.9,82,8.0,977.1,49.8,52.6,37.96402972085135,17,0,8
2025-08-18 18:00:00,29.5,82,6.4,978.4,51.0,53.1,40.555761791410895,18,0,8
2025-08-18 19:00:00,28.8,86,5.5,978.0,54.1,55.9,37.472297486804784,19,0,8
2025-08-18 20:00:00,28.3,90,5.2,978.7,56.7,58.2,41.00843470437186,20,0,8
2025-08-18 21:00:00,28.0,92,5.6,979.6,60.8,62.2,44.547940345037546,21,0,8
2025-08-18 22:00:00,27.7,92,5.2,979.9,67.8,69.2,47.719589324224565,22,0,8
2025-08-18 23:00:00,27.6,92,6.8,980.1,71.2,72.6,38.2708036786034,23,0,8
2025-08-19 00:00:00,27.5,92,7.7,979.9,71.7,73.1,42.736642792111354,0,1,8
2025-08-19 01:00:00,27.2,93,7.5,979.4,70.3,71.5,53.046789623442145,1,1,8
2025-08-19 02:00:00,26.9,93,7.1,979.4,69.6,70.8,53.710714249383834,2,1,8
2025-08-19 03:00:00,26.7,92,6.9,978.9,70.3,71.7,37.25598605473836,3,1,8
2025-08-19 04:00:00,26.4,92,6.7,978.8,72.6,73.8,27.675365084693546,4,1,8
2025-08-19 05:00:00,26.3,92,6.0,979.3,65.2,65.9,30.09484118507022,5,1,8
2025-08-19 06:00:00,26.9,91,4.2,979.3,65.7,66.1,36.522873038337345,6,1,8
2025-08-19 07:00:00,27.7,90,4.1,979.3,66.4,67.1,51.93513693128313,7,1,8
2025-08-19 08:00:00,29.4,84,5.7,979.5,61.5,61.9,53.80000809673623,8,1,8
2025-08-19 09:00:00,31.0,75,7.1,979.9,53.3,53.9,47.916857333410356,9,1,8
2025-08-19 10:00:00,32.0,65,8.4,979.9,38.5,39.2,43.24881379016034,10,1,8
2025-08-19 11:00:00,32.4,63,8.1,979.9,32.4,34.7,39.88828561419532,11,1,8
2025-08-19 12:00:00,33.1,61,6.5,979.1,28.9,31.0,43.33024397350493,12,1,8
2025-08-19 13:00:00,33.5,59,5.9,978.3,27.5,29.5,50.3542024794079,13,1,8
2025-08-19 14:00:00,33.8,57,4.4,977.4,27.5,30.0,50.770273844401046,14,1,8
2025-08-19 15:00:00,34.1,55,4.4,976.6,27.5,29.9,47.816863196236746,15,1,8
2025-08-19 16:00:00,33.7,56,5.3,975.9,27.6,29.9,43.781958262125656,16,1,8
2025-08-19 17:00:00,33.1,59,5.2,975.3,34.1,36.9,48.00134156545003,17,1,8
2025-08-19 18:00:00,31.3,75,3.1,976.5,36.8,39.9,43.87219161987305,18,1,8
2025-08-19 19:00:00,30.5,81,2.8,976.6,48.5,51.7,45.481158351898195,19,1,8
2025-08-19 20:00:00,29.6,85,3.4,976.8,60.3,63.1,45.03816670463198,20,1,8
2025-08-19 21:00:00,28.9,87,4.6,977.6,55.8,58.1,30.68030793322694,21,1,8
2025-08-19 22:00:00,28.4,88,4.0,977.9,56.1,58.2,13.733702358124512,22,1,8
2025-08-19 23:00:00,28.1,88,4.7,978.1,59.8,61.9,16.95988097254719,23,1,8
2025-08-20 00:00:00,27.8,88,6.6,978.2,59.8,61.7,34.1197597242537,0,2,8
2025-08-20 01:00:00,27.7,88,6.3,978.3,59.1,60.8,40.42397214117504,1,2,8
2025-08-20 02:00:00,27.5,89,5.8,978.3,56.9,59.1,55.008160659245085,2,2,8
2025-08-20 03:00:00,27.1,92,4.4,978.2,55.6,60.8,37.225912684486026,3,2,8
2025-08-20 04:00:00,24.9,98,7.4,979.2,55.1,63.3,35.857382842472624,4,2,8
2025-08-20 05:00:00,25.3,94,5.1,978.2,39.3,58.6,25.92347023565145,5,2,8
2025-08-20 06:00:00,25.8,93,10.4,978.3,33.2,52.0,15.383210709008077,6,2,8
2025-08-20 07:00:00,26.0,92,5.2,979.0,27.2,44.7,7.870000024714197,7,2,8
2025-08-20 08:00:00,27.3,88,6.9,979.6,24.9,39.9,4.742309032628934,8,2,8
2025-08-20 09:00:00,28.6,81,11.2,979.8,22.2,35.6,5.387928744157155,9,2,8
2025-08-20 10:00:00,29.9,75,10.5,979.5,20.0,33.1,10.53810711976673,10,2,8
2025-08-20 11:00:00,31.0,70,10.1,979.4,21.7,34.0,7.285821363595979,11,2,8
2025-08-20 12:00:00,31.7,65,8.4,978.5,23.1,34.5,8.041974171641327,12,2,8
2025-08-20 13:00:00,32.1,63,7.8,977.8,23.2,32.9,25.66385112206141,13,2,8
2025-08-20 14:00:00,32.2,65,6.5,976.8,23.4,33.1,35.412713743391485,14,2,8
2025-08-20 15:00:00,32.4,65,6.8,975.9,23.1,31.5,37.50711693082537,15,2,8
2025-08-20 16:00:00,31.5,70,7.5,975.2,23.3,31.2,32.68777172906058,16,2,8
2025-08-20 17:00:00,30.8,75,7.1,974.6,27.1,38.1,30.325740042186915,17,2,8
2025-08-20 18:00:00,28.7,79,4.9,976.3,28.3,36.2,37.961994148436055,18,2,8
2025-08-20 19:00:00,27.9,85,3.6,976.0,35.5,40.6,47.345967610677086,19,2,8
2025-08-20 20:00:00,27.4,88,3.8,976.7,43.0,47.0,49.18807784716288,20,2,8
2025-08-20 21:00:00,26.9,90,3.8,977.9,49.4,52.6,44.27718340782892,21,2,8
2025-08-20 22:00:00,26.5,92,3.6,978.2,58.8,61.5,57.36700717608134,22,2,8
2025-08-20 23:00:00,26.2,93,3.6,978.9,65.4,67.3,46.47842359542847,23,2,8
2025-08-21 00:00:00,26.0,93,4.0,979.2,64.3,65.7,58.02210041681925,0,3,8
2025-08-21 01:00:00,25.8,93,3.8,979.4,62.6,63.3,60.465708351135255,1,3,8
2025-08-21 02:00:00,25.8,92,4.9,979.3,61.0,61.5,40.827874994277956,2,3,8
2025-08-21 03:00:00,25.6,93,5.7,979.1,58.7,58.8,34.37094906965891,3,3,8
2025-08-21 04:00:00,25.5,94,5.7,979.1,55.8,55.9,39.64213641484579,4,3,8
2025-08-21 05:00:00,25.4,94,6.3,979.0,44.9,44.9,32.84816884994507,5,3,8
2025-08-21 06:00:00,26.1,92,5.5,979.3,44.1,44.1,32.72605945950463,6,3,8
2025-08-21 07:00:00,26.8,91,4.6,979.4,44.9,45.1,34.98055341508653,7,3,8
2025-08-21 08:00:00,28.5,86,3.6,979.5,40.2,41.1,35.81497695710924,8,3,8
2025-08-21 09:00:00,30.3,75,3.4,979.6,37.3,40.0,30.24281944168938,9,3,8
2025-08-21 10:00:00,31.5,68,4.0,979.7,36.4,41.6,33.49433350563049,10,3,8
2025-08-21 11:00:00,32.2,64,3.7,979.3,35.6,42.7,31.73633334371779,11,3,8
2025-08-21 12:00:00,32.8,62,3.3,978.7,34.2,41.6,34.51755187487361,12,3,8
2025-08-21 13:00:00,33.1,63,3.1,977.9,33.4,40.2,43.10547897550794,13,3,8
2025-08-21 14:00:00,33.4,62,2.3,976.7,33.9,40.2,48.221738497416176,14,3,8
2025-08-21 15:00:00,33.5,61,3.1,975.6,34.6,40.5,43.95042371749878,15,3,8
2025-08-21 16:00:00,33.3,62,3.4,974.8,34.8,40.3,43.50488889096963,16,3,8
2025-08-21 17:00:00,32.8,64,4.2,974.2,32.9,38.1,45.65106291241116,17,3,8
2025-08-21 18:00:00,31.9,77,2.2,974.7,39.5,43.8,51.235881858401825,18,3,8
2025-08-21 19:00:00,30.8,81,2.9,975.3,53.7,57.6,50.1371111869812,19,3,8
2025-08-21 20:00:00,30.1,82,4.2,976.0,64.5,68.5,51.901833269331185,20,3,8
2025-08-21 21:00:00,29.5,82,5.4,976.9,73.6,77.1,51.685815960469874,21,3,8
2025-08-21 22:00:00,28.9,83,5.1,976.9,75.7,78.9,50.221118238237175,22,3,8
2025-08-21 23:00:00,28.4,85,5.0,977.2,74.5,77.3,60.0715832180447,23,3,8
2025-08-22 00:00:00,28.0,86,4.4,977.4,71.7,74.3,58.37448607550727,0,4,8
2025-08-22 01:00:00,27.6,88,3.7,976.8,70.3,72.4,68.4898403485616,1,4,8
2025-08-22 02:00:00,27.3,88,3.8,976.4,71.5,73.3,61.13277106814914,2,4,8
2025-08-22 03:00:00,27.0,89,5.1,976.1,74.0,75.7,58.144951502482094,3,4,8
2025-08-22 04:00:00,26.7,90,4.7,976.2,76.6,78.0,49.43667111573396,4,4,8
2025-08-22 05:00:00,26.5,91,4.2,976.3,65.4,67.3,45.68005794949002,5,4,8
2025-08-22 06:00:00,27.6,89,4.4,975.8,65.7,67.3,43.85385407341851,6,4,8
2025-08-22 07:00:00,28.3,88,0.5,975.8,65.2,66.6,46.010608964496186,7,4,8
2025-08-22 08:00:00,29.7,83,0.6,976.0,57.3,59.1,48.137578501020165,8,4,8
2025-08-22 09:00:00,31.1,76,1.9,976.1,45.9,48.4,46.10405527220832,9,4,8
2025-08-22 10:00:00,32.0,71,2.6,976.1,41.1,44.9,49.84799758593241,10,4,8
2025-08-22 11:00:00,33.0,66,1.3,975.8,40.6,44.9,45.2046529452006,11,4,8
2025-08-22 12:00:00,33.6,64,2.0,975.3,40.5,45.1,47.92895142237345,12,4,8
2025-08-22 13:00:00,33.8,62,2.8,974.3,40.5,44.9,51.68549315134684,13,4,8
2025-08-22 14:00:00,34.0,61,2.6,973.2,42.0,46.7,65.4140182071262,14,4,8
2025-08-22 15:00:00,34.0,59,1.4,972.3,39.8,44.0,84.42122370787341,15,4,8
2025-08-22 16:00:00,34.1,58,1.6,971.6,40.5,44.7,95.05811754862468,16,4,8
2025-08-22 17:00:00,33.8,58,0.6,971.2,47.5,52.4,88.05892361534967,17,4,8
2025-08-22 18:00:00,31.7,73,3.1,972.0,51.0,55.9,72.51491684383815,18,4,8
2025-08-22 19:00:00,30.8,79,2.0,972.2,66.6,71.0,63.28049325942993,19,4,8
2025-08-22 20:00:00,30.2,82,2.5,973.0,72.6,75.9,59.3056009610494,20,4,8
2025-08-22 21:00:00,29.5,83,4.8,973.8,69.8,72.2,53.92678456836277,21,4,8
2025-08-22 22:00:00,29.2,83,5.4,974.0,64.7,66.6,53.69445143805609,22,4,8
2025-08-22 23:00:00,28.9,85,7.0,974.4,59.3,60.8,58.69531656901042,23,4,8
2025-08-23 00:00:00,28.7,86,7.6,974.5,53.3,54.6,66.25239168802898,0,5,8
2025-08-23 01:00:00,28.4,86,6.2,974.2,47.5,49.4,67.82237440745035,1,5,8
2025-08-23 02:00:00,28.0,87,5.4,973.8,43.4,45.9,65.7409668604533,2,5,8
2025-08-23 03:00:00,27.8,88,6.9,973.5,41.4,44.4,58.59297543843587,3,5,8
2025-08-23 04:00:00,26.6,92,9.7,974.1,41.1,44.2,53.78312848409017,4,5,8
2025-08-23 05:00:00,25.7,96,9.2,974.4,34.9,38.3,51.04800445094253,5,5,8
2025-08-23 06:00:00,27.9,91,6.3,973.7,32.8,36.9,57.05943342844645,6,5,8
2025-08-23 07:00:00,28.3,89,8.3,974.3,29.8,35.7,62.45485858917236,7,5,8
2025-08-23 08:00:00,28.9,85,10.2,974.8,27.8,36.6,61.78105012257894,8,5,8
2025-08-23 09:00:00,30.5,79,8.3,975.2,30.5,42.1,43.62683320045471,9,5,8
2025-08-23 10:00:00,31.4,70,11.0,976.0,29.5,38.6,36.64535672505697,10,5,8
2025-08-23 11:00:00,31.8,72,9.5,976.0,29.7,36.2,41.62809024916755,11,5,8
2025-08-23 12:00:00,32.7,70,9.3,975.2,28.6,32.7,41.18628470102946,12,5,8
2025-08-23 13:00:00,32.8,71,9.0,974.4,26.6,29.1,56.759491019778785,13,5,8
2025-08-23 14:00:00,32.6,73,9.1,973.4,23.3,24.8,61.16388214959039,14,5,8
2025-08-23 15:00:00,31.8,75,10.3,973.0,19.2,19.9,54.36112043592666,15,5,8
2025-08-23 16:00:00,29.3,84,7.5,973.4,16.4,16.7,58.179145971934,16,5,8
2025-08-23 17:00:00,29.0,85,4.7,973.1,46.2,48.1,53.533187548319496,17,5,8
2025-08-23 18:00:00,29.0,84,5.9,974.0,38.9,40.4,48.68134747611152,18,5,8
2025-08-23 19:00:00,28.2,88,4.9,974.8,34.9,35.7,47.20777750015259,19,5,8
2025-08-23 20:00:00,27.7,89,7.4,975.5,33.9,34.2,47.74474981096056,20,5,8
2025-08-23 21:00:00,27.5,91,9.2,976.0,34.3,34.5,48.374166859520805,21,5,8
2025-08-23 22:00:00,27.5,92,9.4,976.0,34.2,34.3,49.18400006824069,22,5,8
2025-08-23 23:00:00,27.6,93,8.9,975.7,35.3,35.3,51.899076302846275,23,5,8
2025-08-24 00:00:00,27.5,93,8.8,975.2,36.8,36.9,54.382610903845894,0,6,8
2025-08-24 01:00:00,27.4,94,6.8,974.9,38.2,38.3,53.38307158513502,1,6,8
2025-08-24 02:00:00,27.2,95,4.0,975.9,38.8,38.8,21.201555634538334,2,6,8
2025-08-24 03:00:00,25.2,96,6.7,975.9,39.8,39.9,6.232006988281177,3,6,8
2025-08-24 04:00:00,25.3,96,3.3,976.2,41.6,41.7,6.286256894883182,4,6,8
2025-08-24 05:00:00,25.0,98,5.1,976.3,15.4,17.1,7.8415208078093,5,6,8
2025-08-24 06:00:00,25.5,95,1.9,975.6,13.7,16.4,2.4506735807905593,6,6,8
2025-08-24 07:00:00,26.0,93,2.6,976.1,15.8,18.6,10.923383343219758,7,6,8
2025-08-24 08:00:00,26.7,88,6.7,977.0,18.4,21.6,22.449975085258483,8,6,8
2025-08-24 09:00:00,28.0,81,8.1,977.9,17.7,21.0,18.23902497291565,9,6,8
2025-08-24 10:00:00,28.0,82,11.9,978.5,15.6,18.1,16.77376388510068,10,6,8
2025-08-24 11:00:00,27.0,88,11.3,978.5,14.1,16.3,17.08961800403065,11,6,8
2025-08-24 12:00:00,27.7,85,12.0,978.5,13.7,15.1,15.751986169152788,12,6,8
2025-08-24 13:00:00,29.2,77,11.3,977.8,13.5,14.7,15.539514064788818,13,6,8
2025-08-24 14:00:00,29.6,76,11.0,977.0,15.1,15.9,17.038785554113844,14,6,8
2025-08-24 15:00:00,29.7,75,10.7,976.1,16.4,16.6,15.085839243162244,15,6,8
2025-08-24 16:00:00,29.1,77,8.7,975.9,17.8,17.8,17.28333330154419,16,6,8
2025-08-24 17:00:00,28.7,82,4.4,975.8,31.9,32.5,17.845440433138894,17,6,8
2025-08-24 18:00:00,27.1,86,5.9,976.5,32.2,32.4,21.156357123738243,18,6,8
2025-08-24 19:00:00,26.5,88,6.6,976.8,36.1,36.1,27.064636730012438,19,6,8
2025-08-24 20:00:00,26.1,89,7.2,977.7,38.9,38.9,32.195166336165535,20,6,8
2025-08-24 21:00:00,25.5,91,6.9,978.5,40.6,40.6,27.099034772978886,21,6,8
2025-08-24 22:00:00,25.3,92,5.4,978.2,43.5,43.5,37.4036652740806,22,6,8
2025-08-24 23:00:00,25.1,92,6.0,977.8,43.7,43.7,39.457977003521385,23,6,8
2025-08-25 00:00:00,24.8,92,5.5,978.0,41.3,41.3,27.468569391303593,0,0,8
2025-08-25 01:00:00,24.6,92,3.0,977.8,38.4,38.4,35.13829631275601,1,0,8
2025-08-25 02:00:00,24.6,93,1.6,977.5,34.5,34.5,41.64743744002448,2,0,8
2025-08-25 03:00:00,24.5,94,1.7,977.4,29.5,29.5,34.923076354795036,3,0,8
2025-08-25 04:00:00,24.4,95,2.4,977.3,24.3,24.3,18.445446678023373,4,0,8
2025-08-25 05:00:00,24.1,96,7.2,977.9,27.8,27.8,7.383361217928016,5,0,8
2025-08-25 06:00:00,24.5,92,5.6,977.4,26.7,26.7,13.181930584522584,6,0,8
2025-08-25 07:00:00,24.7,92,4.8,977.5,27.0,27.0,16.91045248934201,7,0,8
2025-08-25 08:00:00,25.1,92,7.6,977.9,25.4,25.4,12.750291596211138,8,0,8
2025-08-25 09:00:00,25.2,95,13.9,978.6,21.8,21.8,9.08404961210631,9,0,8
2025-08-25 10:00:00,25.0,96,11.1,978.8,17.2,17.3,9.426327307664213,10,0,8
2025-08-25 11:00:00,25.3,93,10.7,978.4,15.7,15.7,11.502269837739211,11,0,8
2025-08-25 12:00:00,25.5,92,12.6,978.0,15.4,15.4,15.868500089361552,12,0,8
2025-08-25 13:00:00,25.0,95,13.1,977.2,14.8,14.8,15.423705732335849,13,0,8
2025-08-25 14:00:00,24.8,96,12.9,976.4,15.6,15.6,16.24013887014654,14,0,8
2025-08-25 15:00:00,24.5,97,12.5,975.6,15.9,15.9,17.39126582145691,15,0,8
2025-08-25 16:00:00,24.8,93,11.8,974.9,16.8,16.8,14.310291668607128,16,0,8
2025-08-25 17:00:00,25.0,90,11.9,974.9,24.7,24.7,13.96881941060225,17,0,8
2025-08-25 18:00:00,23.8,94,16.8,975.7,21.1,21.1,11.556511502195562,18,0,8
2025-08-25 19:00:00,23.2,92,14.5,975.8,19.0,19.0,9.200638839250638,19,0,8
2025-08-25 20:00:00,22.9,94,10.5,976.4,18.3,18.3,5.09739578794688,20,0,8
2025-08-25 21:00:00,22.9,95,9.7,977.2,17.6,17.7,1.0577083187591698,21,0,8
2025-08-25 22:00:00,23.0,96,8.9,977.0,17.5,17.5,0.31384027619949645,22,0,8
2025-08-25 23:00:00,23.1,96,8.3,977.1,16.2,16.2,2.2702153070519366,23,0,8
2025-08-26 00:00:00,23.2,96,9.4,977.1,13.8,13.8,4.075970380886862,0,1,8
2025-08-26 01:00:00,23.3,95,13.0,976.4,11.2,11.2,5.852615749359958,1,1,8
2025-08-26 02:00:00,23.3,95,13.2,975.8,10.0,10.0,12.210178107230199,2,1,8
2025-08-26 03:00:00,23.2,95,13.4,975.4,10.2,10.2,14.509594877560934,3,1,8
2025-08-26 04:00:00,23.1,95,10.1,975.6,10.6,10.6,25.410349455144672,4,1,8
2025-08-26 05:00:00,23.1,96,8.8,975.8,9.5,9.5,32.78619466225306,5,1,8
2025-08-26 06:00:00,23.4,94,9.5,976.1,9.3,9.3,36.33886674245199,6,1,8
2025-08-26 07:00:00,23.9,92,10.4,976.5,10.4,10.4,39.726786073048906,7,1,8
2025-08-26 08:00:00,24.9,90,7.3,977.4,11.1,11.1,37.73480554421743,8,1,8
2025-08-26 09:00:00,26.5,83,5.5,977.9,10.7,10.7,30.32716115315755,9,1,8
2025-08-26 10:00:00,27.2,82,7.1,978.5,10.2,10.2,33.30886773457603,10,1,8
2025-08-26 11:00:00,26.7,86,7.5,978.6,10.5,10.5,34.06538210974799,11,1,8
2025-08-26 12:00:00,26.9,88,6.7,978.2,11.7,11.7,27.755055507024128,12,1,8
2025-08-26 13:00:00,28.8,84,10.2,977.5,14.1,14.1,28.97962501313951,13,1,8
2025-08-26 14:00:00,27.0,89,11.8,977.1,16.4,16.4,35.246316491989866,14,1,8
2025-08-26 15:00:00,27.7,84,11.9,976.3,18.5,18.5,43.346132868812205,15,1,8
2025-08-26 16:00:00,28.0,84,10.5,975.6,19.1,19.1,52.459160850161595,16,1,8
2025-08-26 17:00:00,27.0,88,13.1,976.1,31.4,31.9,44.28695126942226,17,1,8
2025-08-26 18:00:00,26.9,89,10.4,976.4,32.7,33.1,41.13281561079479,18,1,8
2025-08-26 19:00:00,26.5,91,9.9,976.7,37.1,37.5,40.57765663237799,19,1,8
2025-08-26 20:00:00,26.3,93,8.7,977.1,35.2,35.6,48.062053589593795,20,1,8
2025-08-26 21:00:00,26.1,94,7.0,977.9,35.9,36.4,53.50749908499166,21,1,8
2025-08-26 22:00:00,26.1,94,7.8,978.6,38.2,38.9,37.27260115033105,22,1,8
2025-08-26 23:00:00,26.0,91,9.1,978.9,39.1,40.2,35.71518648238409,23,1,8
2025-08-27 00:00:00,25.6,95,8.8,978.4,35.9,37.4,34.22604374658494,0,2,8
2025-08-27 01:00:00,25.5,96,7.1,977.7,31.3,32.9,39.526577540806365,1,2,8
2025-08-27 02:00:00,25.4,96,7.2,977.9,28.1,29.2,48.93903596060617,2,2,8
2025-08-27 03:00:00,25.4,96,10.7,977.5,20.7,21.2,46.42633333660308,3,2,8
2025-08-27 04:00:00,25.2,96,12.3,978.1,14.8,15.0,41.92494837443034,4,2,8
2025-08-27 05:00:00,25.0,98,9.5,978.1,8.7,9.4,43.10748222896031,5,2,8
2025-08-27 06:00:00,25.0,96,7.5,978.1,10.2,10.5,43.64616294134231,6,2,8
2025-08-27 07:00:00,25.4,96,6.6,978.6,12.0,12.2,38.90712697165353,7,2,8
2025-08-27 08:00:00,26.0,95,7.1,979.0,13.7,14.0,39.21975614911033,8,2,8
2025-08-27 09:00:00,26.4,91,9.0,979.3,17.6,17.9,35.748691982693146,9,2,8
2025-08-27 10:00:00,27.9,85,10.1,979.4,18.6,19.3,34.24918760193719,10,2,8
2025-08-27 11:00:00,29.5,77,10.6,979.3,19.6,20.5,36.07712483406067,11,2,8
2025-08-27 12:00:00,30.4,73,9.0,978.7,20.5,21.4,39.55649052725898,12,2,8
2025-08-27 13:00:00,31.0,70,7.4,978.0,22.4,23.0,50.94219456778632,13,2,8
2025-08-27 14:00:00,31.3,71,5.6,977.1,24.3,24.7,57.94234953986273,14,2,8
2025-08-27 15:00:00,31.4,71,5.6,976.3,25.8,26.2,54.891238424513084,15,2,8
2025-08-27 16:00:00,31.1,72,5.9,975.5,24.6,24.9,57.54824315177069,16,2,8
2025-08-27 17:00:00,30.2,78,8.1,975.3,42.3,44.1,60.94620105955335,17,2,8
2025-08-27 18:00:00,29.5,79,5.4,976.4,46.9,48.1,57.89446534050836,18,2,8
2025-08-27 19:00:00,28.3,85,5.3,976.7,54.5,55.4,63.87212514877319,19,2,8
2025-08-27 20:00:00,27.5,89,4.2,976.9,63.1,63.8,52.73553331163194,20,2,8
2025-08-27 21:00:00,27.2,92,5.5,977.4,73.8,74.3,60.10860384835137,21,2,8
2025-08-27 22:00:00,26.8,93,4.9,977.5,83.1,83.8,65.42695162031386,22,2,8
2025-08-27 23:00:00,26.7,93,5.4,977.7,88.5,88.9,57.01615307066175,23,2,8
2025-08-28 00:00:00,26.5,94,5.3,977.9,88.9,89.4,60.99124972025553,0,3,8
2025-08-28 01:00:00,26.4,95,6.3,977.8,80.1,80.3,67.18809043036566,1,3,8
2025-08-28 02:00:00,26.2,96,5.9,977.6,69.8,70.1,64.42702796724107,2,3,8
2025-08-28 03:00:00,26.1,97,6.1,977.5,58.2,58.7,49.25018722481198,3,3,8
2025-08-28 04:00:00,25.9,97,9.7,977.4,54.2,54.6,45.6085750579834,4,3,8
2025-08-28 05:00:00,25.4,99,5.9,977.9,66.1,66.6,44.460574044121635,5,3,8
2025-08-28 06:00:00,25.9,97,5.6,978.2,60.5,61.2,41.23339891433716,6,3,8
2025-08-28 07:00:00,26.7,94,4.4,978.7,56.5,57.2,41.36154407925076,7,3,8
2025-08-28 08:00:00,27.9,90,2.7,978.8,36.3,36.9,39.43852084092419,8,3,8
2025-08-28 09:00:00,29.3,84,3.8,978.8,27.1,27.7,39.547514014773895,9,3,8
2025-08-28 10:00:00,30.4,78,6.5,978.6,29.6,30.3,42.361028517135466,10,3,8
2025-08-28 11:00:00,31.3,73,6.5,978.0,31.9,32.6,44.73318099975586,11,3,8
2025-08-28 12:00:00,32.0,69,5.6,977.4,32.9,33.6,44.48119176228842,12,3,8
2025-08-28 13:00:00,32.8,66,4.3,976.5,34.0,34.8,50.32199751536051,13,3,8
2025-08-28 14:00:00,33.2,64,3.2,975.4,35.0,36.0,48.69634087880452,14,3,8
2025-08-28 15:00:00,33.2,63,3.4,974.5,37.3,38.2,50.78355312347412,15,3,8
2025-08-28 16:00:00,32.9,63,3.9,974.0,37.1,38.1,61.28607496685452,16,3,8
2025-08-28 17:00:00,32.4,66,4.2,973.5,41.9,43.4,67.73720815446642,17,3,8
2025-08-28 18:00:00,30.5,82,2.5,974.7,46.6,47.7,65.06750705507066,18,3,8
2025-08-28 19:00:00,29.4,88,2.7,974.6,53.8,54.7,55.83316659927368,19,3,8
2025-08-28 20:00:00,29.0,90,2.2,975.4,60.3,61.0,49.084580811587244,20,3,8
2025-08-28 21:00:00,28.6,89,5.5,976.4,66.8,67.5,55.6186179584927,21,3,8
2025-08-28 22:00:00,28.4,90,5.1,976.9,62.2,62.6,54.888771004146996,22,3,8
2025-08-28 23:00:00,28.2,91,7.6,977.3,54.7,55.1,53.676305611928306,23,3,8
2025-08-29 00:00:00,27.9,91,7.9,977.4,50.1,50.4,62.86221525404188,0,4,8
2025-08-29 01:00:00,27.5,91,8.1,977.0,48.8,49.1,68.59598626030817,1,4,8
2025-08-29 02:00:00,26.9,92,12.1,977.2,43.0,43.7,75.56440952089098,2,4,8
2025-08-29 03:00:00,26.4,94,9.5,976.5,38.8,39.7,77.24491702185738,3,4,8
2025-08-29 04:00:00,26.0,95,9.9,977.5,35.2,36.0,73.98168277740479,4,4,8
2025-08-29 05:00:00,24.9,97,6.5,978.1,61.5,61.9,67.64485417471991,5,4,8
2025-08-29 06:00:00,26.9,94,9.0,977.2,59.3,59.6,66.07648820588084,6,4,8
2025-08-29 07:00:00,27.3,93,8.0,978.1,51.5,51.7,60.73272487852308,7,4,8
2025-08-29 08:00:00,27.4,89,10.0,978.8,43.7,43.9,52.81314121352302,8,4,8
2025-08-29 09:00:00,28.3,85,11.5,978.9,34.0,34.2,58.20175033145481,9,4,8
2025-08-29 10:00:00,29.6,82,10.9,978.8,27.9,28.1,48.15569669935439,10,4,8
2025-08-29 11:00:00,30.5,78,8.9,978.2,27.8,27.9,50.86107873916626,11,4,8
2025-08-29 12:00:00,31.5,75,6.4,977.7,26.8,27.0,48.72806258996328,12,4,8
2025-08-29 13:00:00,32.1,72,5.2,977.2,25.1,25.2,36.543196436130636,13,4,8
2025-08-29 14:00:00,32.2,73,4.8,976.1,22.1,22.2,40.034914334615074,14,4,8
2025-08-29 15:00:00,32.5,73,2.7,975.5,19.3,19.4,39.425097121132744,15,4,8
2025-08-29 16:00:00,29.7,82,4.0,975.5,17.2,17.2,42.94657633039686,16,4,8
2025-08-29 17:00:00,29.6,82,7.0,976.3,32.0,32.6,44.13068527645535,17,4,8
2025-08-29 18:00:00,27.7,91,7.5,977.5,31.3,31.8,38.95164082748721,18,4,8
2025-08-29 19:00:00,27.4,92,5.2,977.8,31.5,31.9,32.87959506776598,19,4,8
2025-08-29 20:00:00,27.3,93,9.2,978.7,36.3,36.7,32.55546530087789,20,4,8
2025-08-29 21:00:00,27.3,94,7.9,979.2,33.3,33.6,35.92349282900492,21,4,8
2025-08-29 22:00:00,27.3,94,10.6,980.2,31.2,31.5,39.87566667132908,22,4,8
2025-08-29 23:00:00,27.2,93,11.5,980.5,28.4,28.8,37.5193632973565,23,4,8
2025-08-30 00:00:00,26.9,92,11.8,980.2,25.4,25.8,37.979499922858345,0,5,8
2025-08-30 01:00:00,26.7,92,11.0,979.9,25.6,26.1,39.62078462706672,1,5,8
2025-08-30 02:00:00,25.6,95,11.7,980.1,27.6,27.9,35.53206255700853,2,5,8
2025-08-30 03:00:00,25.2,97,12.8,980.2,28.5,28.9,37.38352086808946,3,5,8
2025-08-30 04:00:00,25.5,95,12.1,979.8,29.2,29.6,41.62464605437385,4,5,8
2025-08-30 05:00:00,25.2,96,11.1,980.2,39.3,39.3,43.508550802866615,5,5,8
2025-08-30 06:00:00,25.1,97,12.5,979.9,36.1,36.1,43.83018287022909,6,5,8
2025-08-30 07:00:00,25.7,94,10.4,981.0,36.8,36.9,26.365659890282483,7,5,8
2025-08-30 08:00:00,26.1,93,11.3,981.6,37.8,38.0,14.387095225708824,8,5,8
2025-08-30 09:00:00,27.6,87,9.7,981.9,38.6,39.0,28.883988045510794,9,5,8
2025-08-30 10:00:00,27.7,85,9.3,982.5,35.6,36.3,30.419339259465538,10,5,8
2025-08-30 11:00:00,28.3,86,8.0,982.2,32.7,33.3,27.51163335279985,11,5,8
2025-08-30 12:00:00,29.2,84,8.2,981.1,29.6,30.2,33.06729350771223,12,5,8
2025-08-30 13:00:00,28.5,83,8.5,980.8,28.2,28.6,42.15013676597959,13,5,8
2025-08-30 14:00:00,28.8,82,7.8,980.2,27.1,27.4,41.443250088464644,14,5,8
2025-08-30 15:00:00,28.6,84,8.2,979.3,25.7,26.0,45.55276800337292,15,5,8
2025-08-30 16:00:00,28.6,84,8.7,978.2,25.6,25.9,56.11780984061105,16,5,8
2025-08-30 17:00:00,28.3,85,7.8,978.4,25.6,25.9,53.25474988846552,17,5,8
2025-08-30 18:00:00,26.5,92,7.4,978.9,30.7,31.0,45.07544876280285,18,5,8
2025-08-30 19:00:00,25.9,95,7.3,979.0,36.2,36.4,51.374466305687314,19,5,8
2025-08-30 20:00:00,25.7,95,5.6,979.7,39.2,39.5,51.39427007947649,20,5,8
2025-08-30 21:00:00,25.6,96,4.8,980.5,43.5,43.8,56.5736864180792,21,5,8
2025-08-30 22:00:00,25.5,96,5.3,980.5,46.6,46.8,50.86228979201544,22,5,8
2025-08-30 23:00:00,25.5,96,5.7,980.4,51.2,51.5,44.62001589366368,23,5,8
2025-08-31 00:00:00,25.6,96,5.6,980.2,54.0,54.2,26.419456339146926,0,6,8
2025-08-31 01:00:00,25.6,96,6.3,979.4,56.1,56.3,8.654869021581751,1,6,8
2025-08-31 02:00:00,25.7,96,6.5,979.1,54.7,54.8,11.191219969954972,2,6,8
2025-08-31 03:00:00,25.1,95,11.5,979.0,50.3,50.5,17.79337306165447,3,6,8
2025-08-31 04:00:00,24.8,96,8.5,978.5,47.4,47.6,21.8958631771661,4,6,8
2025-08-31 05:00:00,24.7,97,5.5,978.7,47.3,47.6,17.202017900489626,5,6,8
2025-08-31 06:00:00,25.0,98,6.9,978.4,48.7,49.0,20.143691646751194,6,6,8
2025-08-31 07:00:00,25.0,98,5.7,979.0,48.5,48.9,22.48855945609865,7,6,8
2025-08-31 08:00:00,25.0,98,6.6,978.9,42.3,42.5,12.57391663016308,8,6,8
2025-08-31 09:00:00,25.2,96,10.5,979.9,36.9,37.1,9.180554775964648,9,6,8
2025-08-31 10:00:00,25.6,95,6.2,980.0,30.4,30.6,11.578529762370247,10,6,8
2025-08-31 11:00:00,25.7,94,7.8,979.7,27.0,27.2,13.940071389788674,11,6,8
2025-08-31 12:00:00,25.8,90,7.8,979.2,26.2,26.3,23.297527513204717,12,6,8
2025-08-31 13:00:00,26.2,89,10.0,978.3,26.3,26.4,31.08998625619071,13,6,8
2025-08-31 14:00:00,26.5,86,10.3,977.3,27.6,27.7,33.83646826517014,14,6,8
2025-08-31 15:00:00,25.8,91,9.2,976.2,26.3,26.3,34.39568856405833,15,6,8
2025-08-31 16:00:00,26.6,86,8.9,975.7,24.9,24.9,39.51465262307061,16,6,8
2025-08-31 17:00:00,26.0,90,8.8,975.8,39.7,39.7,37.893482094719296,17,6,8
2025-08-31 18:00:00,25.8,93,8.8,976.2,41.4,41.4,36.13549395969936,18,6,8
2025-08-31 19:00:00,25.2,95,9.3,976.5,43.3,43.4,41.87349383036296,19,6,8
2025-08-31 20:00:00,25.1,95,10.4,977.0,45.1,45.1,47.94358532769339,20,6,8
2025-08-31 21:00:00,24.9,96,8.7,977.6,42.6,42.6,35.65325597354344,21,6,8
2025-08-31 22:00:00,24.8,96,7.8,977.8,35.4,35.5,30.22653582911471,22,6,8
2025-08-31 23:00:00,24.6,96,7.8,977.7,28.5,28.5,28.454413746794067,23,6,8
2025-09-01 00:00:00,24.5,96,8.2,977.2,26.1,26.1,17.301005878991315,0,0,9
2025-09-01 01:00:00,24.6,96,7.9,976.3,27.0,27.0,16.452928650858148,1,0,9
2025-09-01 02:00:00,23.3,98,11.1,976.1,27.2,27.2,15.885841295300496,2,0,9
2025-09-01 03:00:00,23.1,98,9.7,975.8,28.4,28.5,10.95742855904003,3,0,9
2025-09-01 04:00:00,23.0,97,12.1,975.6,28.3,28.3,8.540476164159674,4,0,9
2025-09-01 05:00:00,22.6,97,11.5,976.0,10.2,10.2,9.497835331019902,5,0,9
2025-09-01 06:00:00,24.0,94,8.0,975.4,10.1,10.2,13.910585194027849,6,0,9
2025-09-01 07:00:00,24.7,93,6.1,975.7,11.2,11.2,14.11692457264733,7,0,9
2025-09-01 08:00:00,25.4,89,11.4,975.6,14.2,14.2,18.200446467403147,8,0,9
2025-09-01 09:00:00,26.3,85,12.3,976.1,17.9,17.9,19.21016668989545,9,0,9
2025-09-01 10:00:00,27.2,80,10.6,976.2,21.0,21.0,17.929941644555047,10,0,9
2025-09-01 11:00:00,28.2,76,11.8,976.0,23.3,23.3,16.64949805963607,11,0,9
2025-09-01 12:00:00,28.6,76,11.8,975.8,25.5,25.6,16.23901788677488,12,0,9
2025-09-01 13:00:00,29.2,74,11.4,974.9,25.6,25.7,19.624089679450954,13,0,9
2025-09-01 14:00:00,27.8,80,9.0,974.1,26.2,26.3,14.679562039708808,14,0,9
2025-09-01 15:00:00,28.5,78,9.8,973.1,27.4,27.5,8.439991819531176,15,0,9
2025-09-01 16:00:00,28.5,80,9.6,972.7,23.4,23.5,7.052297638019636,16,0,9
2025-09-01 17:00:00,28.1,80,9.6,973.1,17.9,17.9,8.587537679821253,17,0,9
2025-09-01 18:00:00,26.3,83,9.1,974.9,17.9,17.9,10.934615113683753,18,0,9
2025-09-01 19:00:00,25.6,85,10.4,975.2,18.5,18.5,5.292964296858934,19,0,9
2025-09-01 20:00:00,25.3,82,14.5,976.0,19.0,19.0,6.4218393840960095,20,0,9
2025-09-01 21:00:00,24.4,87,16.1,976.4,19.3,19.3,4.135494044316666,21,0,9
2025-09-01 22:00:00,23.9,92,19.1,976.6,20.4,20.5,6.95423214651999,22,0,9
2025-09-01 23:00:00,23.5,94,17.4,976.8,20.0,20.1,4.028317446155207,23,0,9
2025-09-02 00:00:00,23.5,94,13.8,976.5,19.1,19.2,6.305347228067972,0,1,9
2025-09-02 01:00:00,23.5,93,13.9,976.3,18.5,18.6,12.489426645490612,1,1,9
2025-09-02 02:00:00,23.2,95,13.9,976.0,18.2,18.2,12.532031650865964,2,1,9
2025-09-02 03:00:00,23.1,95,13.3,975.6,17.7,17.8,10.614777777069833,3,1,9
2025-09-02 04:00:00,23.0,96,9.1,975.6,17.2,17.3,10.142688579369516,4,1,9
2025-09-02 05:00:00,22.8,96,12.1,976.0,16.9,17.0,8.17808526151237,5,1,9
2025-09-02 06:00:00,23.3,89,11.7,975.9,16.8,16.9,15.522624222496674,6,1,9
2025-09-02 07:00:00,23.8,87,9.4,976.5,19.1,19.2,16.928472268173383,7,1,9
2025-09-02 08:00:00,24.3,88,7.8,977.0,20.3,20.4,18.76584242615435,8,1,9
2025-09-02 09:00:00,25.1,83,8.8,977.4,19.5,19.7,21.355384300152462,9,1,9
2025-09-02 10:00:00,26.2,78,11.9,978.1,18.7,18.9,31.647689912054275,10,1,9
2025-09-02 11:00:00,27.6,72,14.1,977.7,18.2,18.3,35.75803435113695,11,1,9
2025-09-02 12:00:00,27.5,74,12.6,977.5,16.9,17.1,46.57411746184031,12,1,9
2025-09-02 13:00:00,27.8,74,13.5,976.9,14.5,14.6,26.26467612054613,13,1,9
2025-09-02 14:00:00,27.4,74,14.2,976.2,14.5,14.5,18.543706231647068,14,1,9
2025-09-02 15:00:00,26.6,79,13.8,975.9,15.5,15.5,23.431423491901825,15,1,9
2025-09-02 16:00:00,26.2,85,11.2,975.7,17.6,17.6,26.750588071346282,16,1,9
2025-09-02 17:00:00,26.1,85,8.1,975.7,22.4,22.6,28.86335414648056,17,1,9
2025-09-02 18:00:00,26.1,86,8.9,976.5,27.5,27.6,20.437185208002727,18,1,9
2025-09-02 19:00:00,25.6,88,10.0,977.2,28.9,29.0,20.88849773009618,19,1,9
2025-09-02 20:00:00,25.1,89,11.5,977.8,29.9,30.0,26.516465495030086,20,1,9
2025-09-02 21:00:00,24.8,91,10.0,978.3,30.6,30.7,23.71016198893388,21,1,9
2025-09-02 22:00:00,24.5,92,9.3,978.8,31.2,31.3,14.317049891659707,22,1,9
2025-09-02 23:00:00,24.1,93,8.7,979.0,30.9,31.0,14.326546222799353,23,1,9
2025-09-03 00:00:00,23.8,93,9.0,978.9,29.7,29.8,10.505755525496271,0,2,9
2025-09-03 01:00:00,23.6,93,8.5,978.6,28.8,28.8,9.169727856528503,1,2,9
2025-09-03 02:00:00,23.7,92,8.8,978.5,27.4,27.5,17.492531448602676,2,2,9
2025-09-03 03:00:00,23.5,89,9.9,978.0,25.7,25.8,,3,2,9
2025-09-03 04:00:00,23.2,89,10.0,977.6,23.8,23.9,,4,2,9
2025-09-03 05:00:00,22.6,92,12.0,977.8,19.9,20.1,,5,2,9
2025-09-03 06:00:00,22.7,94,10.6,978.5,19.7,19.9,,6,2,9
2025-09-03 07:00:00,23.6,93,11.1,978.6,20.7,20.8,6.029475555767616,7,2,9
2025-09-03 08:00:00,24.7,89,10.2,978.6,19.3,19.3,20.106270760297775,8,2,9
2025-09-03 09:00:00,24.7,85,10.6,979.1,18.1,18.2,44.02981758117676,9,2,9
2025-09-03 10:00:00,26.6,78,8.9,979.4,16.4,16.4,49.53691535525852,10,2,9
2025-09-03 11:00:00,28.2,74,10.7,979.2,15.1,15.2,50.13962103071667,11,2,9
2025-09-03 12:00:00,29.0,69,9.2,979.4,16.0,16.1,55.4788175764538,12,2,9
2025-09-03 13:00:00,28.8,70,12.1,978.9,15.1,15.2,55.36987858726865,13,2,9
2025-09-03 14:00:00,28.5,73,9.9,978.3,14.1,14.2,54.073186193193706,14,2,9
2025-09-03 15:00:00,27.7,78,12.2,978.0,13.6,13.9,65.81924544440375,15,2,9
2025-09-03 16:00:00,26.6,84,7.6,977.5,14.8,15.0,65.92946038583312,16,2,9
2025-09-03 17:00:00,25.5,86,9.5,977.4,22.5,22.8,61.236646016438804,17,2,9
2025-09-03 18:00:00,25.6,90,7.1,978.3,24.7,25.0,65.14952325820923,18,2,9
2025-09-03 19:00:00,25.0,93,4.5,979.0,29.1,29.3,60.61157427893745,19,2,9
2025-09-03 20:00:00,24.8,93,3.4,979.6,35.6,35.9,59.96347241931491,20,2,9
2025-09-03 21:00:00,24.6,93,5.2,980.4,42.1,42.3,53.763314723968506,21,2,9
2025-09-03 22:00:00,24.4,93,5.7,980.7,42.8,43.0,58.60778008566962,22,2,9
2025-09-03 23:00:00,24.4,94,6.1,981.1,41.0,41.1,48.936018360985656,23,2,9
2025-09-04 00:00:00,24.4,94,6.7,981.0,38.3,38.4,50.35760637726446,0,3,9
2025-09-04 01:00:00,24.4,94,4.5,980.7,36.4,36.6,47.32415533065796,1,3,9
2025-09-04 02:00:00,24.0,96,2.0,980.2,33.1,33.5,46.09431936122753,2,3,9
2025-09-04 03:00:00,23.7,98,4.2,980.5,31.0,31.5,37.86069462034437,3,3,9
2025-09-04 04:00:00,22.6,99,6.9,980.7,29.6,30.3,15.634238459169865,4,3,9
2025-09-04 05:00:00,22.8,98,7.4,981.1,30.7,31.3,8.417861132675574,5,3,9
2025-09-04 06:00:00,23.7,95,4.7,980.9,25.0,25.3,4.723479679806364,6,3,9
2025-09-04 07:00:00,24.5,92,7.1,981.3,30.2,30.6,2.8409385484633876,7,3,9
2025-09-04 08:00:00,25.7,90,7.3,981.7,29.5,29.7,2.1197731524912844,8,3,9
2025-09-04 09:00:00,27.2,85,6.7,982.1,29.4,29.6,2.7216550864072304,9,3,9
2025-09-04 10:00:00,28.7,80,9.4,982.3,23.1,23.3,4.171486569547819,10,3,9
2025-09-04 11:00:00,29.6,73,12.2,982.1,16.2,16.5,6.968210667785672,11,3,9
2025-09-04 12:00:00,30.4,68,11.7,981.6,12.0,12.3,15.87390280432171,12,3,9
2025-09-04 13:00:00,30.9,66,10.8,980.9,10.0,10.3,25.651791758007473,13,3,9
2025-09-04 14:00:00,31.0,66,10.8,980.0,8.8,9.2,27.34130562487103,14,3,9
2025-09-04 15:00:00,30.9,68,10.7,979.3,9.3,9.8,32.28267660595122,15,3,9
2025-09-04 16:00:00,30.4,68,10.1,978.8,10.6,11.1,42.299198627471924,16,3,9
2025-09-04 17:00:00,29.7,71,7.0,978.7,7.5,7.5,62.08409538723174,17,3,9
2025-09-04 18:00:00,27.3,85,3.5,979.6,10.4,10.4,51.14830575670515,18,3,9
2025-09-04 19:00:00,26.6,90,3.2,979.9,14.5,14.5,40.52961919421241,19,3,9
2025-09-04 20:00:00,26.2,91,3.6,980.2,20.6,20.8,38.77795852933611,20,3,9
2025-09-04 21:00:00,25.8,93,3.2,980.5,29.0,29.8,45.98153781890869,21,3,9
2025-09-04 22:00:00,25.4,94,2.9,980.7,39.2,40.3,54.41610268184117,22,3,9
2025-09-04 23:00:00,25.1,96,3.3,980.8,48.5,49.7,67.01651359739758,23,3,9
2025-09-05 00:00:00,24.8,97,3.5,980.5,53.7,54.9,90.27169136773973,0,4,9
2025-09-05 01:00:00,24.5,98,2.5,980.1,55.9,57.2,137.87241694132487,1,4,9
2025-09-05 02:00:00,24.3,98,1.4,980.1,56.7,57.9,102.26770565244885,2,4,9
2025-09-05 03:00:00,24.1,99,2.5,979.8,56.8,58.0,81.82333093219333,3,4,9
2025-09-05 04:00:00,24.2,99,3.5,979.9,54.6,55.8,59.22213424576653,4,4,9
2025-09-05 05:00:00,24.2,98,4.8,980.3,34.1,35.3,46.16436576843262,5,4,9
2025-09-05 06:00:00,25.3,95,4.5,980.7,32.0,33.2,36.03942589627372,6,4,9
2025-09-05 07:00:00,26.0,94,5.8,981.4,33.8,34.9,27.203678182429737,7,4,9
2025-09-05 08:00:00,27.4,89,3.9,982.1,26.4,27.0,22.97302770283487,8,4,9
2025-09-05 09:00:00,28.9,80,5.5,982.4,20.1,20.4,19.933190424740314,9,4,9
2025-09-05 10:00:00,30.4,71,5.7,982.4,16.9,17.2,16.69655933058021,10,4,9
2025-09-05 11:00:00,31.3,65,4.5,982.2,15.5,15.9,19.083826426002716,11,4,9
2025-09-05 12:00:00,31.8,62,3.1,981.6,16.2,16.8,23.234224886364405,12,4,9
2025-09-05 13:00:00,32.2,61,2.0,980.9,17.8,18.6,31.414697565414286,13,4,9
2025-09-05 14:00:00,32.6,60,0.2,979.8,19.8,20.9,40.578201399909126,14,4,9
2025-09-05 15:00:00,32.6,58,0.6,978.7,21.3,22.8,51.916705913013885,15,4,9
2025-09-05 16:00:00,32.6,58,0.6,978.0,22.8,24.4,45.42366647720337,16,4,9
2025-09-05 17:00:00,32.2,61,1.5,977.7,16.7,17.2,38.20703956815931,17,4,9
2025-09-05 18:00:00,30.8,77,1.3,978.9,25.8,26.3,40.516305658552376,18,4,9
2025-09-05 19:00:00,29.7,79,2.0,979.2,43.0,43.4,45.34650002585517,19,4,9
2025-09-05 20:00:00,29.2,79,0.5,979.6,63.8,64.3,45.68988900714451,20,4,9
2025-09-05 21:00:00,28.4,82,1.0,980.1,78.7,79.4,58.039705530802415,21,4,9
2025-09-05 22:00:00,27.9,84,3.0,980.6,81.5,82.0,66.04370005925496,22,4,9
2025-09-05 23:00:00,27.3,85,3.7,980.9,78.5,78.9,68.67840067545573,23,4,9
2025-09-06 00:00:00,27.0,85,2.5,980.8,77.1,77.5,61.88889211018879,0,5,9
2025-09-06 01:00:00,26.7,86,1.5,980.7,72.9,73.8,51.82787738906012,1,5,9
2025-09-06 02:00:00,26.4,86,1.5,980.5,68.5,70.1,40.69720382160611,2,5,9
2025-09-06 03:00:00,26.1,88,1.4,980.4,63.1,65.7,40.82624994005476,3,5,9
2025-09-06 04:00:00,26.2,89,2.5,980.6,60.3,63.8,39.157398859659835,4,5,9
2025-09-06 05:00:00,26.2,90,1.7,981.1,62.4,64.5,32.592339106968474,5,5,9
2025-09-06 06:00:00,27.1,89,5.2,981.1,63.1,65.7,27.477702560878935,6,5,9
2025-09-06 07:00:00,27.5,89,5.2,981.5,60.5,63.1,25.502361240841093,7,5,9
2025-09-06 08:00:00,28.3,90,4.3,982.1,50.6,53.2,22.346255977948505,8,5,9
2025-09-06 09:00:00,30.0,80,3.3,982.3,39.1,41.0,22.920886993408203,9,5,9
2025-09-06 10:00:00,30.9,72,5.8,982.4,35.2,36.6,21.75077558699108,10,5,9
2025-09-06 11:00:00,30.4,71,7.8,982.2,32.1,33.1,24.107361214501516,11,5,9
2025-09-06 12:00:00,32.0,63,5.8,981.8,26.7,27.0,22.387226229622254,12,5,9
2025-09-06 13:00:00,32.5,60,4.3,981.0,24.8,25.1,23.771267879576914,13,5,9
2025-09-06 14:00:00,32.7,59,2.5,979.7,25.6,26.1,24.092144880975997,14,5,9
2025-09-06 15:00:00,32.8,59,3.1,978.8,27.6,28.4,23.280882994333904,15,5,9
2025-09-06 16:00:00,32.2,61,5.5,978.5,29.4,30.3,26.722785813467844,16,5,9
2025-09-06 17:00:00,31.5,67,5.1,978.7,36.2,37.1,29.750369026547386,17,5,9
2025-09-06 18:00:00,29.4,78,4.2,979.6,36.7,37.6,32.83329915092105,18,5,9
2025-09-06 19:00:00,28.5,82,5.2,979.3,43.0,43.9,34.11288097926548,19,5,9
2025-09-06 20:00:00,27.9,85,7.1,980.0,49.7,50.6,37.32949384053548,20,5,9
2025-09-06 21:00:00,27.6,86,7.2,980.7,59.8,60.5,40.58950619470505,21,5,9
2025-09-06 22:00:00,27.2,87,6.9,980.8,71.0,71.9,41.41839890252976,22,5,9
2025-09-06 23:00:00,26.8,90,3.7,981.2,79.9,81.0,40.76857730320522,23,5,9
2025-09-07 00:00:00,26.5,92,4.4,980.7,78.2,79.2,40.104761929739084,0,6,9
2025-09-07 01:00:00,26.3,93,2.6,980.6,65.0,65.9,24.480677748294106,1,6,9
2025-09-07 02:00:00,26.2,94,2.8,980.2,56.7,57.5,5.91478969263179,2,6,9
2025-09-07 03:00:00,26.1,95,3.1,980.3,52.2,53.0,8.10367855003902,3,6,9
2025-09-07 04:00:00,26.0,94,5.8,979.9,47.8,48.7,12.679494009131478,4,6,9
2025-09-07 05:00:00,25.5,96,2.4,980.7,27.5,28.0,7.990958318469071,5,6,9
2025-09-07 06:00:00,25.5,94,10.1,980.2,25.1,25.6,3.7697262328472876,6,6,9
2025-09-07 07:00:00,25.9,91,8.7,980.6,25.6,26.2,5.336208317517525,7,6,9
2025-09-07 08:00:00,26.8,88,6.1,981.5,26.2,26.8,13.391345228467669,8,6,9
2025-09-07 09:00:00,27.9,83,6.7,981.6,25.7,26.2,22.372909744580586,9,6,9
2025-09-07 10:00:00,29.4,75,7.6,981.9,26.8,27.3,32.34925471411811,10,6,9
2025-09-07 11:00:00,30.5,74,7.2,981.7,30.0,30.5,36.02395825915867,11,6,9
2025-09-07 12:00:00,31.3,72,7.9,981.0,32.7,33.2,37.07715966966418,12,6,9
2025-09-07 13:00:00,31.4,73,6.6,980.2,34.6,35.2,25.96190269456969,13,6,9
2025-09-07 14:00:00,31.3,74,5.6,979.3,34.2,35.2,39.90527793433932,14,6,9
2025-09-07 15:00:00,30.6,77,7.6,978.0,33.3,34.6,44.39565271801418,15,6,9
2025-09-07 16:00:00,30.0,80,5.5,977.8,32.7,34.2,56.57056470712026,16,6,9
2025-09-07 17:00:00,29.7,81,3.0,977.9,28.6,29.0,53.53231700261434,17,6,9
2025-09-07 18:00:00,26.2,88,3.9,979.0,31.3,31.7,61.937868250740905,18,6,9
2025-09-07 19:00:00,26.0,91,4.7,979.1,37.1,37.5,69.85097932815552,19,6,9
2025-09-07 20:00:00,26.1,92,2.5,979.6,40.9,41.2,50.00484482447306,20,6,9
2025-09-07 21:00:00,26.1,92,3.5,980.2,41.1,41.4,45.43935638003879,21,6,9
2025-09-07 22:00:00,25.9,93,4.2,980.5,45.4,45.9,43.784675651126435,22,6,9
2025-09-07 23:00:00,25.8,93,3.8,980.4,50.1,50.5,35.763518465889824,23,6,9
2025-09-08 00:00:00,25.7,94,4.1,980.1,53.3,53.8,42.51009954346551,0,0,9
2025-09-08 01:00:00,25.6,95,3.8,979.7,51.3,51.8,58.990474462509155,1,0,9
2025-09-08 02:00:00,25.5,95,4.0,979.4,47.7,48.2,53.35758320490519,2,0,9
2025-09-08 03:00:00,25.5,95,4.9,979.0,47.6,48.1,43.554833306206596,3,0,9
2025-09-08 04:00:00,25.5,95,6.4,978.9,46.8,47.3,40.50347248713175,4,0,9
2025-09-08 05:00:00,25.3,96,3.5,979.3,25.1,25.4,38.44437104179746,5,0,9
2025-09-08 06:00:00,23.9,98,8.0,979.8,23.7,23.9,35.44670452390398,6,0,9
2025-09-08 07:00:00,24.5,94,11.1,980.3,18.4,18.6,31.538995992569692,7,0,9
2025-09-08 08:00:00,25.5,91,5.6,981.7,12.4,12.5,29.55654972318619,8,0,9
2025-09-08 09:00:00,26.2,88,3.6,982.4,13.6,13.7,30.761518523806615,9,0,9
2025-09-08 10:00:00,27.5,84,8.6,982.4,16.5,16.6,,10,0,9
2025-09-08 11:00:00,28.2,83,7.0,982.1,19.5,19.7,,11,0,9
2025-09-08 12:00:00,29.0,81,6.5,982.0,21.6,21.8,,12,0,9
2025-09-08 13:00:00,29.7,80,5.0,981.2,23.2,23.4,,13,0,9
2025-09-08 14:00:00,30.3,78,5.3,980.2,23.9,24.1,,14,0,9
2025-09-08 15:00:00,30.5,78,6.4,979.7,25.0,25.3,22.994853142648935,15,0,9
2025-09-08 16:00:00,29.0,85,5.1,979.5,25.3,25.6,21.129194300621748,16,0,9
2025-09-08 17:00:00,28.6,84,4.8,979.6,22.3,22.5,27.935095296729177,17,0,9
2025-09-08 18:00:00,25.7,92,8.2,981.0,25.3,25.4,27.9016765384447,18,0,9
2025-09-08 19:00:00,25.5,94,3.3,980.8,31.0,31.1,32.394988003231234,19,0,9
2025-09-08 20:00:00,25.3,95,4.6,981.2,34.5,34.6,32.91709513323648,20,0,9
2025-09-08 21:00:00,25.2,95,2.9,982.0,37.5,37.7,33.66140685195015,21,0,9
2025-09-08 22:00:00,25.1,96,4.4,982.1,41.9,42.0,37.25029164268857,22,0,9
2025-09-08 23:00:00,24.9,96,3.1,981.9,46.6,46.8,46.5975357010251,23,0,9
2025-09-09 00:00:00,24.9,96,3.1,982.0,51.5,51.7,61.457866992269246,0,1,9
2025-09-09 01:00:00,24.8,96,2.9,981.7,48.4,48.5,63.69652602786109,1,1,9
2025-09-09 02:00:00,24.8,96,4.3,981.4,48.3,48.4,64.70964661098661,2,1,9
2025-09-09 03:00:00,24.7,96,4.6,981.4,50.4,50.5,59.9399695644131,3,1,9
2025-09-09 04:00:00,24.6,96,3.9,981.5,53.3,53.4,47.481851418813065,4,1,9
2025-09-09 05:00:00,24.5,96,3.0,981.6,53.4,53.4,49.36170641581217,5,1,9
2025-09-09 06:00:00,24.8,95,3.7,981.9,53.6,53.7,48.349515892210455,6,1,9
2025-09-09 07:00:00,25.7,94,2.3,982.2,52.5,52.6,47.654559251033895,7,1,9
2025-09-09 08:00:00,27.6,88,1.3,982.9,51.6,51.7,57.26507943017142,8,1,9
2025-09-09 09:00:00,29.3,81,0.8,983.5,41.6,41.8,57.360694117016266,9,1,9
2025-09-09 10:00:00,30.4,74,1.9,983.8,37.6,38.1,50.82000425126818,10,1,9
2025-09-09 11:00:00,31.2,69,2.3,983.6,35.4,36.1,46.851076258553405,11,1,9
2025-09-09 12:00:00,31.9,65,3.1,983.1,35.4,36.1,48.37211820814344,12,1,9
2025-09-09 13:00:00,32.2,62,4.7,982.4,34.6,35.3,56.63262462615967,13,1,9
2025-09-09 14:00:00,31.9,65,6.3,981.6,33.3,33.9,74.2841575410631,14,1,9
2025-09-09 15:00:00,31.8,68,6.0,981.0,32.7,33.3,78.06089878082275,15,1,9
2025-09-09 16:00:00,30.5,73,6.7,980.7,30.6,31.0,75.34814108742607,16,1,9
2025-09-09 17:00:00,30.2,74,4.2,980.8,26.9,27.2,57.67714601092868,17,1,9
2025-09-09 18:00:00,29.9,83,2.4,981.5,35.5,35.7,65.38002310858832,18,1,9
2025-09-09 19:00:00,29.0,84,3.4,981.3,45.6,45.9,83.06120136049059,19,1,9
2025-09-09 20:00:00,28.5,86,4.0,981.7,55.3,55.5,74.693983607822,20,1,9
2025-09-09 21:00:00,28.1,88,5.1,982.0,64.0,64.3,69.34488206439549,21,1,9
2025-09-09 22:00:00,27.6,90,5.5,982.0,66.4,66.6,68.40011358261108,22,1,9
2025-09-09 23:00:00,27.3,90,5.2,982.0,56.0,56.1,73.4500691625807,23,1,9
2025-09-10 00:00:00,27.0,91,5.6,981.9,48.3,48.5,82.33184729682075,0,2,9
2025-09-10 01:00:00,26.8,90,5.6,981.6,45.3,45.5,103.15240213606093,1,2,9
2025-09-10 02:00:00,26.6,90,6.0,981.2,43.8,44.1,111.80015691121419,2,2,9
2025-09-10 03:00:00,26.4,91,6.2,981.1,43.0,43.3,83.18109364461417,3,2,9
2025-09-10 04:00:00,26.3,91,5.8,981.1,43.1,43.5,50.23456223805746,4,2,9
2025-09-10 05:00:00,26.1,92,6.1,981.2,34.9,35.4,36.70028018951416,5,2,9
2025-09-10 06:00:00,26.7,91,7.0,981.7,35.4,36.3,31.25197237067752,6,2,9
2025-09-10 07:00:00,27.2,92,6.5,982.1,36.7,37.6,29.566409746805828,7,2,9
2025-09-10 08:00:00,28.4,87,6.7,982.4,32.5,34.2,28.57647450764974,8,2,9
2025-09-10 09:00:00,29.7,81,7.9,982.8,27.7,30.2,27.578782452477345,9,2,9
2025-09-10 10:00:00,30.9,69,10.6,982.9,22.2,25.8,26.513379229439625,10,2,9
2025-09-10 11:00:00,31.7,64,11.2,982.7,20.2,25.1,24.038458387056988,11,2,9
2025-09-10 12:00:00,32.2,61,11.2,982.2,19.6,26.3,23.985879712634613,12,2,9
2025-09-10 13:00:00,32.6,59,11.1,981.3,19.5,28.3,30.015909671783447,13,2,9
2025-09-10 14:00:00,32.6,59,10.8,980.5,20.1,31.3,36.90037743250529,14,2,9
2025-09-10 15:00:00,32.4,61,10.6,979.5,20.7,33.6,44.84918528132968,15,2,9
2025-09-10 16:00:00,32.0,63,9.6,978.8,21.0,34.5,50.19447710778979,16,2,9
2025-09-10 17:00:00,31.3,68,6.8,978.5,19.4,29.3,56.128231366475426,17,2,9
2025-09-10 18:00:00,29.9,75,4.4,979.1,22.7,30.6,56.50619883007473,18,2,9
2025-09-10 19:00:00,28.7,79,5.0,978.8,26.9,33.3,50.84916893641154,19,2,9
2025-09-10 20:00:00,28.0,81,6.1,979.0,28.3,33.6,53.335719797346336,20,2,9
2025-09-10 21:00:00,27.7,81,6.7,979.2,28.7,33.5,48.5668544239468,21,2,9
2025-09-10 22:00:00,27.3,81,6.9,979.3,28.8,33.5,47.53370613522,22,2,9
2025-09-10 23:00:00,26.8,83,7.0,979.4,28.4,33.3,55.62958812713623,23,2,9
2025-09-11 00:00:00,26.4,85,6.9,979.3,27.1,32.2,71.47079414791531,0,3,9
2025-09-11 01:00:00,26.0,86,6.9,979.1,26.4,31.4,88.43275954988268,1,3,9
2025-09-11 02:00:00,25.8,87,6.7,978.9,25.9,30.7,69.40439069632328,2,3,9
2025-09-11 03:00:00,25.5,88,6.3,978.7,25.9,30.5,51.987151945480186,3,3,9
2025-09-11 04:00:00,25.2,89,5.7,979.0,26.4,30.9,50.29068968031141,4,3,9
2025-09-11 05:00:00,24.9,90,5.3,979.2,25.6,31.0,49.08642940168028,5,3,9
2025-09-11 06:00:00,25.7,91,6.3,979.2,26.9,32.4,41.491576247745094,6,3,9
2025-09-11 07:00:00,26.3,90,6.9,979.8,30.2,35.4,35.90130337079366,7,3,9
2025-09-11 08:00:00,27.5,86,7.3,980.1,30.9,39.1,36.10960412025452,8,3,9
2025-09-11 09:00:00,28.9,80,7.3,980.6,30.3,39.9,37.284782356686065,9,3,9
2025-09-11 10:00:00,30.1,75,5.8,980.7,29.4,39.1,36.56703024440342,10,3,9
2025-09-11 11:00:00,31.1,70,4.9,980.6,28.8,37.7,36.932234151022776,11,3,9
2025-09-11 12:00:00,31.9,65,5.9,980.1,28.2,36.2,37.893648436575226,12,3,9
2025-09-11 13:00:00,32.3,61,6.9,979.8,27.2,34.5,38.799408404032384,13,3,9
2025-09-11 14:00:00,32.5,60,7.4,979.0,26.4,33.3,48.794458548227944,14,3,9
2025-09-11 15:00:00,32.6,60,7.4,978.6,25.5,32.4,55.84293021096124,15,3,9
2025-09-11 16:00:00,32.3,60,7.0,978.1,24.0,31.2,55.551467418670654,16,3,9
2025-09-11 17:00:00,31.5,67,5.1,978.2,33.8,44.9,55.714617570241295,17,3,9
2025-09-11 18:00:00,29.7,76,4.4,979.1,39.8,50.2,65.10194942686293,18,3,9
2025-09-11 19:00:00,28.5,81,4.0,979.2,49.5,60.3,67.67280568016899,19,3,9
2025-09-11 20:00:00,28.0,83,4.1,979.7,54.9,65.7,63.00687048170301,20,3,9
2025-09-11 21:00:00,27.5,85,4.3,980.1,55.1,65.7,67.88858360714381,21,3,9
2025-09-11 22:00:00,27.1,87,4.2,980.4,53.2,64.0,72.04661565356784,22,3,9
2025-09-11 23:00:00,26.7,88,3.9,980.5,51.0,62.4,67.45577801598444,23,3,9
2025-09-12 00:00:00,26.4,89,3.2,980.5,48.8,61.5,73.25406652026706,0,4,9
2025-09-12 01:00:00,26.2,90,3.0,980.2,47.5,61.2,78.54124270545113,1,4,9
2025-09-12 02:00:00,25.8,91,3.9,979.9,46.3,61.2,65.17917590671117,2,4,9
2025-09-12 03:00:00,25.8,91,4.2,979.9,45.1,59.8,44.84533826510111,3,4,9
2025-09-12 04:00:00,25.7,91,4.0,980.1,43.8,58.4,34.678106440438164,4,4,9
2025-09-12 05:00:00,25.5,92,4.1,980.3,25.4,31.2,29.061270687315197,5,4,9
2025-09-12 06:00:00,26.9,91,4.0,980.9,26.0,31.0,23.031055589516956,6,4,9
2025-09-12 07:00:00,27.5,90,4.7,981.4,28.4,32.7,28.504416684309643,7,4,9
2025-09-12 08:00:00,28.7,84,4.6,982.1,26.8,32.5,36.88735180430942,8,4,9
2025-09-12 09:00:00,29.8,75,6.9,982.5,24.0,30.6,30.542351881663006,9,4,9
2025-09-12 10:00:00,30.7,69,6.1,982.7,22.9,29.6,26.072421259350246,10,4,9
2025-09-12 11:00:00,31.5,65,5.6,982.6,22.2,28.8,21.90054164992439,11,4,9
2025-09-12 12:00:00,32.2,62,6.1,982.2,21.1,27.0,23.442726850509644,12,4,9
2025-09-12 13:00:00,32.6,60,6.4,981.4,20.1,25.7,29.81046059396532,13,4,9
2025-09-12 14:00:00,32.7,59,6.6,980.7,19.5,24.9,33.97225804555984,14,4,9
2025-09-12 15:00:00,32.6,60,7.6,979.8,19.6,24.9,35.693692207336426,15,4,9
2025-09-12 16:00:00,32.2,62,7.8,979.1,18.9,24.4,41.54097425576413,16,4,9
2025-09-12 17:00:00,31.4,68,5.8,979.0,27.5,38.0,43.56982735225132,17,4,9
2025-09-12 18:00:00,30.2,73,3.8,980.1,36.6,46.2,49.98186922073364,18,4,9
2025-09-12 19:00:00,29.2,77,3.8,980.2,49.1,59.4,52.30021998995827,19,4,9
2025-09-12 20:00:00,28.8,79,2.3,980.5,61.5,72.2,65.77307355971564,20,4,9
2025-09-12 21:00:00,28.4,81,2.1,981.1,72.9,84.3,62.06009719485328,21,4,9
2025-09-12 22:00:00,27.8,84,3.1,981.2,82.4,94.8,55.40963504427956,22,4,9
2025-09-12 23:00:00,27.2,87,3.7,981.4,78.7,90.1,59.552409081231986,23,4,9
2025-09-13 00:00:00,26.8,88,3.4,981.6,60.3,70.3,60.51642844790505,0,5,9
2025-09-13 01:00:00,26.5,88,2.3,981.4,51.5,61.2,62.250650496709916,1,5,9
2025-09-13 02:00:00,26.2,89,2.6,981.2,49.1,59.8,55.344027837117515,2,5,9
2025-09-13 03:00:00,25.8,90,3.8,981.1,48.4,59.0,44.32650512637514,3,5,9
2025-09-13 04:00:00,25.5,91,3.6,981.3,45.4,55.1,36.145549592517675,4,5,9
2025-09-13 05:00:00,25.4,90,2.0,981.4,28.2,35.5,40.3813053188902,5,5,9
2025-09-13 06:00:00,26.9,91,0.8,981.8,29.3,36.4,42.141563415527344,6,5,9
2025-09-13 07:00:00,27.6,89,1.6,982.4,33.3,39.2,49.052694810491026,7,5,9
2025-09-13 08:00:00,29.2,83,1.1,982.9,34.2,41.7,54.58874736059279,8,5,9
2025-09-13 09:00:00,30.8,72,1.4,983.4,31.1,42.0,47.67599208014352,9,5,9
2025-09-13 10:00:00,31.8,64,2.7,983.4,25.3,39.3,47.319942519778294,10,5,9
2025-09-13 11:00:00,32.5,60,2.4,983.3,23.1,35.0,39.73924614134289,11,5,9
2025-09-13 12:00:00,33.1,57,1.3,982.6,23.5,33.6,34.1389483951387,12,5,9
2025-09-13 13:00:00,33.5,56,1.8,981.6,23.9,32.7,36.501341320219495,13,5,9
2025-09-13 14:00:00,33.6,55,3.1,980.6,24.6,32.2,43.181035677591964,14,5,9
2025-09-13 15:00:00,33.5,56,5.2,979.7,25.1,31.8,47.890547525315064,15,5,9
2025-09-13 16:00:00,33.1,58,5.7,979.3,25.5,30.7,55.2496411005656,16,5,9
2025-09-13 17:00:00,32.3,64,5.2,979.2,27.5,31.8,57.96062092554002,17,5,9
2025-09-13 18:00:00,31.2,70,4.4,980.0,36.2,40.0,68.60674812680199,18,5,9
2025-09-13 19:00:00,29.9,76,4.5,979.8,48.5,52.5,70.9409822282337,19,5,9
2025-09-13 20:00:00,29.4,78,2.4,980.3,61.7,65.7,70.5682023820423,20,5,9
2025-09-13 21:00:00,29.0,80,2.6,980.7,75.7,79.9,77.38311508723667,21,5,9
2025-09-13 22:00:00,28.2,83,4.1,980.7,87.5,91.7,80.51907562074207,22,5,9
2025-09-13 23:00:00,27.7,84,5.0,980.7,85.9,89.6,74.13136704762776,23,5,9
2025-09-14 00:00:00,27.3,86,4.9,980.6,64.7,67.8,80.05783948444184,0,6,9
2025-09-14 01:00:00,26.8,88,4.2,980.6,50.1,53.0,81.65264079684303,1,6,9
2025-09-14 02:00:00,26.4,89,3.9,980.5,44.1,47.3,59.95496640886579,2,6,9
2025-09-14 03:00:00,26.1,90,3.0,980.6,42.1,45.3,40.03848828209771,3,6,9
2025-09-14 04:00:00,25.8,91,3.2,981.0,40.2,43.0,29.474840203921,4,6,9
2025-09-14 05:00:00,25.6,91,1.9,981.1,38.3,50.2,21.974777844217087,5,6,9
2025-09-14 06:00:00,27.2,84,4.9,980.9,35.6,46.9,22.1711505651474,6,6,9
2025-09-14 07:00:00,28.1,81,2.0,981.6,36.1,45.2,26.144201397895813,7,6,9
2025-09-14 08:00:00,29.2,80,2.6,982.2,34.9,45.1,27.49356245994568,8,6,9
2025-09-14 09:00:00,30.7,75,2.4,982.8,29.9,42.5,25.799653677713305,9,6,9
2025-09-14 10:00:00,32.3,66,1.5,983.2,24.2,39.0,26.494962260836648,10,6,9
2025-09-14 11:00:00,33.5,54,2.1,982.8,21.3,33.6,27.046696367717924,11,6,9
2025-09-14 12:00:00,34.1,51,2.2,981.9,21.2,30.9,25.816303559712,12,6,9
2025-09-14 13:00:00,34.5,50,2.7,981.1,21.4,29.3,32.48701617452833,13,6,9
2025-09-14 14:00:00,34.6,50,3.5,980.3,22.0,28.7,37.01611804962158,14,6,9
2025-09-14 15:00:00,34.4,51,4.1,979.3,22.4,28.0,39.30733558866713,15,6,9
2025-09-14 16:00:00,34.2,52,4.8,978.8,22.4,27.0,42.47918754153782,16,6,9
2025-09-14 17:00:00,33.1,61,4.1,978.4,16.9,18.2,48.822338051266144,17,6,9
2025-09-14 18:00:00,31.6,69,3.7,979.1,29.0,30.0,59.478386561075844,18,6,9
2025-09-14 19:00:00,30.6,71,3.1,979.1,40.6,41.6,65.87687709596422,19,6,9
2025-09-14 20:00:00,29.7,75,3.9,979.5,50.5,52.0,66.54620382520888,20,6,9
2025-09-14 21:00:00,29.3,76,4.4,979.7,55.5,57.3,62.424867947896324,21,6,9
2025-09-14 22:00:00,28.6,77,5.0,979.7,55.8,57.4,55.04306046168009,22,6,9
2025-09-14 23:00:00,28.0,79,5.3,980.0,53.9,56.0,60.23689566718207,23,6,9
2025-09-15 00:00:00,27.4,83,4.7,979.8,51.1,54.0,67.93733808729384,0,0,9
2025-09-15 01:00:00,27.1,85,4.4,979.8,48.2,51.8,78.958800845676,1,0,9
2025-09-15 02:00:00,26.8,86,2.7,979.3,45.5,49.7,79.50728199217055,2,0,9
2025-09-15 03:00:00,26.7,86,1.8,979.2,43.2,47.6,49.88926378885905,3,0,9
2025-09-15 04:00:00,26.6,87,0.5,979.3,40.9,45.4,50.07573609881931,4,0,9
2025-09-15 05:00:00,26.3,88,4.7,979.8,27.8,42.5,42.85728491677178,5,0,9
2025-09-15 06:00:00,27.6,82,4.0,979.4,32.2,46.8,35.09905959689428,6,0,9
2025-09-15 07:00:00,28.4,79,5.8,979.6,36.2,47.7,33.92021615164621,7,0,9
2025-09-15 08:00:00,29.7,76,0.8,979.9,33.8,47.6,32.256180445353195,8,0,9
2025-09-15 09:00:00,31.0,73,5.0,980.1,30.6,47.1,28.846255779266357,9,0,9
2025-09-15 10:00:00,31.8,71,5.0,980.4,29.5,46.6,32.03636636279878,10,0,9
2025-09-15 11:00:00,32.9,63,3.0,979.9,28.6,45.8,30.36268673397246,11,0,9
2025-09-15 12:00:00,33.9,57,3.2,979.6,28.1,42.1,31.97434751722548,12,0,9
2025-09-15 13:00:00,34.5,54,5.0,978.6,27.5,38.6,33.43793641953241,13,0,9
2025-09-15 14:00:00,34.8,52,6.2,977.4,27.5,36.8,36.71764880134946,14,0,9
2025-09-15 15:00:00,34.6,52,6.1,976.6,26.8,34.5,42.76943640481858,15,0,9
2025-09-15 16:00:00,34.2,54,6.9,976.2,25.7,32.0,51.91870945769471,16,0,9
2025-09-15 17:00:00,33.0,60,6.9,975.8,28.4,32.6,50.47254197422044,17,0,9
2025-09-15 18:00:00,31.5,70,4.8,976.4,35.0,38.3,53.49568239847819,18,0,9
2025-09-15 19:00:00,31.0,70,3.5,976.7,40.9,43.3,49.92241064707438,19,0,9
2025-09-15 20:00:00,30.5,73,3.6,977.7,43.3,45.2,57.76955924715315,20,0,9
2025-09-15 21:00:00,29.5,77,4.9,978.4,47.5,49.2,64.8589900334676,21,0,9
2025-09-15 22:00:00,28.9,79,5.0,978.6,48.1,49.6,68.03312083653041,22,0,9
2025-09-15 23:00:00,28.4,81,4.9,978.6,45.5,47.0,58.85477960677373,23,0,9
2025-09-16 00:00:00,27.9,83,4.9,978.4,42.7,44.1,50.04500788734073,0,1,9
2025-09-16 01:00:00,27.5,83,5.2,978.0,40.9,42.1,46.049329493468974,1,1,9
2025-09-16 02:00:00,27.1,84,5.5,977.5,39.0,40.2,49.23647288367862,2,1,9
2025-09-16 03:00:00,26.5,87,7.7,978.5,37.1,38.2,45.59196869207888,3,1,9
2025-09-16 04:00:00,25.8,92,8.5,979.2,35.6,36.9,42.160031591142925,4,1,9
2025-09-16 05:00:00,25.3,94,12.4,979.4,33.9,37.7,39.11337761651902,5,1,9
2025-09-16 06:00:00,28.0,85,4.1,978.4,33.2,36.1,35.50709728967576,6,1,9
2025-09-16 07:00:00,27.7,87,6.0,979.2,34.3,36.8,29.301667343486436,7,1,9
2025-09-16 08:00:00,28.8,83,5.8,980.2,35.3,37.7,26.350861867268883,8,1,9
2025-09-16 09:00:00,30.1,75,7.1,980.7,34.0,38.0,23.935233910878498,9,1,9
2025-09-16 10:00:00,31.3,70,6.6,981.0,33.3,39.7,25.011247714360554,10,1,9
2025-09-16 11:00:00,32.3,63,6.6,980.7,34.8,44.7,24.706180572509766,11,1,9
2025-09-16 12:00:00,33.2,58,6.8,980.1,34.1,49.1,27.751630624135334,12,1,9
2025-09-16 13:00:00,33.9,53,7.2,979.1,33.5,52.3,33.17858069737752,13,1,9
2025-09-16 14:00:00,34.1,52,8.2,978.0,33.2,52.2,36.78874708811442,14,1,9
2025-09-16 15:00:00,34.2,52,8.0,977.3,31.9,49.4,42.62198336919148,15,1,9
2025-09-16 16:00:00,33.6,54,7.0,977.1,31.2,47.1,50.226456567976214,16,1,9
2025-09-16 17:00:00,32.9,59,3.2,977.4,35.5,50.1,54.60362471474542,17,1,9
2025-09-16 18:00:00,31.4,65,4.9,978.1,43.2,58.8,53.004659493764244,18,1,9
2025-09-16 19:00:00,31.0,68,3.5,978.7,52.7,69.4,51.80728933546278,19,1,9
2025-09-16 20:00:00,30.2,71,4.6,979.2,56.9,75.0,57.865328576829704,20,1,9
2025-09-16 21:00:00,29.5,73,4.9,979.7,59.6,79.4,55.77560647328695,21,1,9
2025-09-16 22:00:00,29.1,74,4.0,979.9,61.2,83.8,56.07836580276489,22,1,9
2025-09-16 23:00:00,28.5,75,4.7,979.8,59.0,84.1,58.77488390604655,23,1,9
2025-09-17 00:00:00,28.2,75,1.6,979.9,54.8,82.7,64.5246598455641,0,2,9
2025-09-17 01:00:00,27.1,81,3.1,979.9,52.7,84.1,69.06496344672308,1,2,9
2025-09-17 02:00:00,26.3,85,3.8,979.8,52.9,88.9,61.10558319091797,2,2,9
2025-09-17 03:00:00,25.9,88,3.7,979.8,53.2,92.4,60.336029847462974,3,2,9
2025-09-17 04:00:00,25.7,89,3.8,979.9,53.0,89.9,66.56368794214157,4,2,9
2025-09-17 05:00:00,25.5,90,5.2,980.2,46.7,62.9,45.14306958516438,5,2,9
2025-09-17 06:00:00,27.2,87,2.1,980.3,46.1,61.2,50.65263689131963,6,2,9
2025-09-17 07:00:00,28.4,83,3.5,980.8,48.3,62.4,45.572215974072876,7,2,9
2025-09-17 08:00:00,30.4,70,1.5,981.4,47.8,70.1,42.107251962025956,8,2,9
2025-09-17 09:00:00,32.1,60,1.8,981.8,44.9,71.9,36.68680623112893,9,2,9
2025-09-17 10:00:00,33.4,53,2.4,982.0,41.2,66.6,33.65235919044132,10,2,9
2025-09-17 11:00:00,34.3,49,3.1,981.7,39.6,64.3,40.31397801353818,11,2,9
2025-09-17 12:00:00,35.0,48,3.8,980.8,39.2,73.6,37.897406986781526,12,2,9
2025-09-17 13:00:00,35.1,47,3.5,980.1,40.2,77.5,38.4374307450794,13,2,9
2025-09-17 14:00:00,35.4,45,3.9,978.8,39.9,77.3,38.93861888703846,14,2,9
2025-09-17 15:00:00,35.4,45,5.1,977.9,39.6,75.0,42.078516165415444,15,2,9
2025-09-17 16:00:00,35.1,46,6.3,977.5,39.1,72.2,49.27403953340319,16,2,9
2025-09-17 17:00:00,34.0,52,6.0,977.2,47.7,80.6,56.74424282709757,17,2,9
2025-09-17 18:00:00,32.3,63,4.2,978.0,64.3,92.9,55.81148613823785,18,2,9
2025-09-17 19:00:00,31.7,67,3.2,978.2,79.4,109.7,55.22944927215576,19,2,9
2025-09-17 20:00:00,31.1,69,3.9,978.7,86.6,115.3,56.379367881351044,20,2,9
2025-09-17 21:00:00,30.3,71,5.0,979.2,75.2,97.6,59.469300958845345,21,2,9
2025-09-17 22:00:00,29.6,71,5.7,979.5,63.6,81.3,65.32305553224352,22,2,9
2025-09-17 23:00:00,29.1,72,5.9,979.7,55.1,69.8,68.19047689437866,23,2,9
2025-09-18 00:00:00,28.6,74,5.9,979.8,47.7,60.3,71.50424078835381,0,3,9
2025-09-18 01:00:00,28.1,76,5.9,979.6,41.9,53.2,81.01748858557808,1,3,9
2025-09-18 02:00:00,27.5,80,4.8,979.4,38.3,49.1,67.76691214243571,2,3,9
2025-09-18 03:00:00,27.0,83,4.4,979.2,36.9,47.5,47.88503699832492,3,3,9
2025-09-18 04:00:00,26.6,84,3.4,979.5,37.6,47.8,36.12704270150926,4,3,9
2025-09-18 05:00:00,25.7,88,10.3,979.9,50.6,61.7,35.06605331103007,5,3,9
2025-09-18 06:00:00,27.9,80,6.2,979.9,49.5,59.8,31.846960835986664,6,3,9
2025-09-18 07:00:00,28.1,81,6.4,980.6,50.5,60.5,33.74969450632731,7,3,9
2025-09-18 08:00:00,29.5,76,7.6,981.5,50.2,62.4,39.77183347278171,8,3,9
2025-09-18 09:00:00,31.2,68,7.2,982.0,47.3,61.5,40.34889615906609,9,3,9
2025-09-18 10:00:00,32.6,61,7.0,982.1,43.7,60.8,38.704872661166725,10,3,9
2025-09-18 11:00:00,33.6,55,6.6,981.9,42.0,62.9,37.74599536259969,11,3,9
2025-09-18 12:00:00,34.6,50,7.0,980.8,41.6,65.0,43.95282159911262,12,3,9
2025-09-18 13:00:00,35.0,47,7.8,979.9,41.0,68.2,51.23653602600098,13,3,9
2025-09-18 14:00:00,35.3,46,8.1,978.6,40.7,70.3,61.01747253206042,14,3,9
2025-09-18 15:00:00,35.7,43,7.5,977.8,40.4,71.2,63.9111155403985,15,3,9
2025-09-18 16:00:00,35.3,44,4.6,977.4,39.9,70.5,56.89921977784898,16,3,9
2025-09-18 17:00:00,34.6,46,1.7,977.5,43.2,75.7,63.19985177781847,17,3,9
2025-09-18 18:00:00,34.3,51,0.7,978.4,54.4,80.1,63.142071353064644,18,3,9
2025-09-18 19:00:00,32.9,52,0.4,979.1,54.9,75.0,59.22382390860355,19,3,9
2025-09-18 20:00:00,31.4,55,2.9,979.8,54.4,71.7,70.94242127736409,20,3,9
2025-09-18 21:00:00,30.4,63,3.1,980.6,55.2,71.0,61.53679397371079,21,3,9
2025-09-18 22:00:00,29.6,70,2.4,980.5,56.6,71.9,65.15256971783107,22,3,9
2025-09-18 23:00:00,28.7,72,3.1,980.2,56.6,71.2,69.44360415140788,23,3,9
2025-09-19 00:00:00,27.9,74,3.6,980.3,53.8,68.5,85.0768886672126,0,4,9
2025-09-19 01:00:00,27.5,77,0.9,980.1,51.1,65.7,81.99644173516168,1,4,9
2025-09-19 02:00:00,26.8,78,3.1,979.9,49.2,63.6,79.03130547205608,2,4,9
2025-09-19 03:00:00,26.5,78,5.3,979.5,47.3,60.8,56.839821550581185,3,4,9
2025-09-19 04:00:00,26.1,82,5.8,979.6,44.5,57.7,43.13665053579542,4,4,9
2025-09-19 05:00:00,26.0,83,7.4,979.9,48.5,62.9,34.69428866078155,5,4,9
2025-09-19 06:00:00,24.0,92,3.5,981.7,45.3,59.8,24.42537495825026,6,4,9
2025-09-19 07:00:00,25.4,87,1.9,981.7,47.8,61.2,22.33116665151384,7,4,9
2025-09-19 08:00:00,27.1,76,8.4,982.6,43.3,58.4,21.274994672290862,8,4,9
2025-09-19 09:00:00,30.2,63,3.2,983.1,38.8,54.9,18.05499556002679,9,4,9
2025-09-19 10:00:00,31.8,56,1.5,983.5,37.5,55.3,18.707097218150185,10,4,9
2025-09-19 11:00:00,33.2,51,2.4,983.1,36.7,56.0,21.80210915065947,11,4,9
2025-09-19 12:00:00,34.9,44,3.1,982.4,35.7,55.5,30.443545583006625,12,4,9
2025-09-19 13:00:00,35.8,39,3.4,981.6,36.0,55.8,33.391852887471515,13,4,9
2025-09-19 14:00:00,36.4,36,5.1,980.3,36.6,56.7,35.89404748801029,14,4,9
2025-09-19 15:00:00,34.0,43,12.6,980.1,36.9,57.3,38.122766717274985,15,4,9
2025-09-19 16:00:00,33.7,46,8.1,979.8,37.7,57.5,44.6283438205719,16,4,9
2025-09-19 17:00:00,33.4,49,7.0,979.4,36.0,57.4,48.637274503707886,17,4,9
2025-09-19 18:00:00,32.3,49,0.9,980.3,49.0,66.8,51.084481352851505,18,4,9
2025-09-19 19:00:00,31.2,57,1.3,980.3,57.7,75.0,76.92874224980672,19,4,9
2025-09-19 20:00:00,30.4,63,2.3,980.5,59.0,73.8,72.96757292747498,20,4,9
2025-09-19 21:00:00,29.7,72,2.2,981.0,61.5,75.9,62.46920839945476,21,4,9
2025-09-19 22:00:00,29.1,75,0.5,981.0,70.1,84.8,88.11119723320007,22,4,9
2025-09-19 23:00:00,28.2,78,1.1,980.9,78.0,92.9,64.13358696301778,23,4,9
2025-09-20 00:00:00,27.4,81,2.0,980.5,78.9,92.0,50.54742383956909,0,5,9
2025-09-20 01:00:00,26.7,85,2.2,980.5,75.4,87.1,46.24136447906494,1,5,9
2025-09-20 02:00:00,26.3,87,2.8,980.2,72.9,83.8,42.02932278315226,2,5,9
2025-09-20 03:00:00,25.8,90,2.4,980.1,70.5,81.3,48.79122932751974,3,5,9
2025-09-20 04:00:00,25.5,92,2.0,980.3,68.5,78.9,53.82929999033611,4,5,9
2025-09-20 05:00:00,25.2,92,2.3,980.6,73.1,82.7,47.926383082071936,5,5,9
2025-09-20 06:00:00,25.4,91,3.1,981.5,70.8,80.6,42.68684438069661,6,5,9
2025-09-20 07:00:00,26.6,83,4.0,982.0,71.5,80.8,40.98121198018392,7,5,9
2025-09-20 08:00:00,29.1,70,3.1,982.5,62.6,74.3,42.0203971862793,8,5,9
2025-09-20 09:00:00,31.5,59,1.8,983.1,48.3,63.6,44.44984165827434,9,5,9
2025-09-20 10:00:00,33.5,49,2.0,983.0,42.8,59.5,49.28888079325358,10,5,9
2025-09-20 11:00:00,35.1,41,3.0,982.8,40.9,58.1,51.67137756347656,11,5,9
2025-09-20 12:00:00,36.4,35,4.4,981.7,36.7,54.1,52.05527229309082,12,5,9
2025-09-20 13:00:00,36.9,32,6.4,980.8,34.5,52.5,58.86319185892741,13,5,9
2025-09-20 14:00:00,37.2,31,7.9,979.8,34.3,53.0,79.3334337234497,14,5,9
2025-09-20 15:00:00,37.0,31,8.2,979.1,34.7,53.6,86.73885809580486,15,5,9
2025-09-20 16:00:00,36.6,32,7.6,978.8,35.3,54.2,94.63106958793871,16,5,9
2025-09-20 17:00:00,35.8,35,6.7,978.5,34.2,48.4,96.06553281148274,17,5,9
2025-09-20 18:00:00,33.9,43,3.8,979.4,50.1,63.6,102.70398635864258,18,5,9
2025-09-20 19:00:00,32.4,52,3.0,979.4,62.2,76.4,104.24096641540527,19,5,9
2025-09-20 20:00:00,31.2,60,2.1,979.5,69.6,84.5,105.85436108907065,20,5,9
2025-09-20 21:00:00,30.4,64,2.8,979.8,76.8,92.0,121.08507200876872,21,5,9
2025-09-20 22:00:00,29.5,67,3.6,979.5,86.8,102.4,129.1637803395589,22,5,9
2025-09-20 23:00:00,29.2,66,3.6,979.5,96.4,112.0,130.07059135437012,23,5,9
2025-09-21 00:00:00,29.2,62,5.3,979.4,89.9,104.1,107.14674739837646,0,6,9
2025-09-21 01:00:00,29.0,63,6.5,979.3,72.2,85.4,113.82504952748619,1,6,9
2025-09-21 02:00:00,28.4,65,5.9,979.3,62.6,75.9,102.35819020044237,2,6,9
2025-09-21 03:00:00,28.1,67,5.6,979.0,58.7,73.1,93.10062459309896,3,6,9
2025-09-21 04:00:00,27.5,70,4.5,979.2,57.6,74.5,89.89870796203613,4,6,9
2025-09-21 05:00:00,27.0,74,4.0,979.7,77.3,95.5,75.37445592880249,5,6,9
2025-09-21 06:00:00,27.6,82,2.9,980.4,71.5,92.0,52.433819675445555,6,6,9
2025-09-21 07:00:00,28.4,77,1.1,981.1,71.7,90.3,34.71977082888285,7,6,9
2025-09-21 08:00:00,30.1,71,1.9,981.5,65.0,85.2,32.413937489191696,8,6,9
2025-09-21 09:00:00,31.9,63,2.4,981.8,58.7,85.4,32.352897008260086,9,6,9
2025-09-21 10:00:00,33.8,53,2.1,981.7,56.0,85.7,29.078919569651287,10,6,9
2025-09-21 11:00:00,35.4,43,3.2,981.2,54.4,86.8,29.91941382090251,11,6,9
2025-09-21 12:00:00,36.7,37,5.1,980.3,50.6,84.5,33.99658511479696,12,6,9
2025-09-21 13:00:00,37.3,33,8.2,979.3,45.4,77.3,42.18933347066243,13,6,9
2025-09-21 14:00:00,37.5,32,9.7,978.1,42.6,72.4,41.0204999923706,14,6,9
2025-09-21 15:00:00,37.4,33,10.0,977.5,40.3,68.2,45.04792772928874,15,6,9
2025-09-21 16:00:00,37.1,34,10.1,977.1,38.4,64.5,48.441186078389485,16,6,9
2025-09-21 17:00:00,36.4,36,10.0,977.2,37.0,54.8,61.56126117706299,17,6,9
2025-09-21 18:00:00,34.3,42,9.6,978.2,51.1,67.1,51.94053338368734,18,6,9
2025-09-21 19:00:00,33.4,45,6.6,978.6,67.1,84.8,53.36736920674641,19,6,9
2025-09-21 20:00:00,32.1,55,2.9,978.7,78.7,96.4,51.78989442189535,20,6,9
2025-09-21 21:00:00,31.5,60,0.7,978.9,81.7,97.6,50.64943339029948,21,6,9
2025-09-21 22:00:00,30.7,60,0.6,978.8,83.1,98.0,53.625735918680824,22,6,9
2025-09-21 23:00:00,30.0,63,0.9,978.8,87.8,102.2,61.726030349731445,23,6,9
2025-09-22 00:00:00,29.5,66,2.4,978.7,89.2,102.9,77.6306277592977,0,0,9
2025-09-22 01:00:00,28.9,66,4.2,978.8,86.6,99.4,74.86008879343669,1,0,9
2025-09-22 02:00:00,28.3,70,3.8,978.7,82.4,94.3,86.90730806986491,2,0,9
2025-09-22 03:00:00,27.7,73,2.9,978.9,78.5,89.4,64.34093348185222,3,0,9
2025-09-22 04:00:00,27.1,75,3.1,979.4,74.3,84.3,45.77646961212158,4,0,9
2025-09-22 05:00:00,26.5,77,4.5,980.0,60.1,73.8,36.06058946362248,5,0,9
2025-09-22 06:00:00,27.8,80,4.6,980.8,57.2,70.3,32.127833339903084,6,0,9
2025-09-22 07:00:00,28.3,78,3.8,981.4,59.3,69.8,27.013705498040324,7,0,9
2025-09-22 08:00:00,30.1,70,3.1,981.9,54.1,65.0,22.98418437110053,8,0,9
2025-09-22 09:00:00,32.6,57,3.1,982.4,42.7,56.6,23.315991266568503,9,0,9
2025-09-22 10:00:00,34.9,42,3.3,982.4,38.0,52.0,17.694013787640465,10,0,9
2025-09-22 11:00:00,36.2,35,4.5,981.8,34.2,47.5,15.344490753279793,11,0,9
2025-09-22 12:00:00,37.0,33,6.5,981.2,31.3,43.3,26.391472299893696,12,0,9
2025-09-22 13:00:00,37.7,31,8.3,980.1,27.9,39.2,39.73700708813138,13,0,9
2025-09-22 14:00:00,37.9,29,9.3,979.0,23.9,34.2,43.16443999608358,14,0,9
2025-09-22 15:00:00,37.8,28,9.0,978.7,20.5,29.8,47.08853022257487,15,0,9
2025-09-22 16:00:00,37.3,28,9.3,978.4,19.1,28.2,48.710467921362984,16,0,9
2025-09-22 17:00:00,36.2,30,10.9,978.4,19.3,26.1,50.93927370418202,17,0,9
2025-09-22 18:00:00,34.7,34,9.7,979.3,29.5,36.6,47.28260542551676,18,0,9
2025-09-22 19:00:00,33.6,38,8.4,979.3,43.0,50.4,46.98693332672119,19,0,9
2025-09-22 20:00:00,32.8,43,6.7,979.5,56.8,65.2,50.12745844523112,20,0,9
2025-09-22 21:00:00,32.0,47,5.0,979.7,64.0,72.6,58.19258327484131,21,0,9
2025-09-22 22:00:00,31.4,51,5.6,979.7,66.1,74.3,60.013283030192056,22,0,9
2025-09-22 23:00:00,30.7,55,6.2,979.4,65.0,72.9,53.676269594828284,23,0,9
2025-09-23 00:00:00,29.8,59,5.8,979.4,57.7,66.4,64.45514170328775,0,1,9
2025-09-23 01:00:00,29.1,62,6.0,979.1,49.9,59.6,76.39984111785888,1,1,9
2025-09-23 02:00:00,28.8,63,5.8,979.1,44.1,55.2,83.52863915761313,2,1,9
2025-09-23 03:00:00,28.2,65,5.1,979.2,40.5,53.8,68.38339697519937,3,1,9
2025-09-23 04:00:00,27.6,67,4.5,979.5,39.8,55.2,53.545633252461755,4,1,9
2025-09-23 05:00:00,27.0,70,3.9,980.1,21.9,36.8,39.3007762966734,5,1,9
2025-09-23 06:00:00,27.4,73,3.6,980.7,25.8,42.4,28.14935929847486,6,1,9
2025-09-23 07:00:00,28.3,68,3.0,981.2,36.0,51.7,22.15007474639199,7,1,9
2025-09-23 08:00:00,30.3,60,1.2,982.0,33.3,49.9,19.112935018539428,8,1,9
2025-09-23 09:00:00,32.8,50,1.4,982.4,31.1,48.9,17.96269546614753,9,1,9
2025-09-23 10:00:00,35.3,35,4.6,982.4,28.3,45.8,19.073169485727945,10,1,9
2025-09-23 11:00:00,36.6,30,7.6,981.9,23.8,37.3,23.014303247133892,11,1,9
2025-09-23 12:00:00,37.4,28,8.1,981.1,21.4,30.7,28.348506715562607,12,1,9
2025-09-23 13:00:00,37.6,28,8.3,980.1,19.2,26.0,38.125224669774376,13,1,9
2025-09-23 14:00:00,37.7,28,7.9,978.7,17.8,23.3,45.444808032777566,14,1,9
2025-09-23 15:00:00,37.6,28,8.1,978.1,17.1,22.1,47.9904400507609,15,1,9
2025-09-23 16:00:00,36.9,28,8.8,977.5,16.9,21.6,51.27218749788073,16,1,9
2025-09-23 17:00:00,35.8,31,9.1,977.3,16.8,20.5,59.64028464423286,17,1,9
2025-09-23 18:00:00,34.6,33,8.5,978.5,27.3,30.7,67.4079860051473,18,1,9
2025-09-23 19:00:00,33.4,40,7.9,978.4,40.7,44.4,69.72698582543268,19,1,9
2025-09-23 20:00:00,32.4,46,7.1,978.8,54.9,59.3,71.29917181862724,20,1,9
2025-09-23 21:00:00,31.4,51,6.0,978.9,62.4,67.8,72.55697218577068,21,1,9
2025-09-23 22:00:00,30.5,56,5.5,978.8,64.3,70.5,91.37372949388292,22,1,9
2025-09-23 23:00:00,29.7,59,5.9,978.8,61.5,68.9,116.64852121141223,23,1,9
2025-09-24 00:00:00,29.0,62,6.3,978.6,55.3,65.2,115.10291216108533,0,2,9
2025-09-24 01:00:00,28.5,64,6.3,978.3,49.7,62.4,125.51744503445094,1,2,9
2025-09-24 02:00:00,28.1,65,5.8,977.9,45.1,60.1,113.6658566262987,2,2,9
2025-09-24 03:00:00,27.6,67,4.8,977.9,41.4,58.4,67.28761545817058,3,2,9
2025-09-24 04:00:00,27.1,70,4.2,978.1,39.0,57.3,47.92328008015951,4,2,9
2025-09-24 05:00:00,26.5,74,3.6,978.2,24.6,41.7,40.56334696875678,5,2,9
2025-09-24 06:00:00,27.0,78,5.4,979.0,29.8,47.3,34.69689575831095,6,2,9
2025-09-24 07:00:00,27.9,74,6.2,979.7,39.6,55.9,28.959474554768317,7,2,9
2025-09-24 08:00:00,29.6,66,1.9,980.3,36.4,53.1,30.537320221313323,8,2,9
2025-09-24 09:00:00,31.8,57,2.5,980.6,33.3,53.4,33.5210948255327,9,2,9
2025-09-24 10:00:00,34.0,44,3.4,980.7,31.2,51.8,31.011546187930634,10,2,9
2025-09-24 11:00:00,35.5,38,3.6,980.2,27.0,43.8,33.05759723981222,11,2,9
2025-09-24 12:00:00,36.3,36,4.7,979.2,24.5,36.8,34.08333542611864,12,2,9
2025-09-24 13:00:00,36.9,34,6.2,978.1,23.2,33.1,38.15845147768656,13,2,9
2025-09-24 14:00:00,37.0,34,8.1,976.7,22.1,30.0,41.18099080191718,14,2,9
2025-09-24 15:00:00,36.8,34,9.7,976.1,21.1,27.7,42.35722668965658,15,2,9
2025-09-24 16:00:00,36.2,35,10.0,976.0,20.4,26.1,49.96811103820801,16,2,9
2025-09-24 17:00:00,35.2,37,10.3,975.9,20.6,26.2,56.68731239106919,17,2,9
2025-09-24 18:00:00,34.4,39,9.7,977.0,30.9,35.7,60.800810390048554,18,2,9
2025-09-24 19:00:00,33.7,41,6.7,977.1,44.0,48.9,62.74624538421631,19,2,9
2025-09-24 20:00:00,32.3,48,4.5,977.4,58.0,62.9,67.93104150560167,20,2,9
2025-09-24 21:00:00,31.0,56,3.4,977.8,69.2,74.3,83.39863157272339,21,2,9
2025-09-24 22:00:00,30.2,60,3.8,978.0,72.2,78.2,93.55556223127577,22,2,9
2025-09-24 23:00:00,29.7,62,4.5,978.1,66.8,74.3,108.15316157870821,23,2,9
2025-09-25 00:00:00,29.1,65,5.0,978.0,56.8,65.9,125.91893026563855,0,3,9
2025-09-25 01:00:00,28.4,68,4.6,978.0,50.2,60.8,123.87870121002197,1,3,9
2025-09-25 02:00:00,27.9,70,4.5,977.8,47.5,59.1,88.25231338682629,2,3,9
2025-09-25 03:00:00,27.3,73,4.2,978.0,48.1,60.5,57.17276059105283,3,3,9
2025-09-25 04:00:00,26.9,75,2.8,978.2,52.4,65.4,53.07674782616751,4,3,9
2025-09-25 05:00:00,26.5,77,1.4,978.7,32.9,48.5,44.88501412527902,5,3,9
2025-09-25 06:00:00,26.7,79,6.4,979.4,36.2,52.4,43.167323362259644,6,3,9
2025-09-25 07:00:00,27.2,76,5.2,979.8,42.5,57.3,39.54267443815867,7,3,9
2025-09-25 08:00:00,28.9,67,1.8,980.6,39.9,57.6,27.33928128083547,8,3,9
2025-09-25 09:00:00,31.1,57,2.8,981.1,34.1,55.4,26.39705547832307,9,3,9
2025-09-25 10:00:00,33.4,47,2.8,981.1,29.2,50.9,22.51945037501199,10,3,9
2025-09-25 11:00:00,35.3,38,2.9,980.8,23.6,40.7,21.103992047385564,11,3,9
2025-09-25 12:00:00,36.4,35,2.2,980.0,20.7,32.7,30.636934490809363,12,3,9
2025-09-25 13:00:00,37.2,32,1.8,979.2,19.0,28.9,34.248809544623846,13,3,9
2025-09-25 14:00:00,37.4,30,4.1,978.4,18.7,27.6,39.67677971522013,14,3,9
2025-09-25 15:00:00,37.1,29,8.1,978.1,18.1,26.7,47.32226196016585,15,3,9
2025-09-25 16:00:00,36.4,31,8.5,977.9,17.5,26.0,50.68058541010297,16,3,9
2025-09-25 17:00:00,35.4,33,8.8,977.9,17.5,28.4,48.45416673932757,17,3,9
2025-09-25 18:00:00,34.4,35,7.1,979.1,26.0,36.1,53.026648757571266,18,3,9
2025-09-25 19:00:00,33.6,38,4.9,979.9,37.5,47.8,62.489236138358955,19,3,9
2025-09-25 20:00:00,32.7,43,3.8,980.1,50.3,60.5,64.00282135009766,20,3,9
2025-09-25 21:00:00,31.5,47,1.4,980.5,63.6,73.8,59.538670554993644,21,3,9
2025-09-25 22:00:00,30.5,52,2.2,980.2,73.1,83.4,63.17210320366753,22,3,9
2025-09-25 23:00:00,30.0,58,0.8,980.3,76.8,86.8,66.53605161999899,23,3,9
2025-09-26 00:00:00,29.8,58,3.2,980.2,78.0,88.2,61.379106353275354,0,4,9
2025-09-26 01:00:00,29.6,60,6.1,980.0,78.9,90.1,81.2832003245278,1,4,9
2025-09-26 02:00:00,29.1,63,4.9,979.9,77.1,89.2,114.01164682176378,2,4,9
2025-09-26 03:00:00,28.7,65,4.5,979.8,73.6,86.4,97.94354358249241,3,4,9
2025-09-26 04:00:00,28.4,66,4.9,979.9,71.5,85.2,81.74411096724252,4,4,9
2025-09-26 05:00:00,27.9,68,4.7,980.5,39.7,54.6,64.82822827233208,5,4,9
2025-09-26 06:00:00,27.6,75,3.7,981.1,43.0,58.4,61.21048620012071,6,4,9
2025-09-26 07:00:00,28.5,71,5.0,981.9,49.5,63.1,54.61950593675886,7,4,9
2025-09-26 08:00:00,30.1,65,0.7,982.5,47.4,58.4,48.30313687097458,8,4,9
2025-09-26 09:00:00,31.9,58,1.3,983.0,40.2,50.5,42.54122625078474,9,4,9
2025-09-26 10:00:00,33.6,48,1.8,982.9,31.9,41.6,42.90056341867598,10,4,9
2025-09-26 11:00:00,35.1,41,4.2,982.4,29.4,39.9,44.56679565490238,11,4,9
2025-09-26 12:00:00,36.1,38,6.2,981.6,28.9,39.2,50.00826378171406,12,4,9
2025-09-26 13:00:00,36.6,36,7.6,980.8,28.6,38.5,57.31331360832093,13,4,9
2025-09-26 14:00:00,36.8,36,7.9,979.7,28.7,38.5,71.66055347805931,14,4,9
2025-09-26 15:00:00,36.7,37,8.4,979.0,28.8,38.9,69.45119058518183,15,4,9
2025-09-26 16:00:00,36.1,39,9.0,979.1,28.8,39.2,63.306882970295256,16,4,9
2025-09-26 17:00:00,35.1,42,9.3,979.0,25.6,36.9,63.01134732206491,17,4,9
2025-09-26 18:00:00,33.3,48,7.5,979.9,31.0,40.2,74.87111119467114,18,4,9
2025-09-26 19:00:00,32.4,53,6.7,980.0,36.6,45.2,76.92721625131274,19,4,9
2025-09-26 20:00:00,31.5,58,3.6,980.4,39.1,47.8,74.17300986940897,20,4,9
2025-09-26 21:00:00,31.1,62,1.1,981.1,40.7,49.8,81.60988079252698,21,4,9
2025-09-26 22:00:00,30.2,63,3.1,981.1,43.7,53.7,81.20389293489002,22,4,9
2025-09-26 23:00:00,29.3,66,3.6,981.5,47.7,58.6,69.61994864448668,23,4,9
2025-09-27 00:00:00,28.5,69,3.8,981.7,51.2,62.4,83.79214878082276,0,5,9
2025-09-27 01:00:00,28.0,72,4.1,981.7,56.0,67.5,118.91276985652864,1,5,9
2025-09-27 02:00:00,27.6,72,4.2,981.8,60.1,71.7,139.89756385379366,2,5,9
2025-09-27 03:00:00,27.4,72,1.5,982.3,64.0,75.2,128.85578975374736,3,5,9
2025-09-27 04:00:00,27.0,73,1.0,982.7,68.9,79.4,108.4242901558484,4,5,9
2025-09-27 05:00:00,26.0,77,2.7,983.1,71.7,82.7,67.26355159093463,5,5,9
2025-09-27 06:00:00,26.7,78,3.3,983.6,76.6,86.1,49.22779358757867,6,5,9
2025-09-27 07:00:00,27.1,77,3.8,984.0,80.6,87.5,41.73984518505278,7,5,9
2025-09-27 08:00:00,29.5,69,3.1,984.7,70.3,77.8,38.12016874457163,8,5,9
2025-09-27 09:00:00,32.0,58,3.0,985.2,52.3,64.3,,9,5,9
2025-09-27 10:00:00,34.2,49,2.8,985.2,44.1,59.1,,10,5,9
2025-09-27 11:00:00,36.0,39,4.4,984.7,39.1,56.0,42.569220288594565,11,5,9
2025-09-27 12:00:00,37.2,33,6.8,984.1,36.0,53.2,44.02453385913183,12,5,9
2025-09-27 13:00:00,37.8,31,8.6,983.2,34.3,51.9,48.79469447060237,13,5,9
2025-09-27 14:00:00,37.8,30,9.4,982.1,33.3,50.4,58.11731553758893,14,5,9
2025-09-27 15:00:00,37.5,30,9.9,981.5,32.5,48.8,77.58677979423886,15,5,9
2025-09-27 16:00:00,36.8,31,10.3,981.5,32.0,47.5,91.8306110624283,16,5,9
2025-09-27 17:00:00,35.8,33,10.8,981.2,24.0,33.5,97.98196039956713,17,5,9
2025-09-27 18:00:00,34.0,36,3.4,982.2,31.7,39.9,110.89582125345866,18,5,9
2025-09-27 19:00:00,32.7,39,3.6,982.2,39.0,46.3,128.98403973049588,19,5,9
2025-09-27 20:00:00,31.8,43,2.3,982.2,43.7,50.2,143.8289761497861,20,5,9
2025-09-27 21:00:00,30.5,47,1.9,982.5,47.0,53.3,150.0975832893735,21,5,9
2025-09-27 22:00:00,29.5,51,1.7,982.5,49.4,55.3,154.36658723619252,22,5,9
2025-09-27 23:00:00,29.3,52,0.6,982.3,49.4,55.1,155.5790971150474,23,5,9
2025-09-28 00:00:00,28.9,53,1.0,982.1,47.6,53.3,150.34141272893027,0,6,9
2025-09-28 01:00:00,28.4,61,0.6,982.0,46.8,52.3,147.17378963894316,1,6,9
2025-09-28 02:00:00,27.8,58,0.9,981.7,46.2,51.7,126.17163105919248,2,6,9
2025-09-28 03:00:00,27.1,62,0.2,981.8,46.1,51.6,99.04486801359388,3,6,9
2025-09-28 04:00:00,26.0,65,3.3,982.3,46.9,52.0,86.27155333271732,4,6,9
2025-09-28 05:00:00,25.3,69,3.6,982.8,48.7,52.9,56.53990962770249,5,6,9
2025-09-28 06:00:00,26.2,74,4.7,983.3,48.2,51.3,51.03363884819879,6,6,9
2025-09-28 07:00:00,26.9,74,5.3,983.8,47.3,49.7,50.69871390872532,7,6,9
2025-09-28 08:00:00,29.3,67,3.8,984.4,43.9,46.3,,8,6,9
2025-09-28 09:00:00,32.0,58,4.9,984.6,32.2,34.6,,9,6,9
2025-09-28 10:00:00,33.7,51,6.6,984.5,24.8,27.2,,10,6,9
2025-09-28 11:00:00,34.7,48,7.1,984.1,22.4,26.5,52.17131203343629,11,6,9
2025-09-28 12:00:00,35.4,47,7.3,983.2,21.7,27.1,58.41921069180523,12,6,9
2025-09-28 13:00:00,35.7,47,7.0,982.4,21.4,27.2,68.77226592169868,13,6,9
2025-09-28 14:00:00,35.6,47,6.7,981.2,21.4,27.4,77.55578174893819,14,6,9
2025-09-28 15:00:00,35.8,45,5.9,980.0,21.7,27.7,91.37680163307796,15,6,9
2025-09-28 16:00:00,35.4,46,6.5,979.9,22.1,28.2,102.11651186261858,16,6,9
2025-09-28 17:00:00,34.5,48,7.4,979.5,25.8,33.2,104.09761906578429,17,6,9
2025-09-28 18:00:00,33.2,52,5.0,980.2,37.0,44.0,110.82534730396573,18,6,9
2025-09-28 19:00:00,32.2,58,2.3,980.6,46.7,54.1,114.30257740020753,19,6,9
2025-09-28 20:00:00,31.5,63,2.3,980.6,55.3,63.1,113.13051594930981,20,6,9
2025-09-28 21:00:00,30.8,63,3.4,980.7,59.8,68.0,119.6930396367633,21,6,9
2025-09-28 22:00:00,30.0,68,3.6,980.9,62.6,71.2,126.22673803056989,22,6,9
2025-09-28 23:00:00,29.5,71,3.2,980.6,63.6,72.9,135.47624412718272,23,6,9
2025-09-29 00:00:00,29.1,74,2.5,980.8,62.6,72.4,130.4427738008045,0,0,9
2025-09-29 01:00:00,28.9,73,0.8,980.7,61.5,71.0,170.61572430625796,1,0,9
2025-09-29 02:00:00,28.3,75,0.8,980.6,59.1,68.0,184.64076854160854,2,0,9
2025-09-29 03:00:00,27.3,78,2.7,980.5,56.5,64.5,114.61400990864585,3,0,9
2025-09-29 04:00:00,26.6,80,4.8,980.6,53.8,61.0,88.91735535218429,4,0,9
2025-09-29 05:00:00,26.2,82,3.7,980.9,50.4,56.9,94.22424013349746,5,0,9
2025-09-29 06:00:00,26.8,85,2.7,981.0,47.1,52.2,91.66421241457499,6,0,9
2025-09-29 07:00:00,27.8,79,3.2,981.4,47.7,51.5,88.91541873689683,7,0,9
2025-09-29 08:00:00,30.3,67,2.5,982.3,46.2,49.8,94.48133519793313,8,0,9
2025-09-29 09:00:00,32.3,58,2.8,982.7,38.6,44.8,83.33478769877601,9,0,9
2025-09-29 10:00:00,33.4,53,2.5,982.9,36.8,48.3,95.4838016207256,10,0,9
2025-09-29 11:00:00,33.8,53,3.1,982.3,39.9,55.5,,11,0,9
2025-09-29 12:00:00,34.2,51,8.0,981.8,44.1,63.1,83.9124425282554,12,0,9
2025-09-29 13:00:00,34.5,49,5.4,980.6,44.8,64.7,81.48707342904711,13,0,9
2025-09-29 14:00:00,35.0,47,4.1,979.7,43.5,62.6,90.58571828811888,14,0,9
2025-09-29 15:00:00,34.9,46,4.7,978.7,42.3,60.1,109.5631269121927,15,0,9
2025-09-29 16:00:00,34.4,47,6.0,978.4,40.9,56.6,123.85982746850877,16,0,9
2025-09-29 17:00:00,33.8,48,6.1,977.9,49.5,73.6,122.10476585267081,17,0,9
2025-09-29 18:00:00,30.9,66,3.2,978.3,60.5,81.7,126.34942646632119,18,0,9
2025-09-29 19:00:00,30.8,67,2.7,978.8,75.0,96.4,127.48111304328555,19,0,9
2025-09-29 20:00:00,30.4,69,3.6,979.2,87.3,108.5,150.6018590684921,20,0,9
2025-09-29 21:00:00,30.0,73,2.7,979.4,86.6,105.9,152.64900995587547,21,0,9
2025-09-29 22:00:00,29.3,74,5.4,979.2,77.8,95.2,153.3983770400759,22,0,9
2025-09-29 23:00:00,28.5,77,4.4,979.0,71.0,86.4,163.13512705242823,23,0,9
2025-09-30 00:00:00,27.9,79,4.1,978.6,64.3,79.2,184.5005734428527,0,1,9
2025-09-30 01:00:00,27.5,81,4.1,978.4,59.8,74.7,203.50191257416256,1,1,9
2025-09-30 02:00:00,27.1,82,4.3,978.0,56.5,71.5,213.25262933155844,2,1,9
2025-09-30 03:00:00,26.7,85,2.4,977.9,53.7,69.4,177.79590913053312,3,1,9
2025-09-30 04:00:00,26.2,87,2.9,978.0,53.7,70.8,154.20039439955946,4,1,9
2025-09-30 05:00:00,25.8,87,5.6,978.2,79.6,101.0,86.51466418019048,5,1,9
2025-09-30 06:00:00,26.3,89,5.3,979.2,85.4,106.9,80.2076064357051,6,1,9
2025-09-30 07:00:00,26.8,86,4.2,979.5,94.1,111.3,80.14592818860655,7,1,9
2025-09-30 08:00:00,28.9,76,3.1,980.4,62.6,84.8,79.2238449909069,8,1,9
2025-09-30 09:00:00,31.2,66,2.7,980.6,53.8,78.0,99.80985400941637,9,1,9
2025-09-30 10:00:00,33.2,58,2.3,980.4,49.5,71.0,97.80694455343578,10,1,9
2025-09-30 11:00:00,34.9,48,0.8,980.0,46.9,63.8,87.47662310524592,11,1,9
2025-09-30 12:00:00,36.0,41,0.5,979.2,41.0,53.7,86.7341012228103,12,1,9
2025-09-30 13:00:00,36.8,36,1.5,978.3,38.0,48.8,93.96193239726718,13,1,9
2025-09-30 14:00:00,37.0,34,3.1,977.4,36.6,46.3,,14,1,9
2025-09-30 15:00:00,36.8,32,3.6,976.5,35.5,44.8,125.58428834343597,15,1,9
2025-09-30 16:00:00,36.6,31,4.0,976.2,34.9,43.9,126.52453464931914,16,1,9
2025-09-30 17:00:00,35.8,32,4.4,976.0,46.2,58.3,134.03387032968024,17,1,9
2025-09-30 18:00:00,34.0,39,3.7,976.2,53.8,64.5,146.59068333436343,18,1,9
2025-09-30 19:00:00,32.5,49,4.5,976.7,58.6,68.0,157.60080088862665,19,1,9
2025-09-30 20:00:00,31.4,56,3.7,977.5,58.9,67.1,143.9050254150673,20,1,9
2025-09-30 21:00:00,30.6,60,4.3,977.9,57.7,65.4,127.68106058294121,21,1,9
2025-09-30 22:00:00,30.1,61,6.4,978.0,55.6,63.1,103.90471049767955,22,1,9
2025-09-30 23:00:00,29.5,65,6.7,977.9,52.7,59.3,94.52137218051487,23,1,9
2025-10-01 00:00:00,28.8,69,4.5,977.7,49.5,54.9,84.95631117926703,0,2,10
2025-10-01 01:00:00,28.0,74,3.6,977.7,46.7,51.3,73.74388901604546,1,2,10
2025-10-01 02:00:00,27.5,77,3.2,977.4,44.7,50.8,70.61546108669705,2,2,10
2025-10-01 03:00:00,27.2,78,3.2,977.1,44.2,53.8,72.72303064558241,3,2,10
2025-10-01 04:00:00,27.0,77,3.9,977.0,44.4,58.1,98.71196816459533,4,2,10
2025-10-01 05:00:00,25.1,86,8.1,978.5,41.0,43.8,90.87112696814158,5,2,10
2025-10-01 06:00:00,24.9,88,12.3,979.6,43.4,45.5,90.13076885266639,6,2,10
2025-10-01 07:00:00,25.2,82,6.2,979.3,48.5,50.6,89.85418284027664,7,2,10
2025-10-01 08:00:00,26.7,74,3.6,979.7,48.4,55.3,79.54263298700725,8,2,10
2025-10-01 09:00:00,29.1,66,2.5,980.2,46.4,61.0,76.24022042851084,9,2,10
2025-10-01 10:00:00,31.0,60,3.7,980.5,44.6,64.3,76.24420620751759,10,2,10
2025-10-01 11:00:00,33.1,51,2.4,980.1,44.0,65.0,76.14680953252882,11,2,10
2025-10-01 12:00:00,31.5,55,16.6,979.7,42.7,62.4,89.36414788564046,12,2,10
2025-10-01 13:00:00,32.3,54,6.7,978.5,41.3,58.9,123.36918980633772,13,2,10
2025-10-01 14:00:00,33.5,48,8.5,978.0,40.2,56.1,124.5840214260041,14,2,10
2025-10-01 15:00:00,33.5,47,9.4,977.1,39.0,53.9,136.32568449292864,15,2,10
2025-10-01 16:00:00,33.0,47,8.3,976.7,37.8,52.0,137.5087242459494,16,2,10
2025-10-01 17:00:00,34.3,39,7.6,977.0,41.7,59.1,135.56936117009855,17,2,10
2025-10-01 18:00:00,32.8,47,2.8,977.2,46.4,60.8,124.80775783478268,18,2,10
2025-10-01 19:00:00,31.6,58,1.1,977.5,54.1,68.9,123.53291471269395,19,2,10
2025-10-01 20:00:00,30.6,58,4.2,978.3,61.5,77.1,127.3629623746115,20,2,10
2025-10-01 21:00:00,29.3,67,5.8,978.7,69.8,85.4,129.19276776086716,21,2,10
2025-10-01 22:00:00,28.6,69,5.0,979.0,78.5,93.8,109.51354169391449,22,2,10
2025-10-01 23:00:00,28.5,76,5.3,979.0,76.6,90.3,94.66774805765304,23,2,10
2025-10-02 00:00:00,28.3,75,5.8,978.9,70.3,82.0,94.56232338254414,0,3,10
2025-10-02 01:00:00,27.8,77,5.4,979.3,65.2,75.2,104.50875999511234,1,3,10
2025-10-02 02:00:00,27.4,80,5.8,979.4,61.7,70.3,99.95426179795038,2,3,10
2025-10-02 03:00:00,27.1,80,6.5,979.0,58.6,66.4,88.24094954596626,3,3,10
2025-10-02 04:00:00,26.6,85,2.2,979.3,55.8,63.1,70.40405537025926,4,3,10
2025-10-02 05:00:00,23.2,90,21.0,982.0,66.6,76.1,58.8192476661117,5,3,10
2025-10-02 06:00:00,23.9,86,4.5,981.3,66.4,74.3,66.96033123510855,6,3,10
2025-10-02 07:00:00,24.7,83,4.8,982.0,66.1,73.3,75.00780332000167,7,3,10
2025-10-02 08:00:00,26.2,78,5.2,983.2,61.0,69.8,69.23138420670121,8,3,10
2025-10-02 09:00:00,28.1,71,5.8,983.8,53.3,64.3,62.09090750658953,9,3,10
2025-10-02 10:00:00,29.9,64,5.1,984.0,47.5,58.3,61.38587718892981,10,3,10
2025-10-02 11:00:00,32.3,56,2.6,983.9,44.6,55.2,68.10536113315159,11,3,10
2025-10-02 12:00:00,33.8,48,1.9,983.5,44.7,56.5,84.69900268432669,12,3,10
2025-10-02 13:00:00,34.7,42,4.9,982.9,44.6,56.7,94.55650128643923,13,3,10
2025-10-02 14:00:00,35.0,39,7.9,982.0,44.0,55.9,102.9169049828141,14,3,10
2025-10-02 15:00:00,34.9,37,8.8,981.5,43.3,54.9,106.00603475570678,15,3,10
2025-10-02 16:00:00,34.2,38,7.7,981.4,42.6,53.8,119.69824306699964,16,3,10
2025-10-02 17:00:00,32.9,50,5.8,981.1,49.6,61.5,121.66977763705783,17,3,10
2025-10-02 18:00:00,30.7,61,4.3,981.5,55.2,66.8,119.60648852807505,18,3,10
2025-10-02 19:00:00,29.9,64,3.1,981.7,65.0,76.4,107.66377310576263,19,3,10
2025-10-02 20:00:00,29.5,63,0.4,982.5,73.3,84.5,111.95608803077981,20,3,10
2025-10-02 21:00:00,27.8,72,5.6,983.3,79.4,90.3,101.60176383124457,21,3,10
2025-10-02 22:00:00,27.5,75,3.6,983.6,79.9,89.9,100.71484716203479,22,3,10
2025-10-02 23:00:00,27.0,88,3.3,984.0,75.0,83.8,73.56896071045487,23,3,10
2025-10-03 00:00:00,27.0,87,4.2,984.2,67.3,75.0,36.66992596078802,0,4,10
2025-10-03 01:00:00,27.2,82,2.3,984.1,60.3,67.1,45.08977093696594,1,4,10
2025-10-03 02:00:00,26.8,80,7.0,983.7,55.5,61.9,48.83878013116342,2,4,10
2025-10-03 03:00:00,25.8,82,8.1,984.5,52.0,58.2,44.23285179844609,3,4,10
2025-10-03 04:00:00,22.7,88,18.9,986.0,49.6,55.4,44.69600005831037,4,4,10
2025-10-03 05:00:00,25.4,84,8.2,984.6,37.4,41.2,44.21027235243055,5,4,10
2025-10-03 06:00:00,24.5,87,17.4,986.0,39.3,43.4,40.347037236382356,6,4,10
2025-10-03 07:00:00,23.5,87,10.8,986.5,42.0,46.1,28.693091337642972,7,4,10
2025-10-03 08:00:00,24.7,84,6.0,987.2,42.3,46.2,28.26445561620924,8,4,10
2025-10-03 09:00:00,26.2,79,5.9,987.1,43.7,49.6,24.959186466913373,9,4,10
2025-10-03 10:00:00,28.0,74,3.5,987.6,46.4,54.1,28.255951402915848,10,4,10
2025-10-03 11:00:00,29.3,65,9.4,988.3,49.7,58.2,36.47557292580604,11,4,10
2025-10-03 12:00:00,30.1,60,8.2,987.6,52.6,61.9,40.32666465819828,12,4,10
2025-10-03 13:00:00,30.8,53,5.5,986.6,53.2,63.1,57.941532807398325,13,4,10
2025-10-03 14:00:00,31.3,50,4.1,985.9,52.7,62.6,64.81863200929429,14,4,10
2025-10-03 15:00:00,31.4,49,2.0,985.1,51.9,61.2,87.12337956605133,15,4,10
2025-10-03 16:00:00,31.4,48,2.2,984.6,51.0,59.8,97.13912953977233,16,4,10
2025-10-03 17:00:00,30.7,60,5.2,984.4,34.0,38.3,76.12298375942089,17,4,10
2025-10-03 18:00:00,28.7,74,3.7,984.5,39.1,42.6,78.66162257371126,18,4,10
2025-10-03 19:00:00,27.8,77,3.3,984.4,47.3,50.6,70.7151018637198,19,4,10
2025-10-03 20:00:00,27.0,76,4.2,985.0,51.7,54.8,69.54012260083799,20,4,10
2025-10-03 21:00:00,26.4,75,4.2,985.3,54.8,57.7,73.51699306699965,21,4,10
2025-10-03 22:00:00,25.7,77,3.6,985.7,57.0,60.1,90.02531682170888,22,4,10
2025-10-03 23:00:00,25.3,78,4.7,985.6,56.7,59.6,101.12567719706783,23,4,10
2025-10-04 00:00:00,25.1,79,4.5,985.3,55.2,58.3,118.68358105200309,0,5,10
2025-10-04 01:00:00,24.7,80,4.5,985.2,54.4,57.6,156.3312407034415,1,5,10
2025-10-04 02:00:00,24.5,80,4.0,984.7,56.5,60.1,178.54592122678403,2,5,10
2025-10-04 03:00:00,24.4,80,3.7,984.7,59.1,62.6,154.1779190098798,3,5,10
2025-10-04 04:00:00,24.2,80,3.3,984.4,58.7,62.4,104.26518506650571,4,5,10
2025-10-04 05:00:00,23.7,85,1.0,984.6,63.3,67.3,77.68942132172761,5,5,10
2025-10-04 06:00:00,23.6,88,2.5,984.9,69.8,73.8,,6,5,10
2025-10-04 07:00:00,24.5,84,4.8,985.0,75.7,79.4,70.21381930457221,7,5,10
2025-10-04 08:00:00,26.4,77,4.0,985.3,64.0,67.1,74.26943061404758,8,5,10
2025-10-04 09:00:00,28.8,66,4.9,985.9,50.6,55.6,70.46996678670249,9,5,10
2025-10-04 10:00:00,30.7,55,6.3,986.0,46.9,54.0,69.15873199644543,10,5,10
2025-10-04 11:00:00,26.1,66,25.7,987.1,50.9,60.1,69.65566669645763,11,5,10
2025-10-04 12:00:00,26.7,69,4.4,985.2,53.4,64.0,87.60162958215784,12,5,10
2025-10-04 13:00:00,29.5,59,6.1,983.7,54.5,65.4,102.19493479070438,13,5,10
2025-10-04 14:00:00,31.2,54,8.9,982.4,54.1,65.4,108.98760875772547,14,5,10
2025-10-04 15:00:00,31.5,52,7.9,981.4,53.3,64.7,142.0666875521342,15,5,10
2025-10-04 16:00:00,31.2,53,7.7,981.0,53.1,64.5,169.2938049810904,16,5,10
2025-10-04 17:00:00,31.3,50,6.8,980.3,58.2,67.3,240.37572686583908,17,5,10
2025-10-04 18:00:00,28.8,62,6.0,980.2,61.2,67.8,249.45523684819537,18,5,10
2025-10-04 19:00:00,27.3,66,9.7,981.2,61.7,67.3,262.4791353659196,19,5,10
2025-10-04 20:00:00,25.0,69,1.5,981.1,61.5,66.4,249.4984513812595,20,5,10
2025-10-04 21:00:00,25.0,76,2.0,981.3,62.4,67.1,169.56856925805408,21,5,10
2025-10-04 22:00:00,24.9,73,3.1,981.6,64.0,68.9,28.104147141597892,22,5,10
2025-10-04 23:00:00,24.4,73,6.2,981.5,67.3,72.4,46.628432646195094,23,5,10
2025-10-05 00:00:00,23.7,75,5.2,981.2,70.1,75.2,31.371301020516288,0,6,10
2025-10-05 01:00:00,23.7,75,4.9,980.7,71.0,75.9,10.156384264098271,1,6,10
2025-10-05 02:00:00,23.6,75,5.4,979.9,70.8,75.2,15.477731476889716,2,6,10
2025-10-05 03:00:00,23.4,77,4.9,979.4,70.1,74.5,20.403208330825525,3,6,10
2025-10-05 04:00:00,22.9,78,7.9,979.9,68.7,72.6,24.602677057548004,4,6,10
2025-10-05 05:00:00,20.3,92,2.6,983.5,54.6,59.3,27.891350685887865,5,6,10
2025-10-05 06:00:00,20.3,86,3.8,983.4,64.7,70.1,26.068472203943465,6,6,10
2025-10-05 07:00:00,20.4,85,13.0,982.6,71.5,75.9,23.70944166563978,7,6,10
2025-10-05 08:00:00,21.9,84,8.3,983.2,66.8,71.7,22.45825274043613,8,6,10
2025-10-05 09:00:00,23.7,76,12.0,983.9,56.3,64.0,20.93118403818872,9,6,10
2025-10-05 10:00:00,25.2,65,13.9,984.2,52.0,62.4,21.141666666666666,10,6,10
2025-10-05 11:00:00,25.6,60,12.9,984.5,51.9,62.9,22.707286132706535,11,6,10
2025-10-05 12:00:00,26.7,55,10.4,983.9,56.2,68.2,29.57088891863823,12,6,10
2025-10-05 13:00:00,27.7,52,7.8,982.9,53.0,65.7,40.938673905266654,13,6,10
2025-10-05 14:00:00,28.3,51,5.1,982.2,49.0,61.0,44.987130631340875,14,6,10
2025-10-05 15:00:00,28.5,52,3.5,981.3,46.2,58.3,52.409605746799045,15,6,10
2025-10-05 16:00:00,28.0,55,4.7,980.8,45.6,57.0,71.5165304268731,16,6,10
2025-10-05 17:00:00,27.5,66,4.9,980.3,33.8,40.3,75.55378051333956,17,6,10
2025-10-05 18:00:00,25.7,73,5.2,980.0,45.1,51.5,74.11527505238851,18,6,10
2025-10-05 19:00:00,25.0,76,3.9,980.5,58.4,64.5,60.71243336995442,19,6,10
2025-10-05 20:00:00,24.6,76,4.8,980.9,58.3,63.1,52.02223335266113,20,6,10
2025-10-05 21:00:00,24.0,76,5.1,981.5,52.3,56.1,49.826549987792966,21,6,10
2025-10-05 22:00:00,23.6,75,5.7,982.0,49.6,53.3,51.13376387490167,22,6,10
2025-10-05 23:00:00,23.8,78,7.7,982.2,44.5,48.3,50.687708377838135,23,6,10
2025-10-06 00:00:00,23.6,80,8.4,981.8,39.6,44.4,40.07235257890489,0,0,10
2025-10-06 01:00:00,23.0,86,6.3,981.7,35.5,41.9,32.1970139404138,1,0,10
2025-10-06 02:00:00,22.7,89,5.8,981.2,33.9,41.6,32.436223319795396,2,0,10
2025-10-06 03:00:00,22.5,89,5.1,981.3,32.5,37.5,25.065213854047986,3,0,10
2025-10-06 04:00:00,20.1,89,13.0,982.6,31.1,34.9,24.738283379342825,4,0,10
2025-10-06 05:00:00,20.3,92,5.7,983.0,27.1,31.0,24.20213612238566,5,0,10
2025-10-06 06:00:00,20.3,94,11.3,983.6,27.9,31.9,26.661311118337846,6,0,10
2025-10-06 07:00:00,19.7,96,14.1,983.8,28.8,33.5,25.18579443825616,7,0,10
2025-10-06 08:00:00,20.0,96,12.4,984.5,29.3,35.6,18.316330605612862,8,0,10
2025-10-06 09:00:00,20.3,96,13.8,984.7,28.5,35.0,17.149500058492027,9,0,10
2025-10-06 10:00:00,20.2,96,10.6,985.1,25.3,34.9,11.051246528493035,10,0,10
2025-10-06 11:00:00,19.7,95,13.9,985.4,23.5,37.7,16.73050179746416,11,0,10
2025-10-06 12:00:00,20.3,90,11.5,984.7,22.5,41.9,25.613111067348058,12,0,10
2025-10-06 13:00:00,22.3,81,11.5,984.5,23.1,44.2,30.791691676245797,13,0,10
2025-10-06 14:00:00,23.6,71,13.4,983.6,23.3,39.2,32.42870285722944,14,0,10
2025-10-06 15:00:00,23.7,66,12.5,983.3,24.8,37.8,33.230336196157666,15,0,10
2025-10-06 16:00:00,23.2,69,13.2,982.7,24.0,31.9,42.51832497967614,16,0,10
2025-10-06 17:00:00,22.4,75,6.0,983.1,23.9,40.3,32.11914715449016,17,0,10
2025-10-06 18:00:00,21.3,87,5.1,983.2,35.4,51.8,26.082280546294317,18,0,10
2025-10-06 19:00:00,20.3,91,10.6,983.4,51.8,66.6,9.8090194495519,19,0,10
2025-10-06 20:00:00,19.3,92,9.6,983.7,61.0,76.6,3.1058388976752758,20,0,10
2025-10-06 21:00:00,19.3,92,0.7,984.2,66.8,82.9,2.337963888893525,21,0,10
2025-10-06 22:00:00,18.6,95,5.4,984.1,68.7,82.2,1.8113780300748168,22,0,10
2025-10-06 23:00:00,18.3,100,7.4,984.7,55.6,67.1,3.0683305526607567,23,0,10
2025-10-07 00:00:00,17.7,100,7.3,985.2,44.6,54.9,5.301965658463011,0,1,10
2025-10-07 01:00:00,17.6,96,12.2,984.9,41.1,51.0,10.437661119037205,1,1,10
2025-10-07 02:00:00,17.7,96,8.4,984.7,40.3,48.9,18.614958323902556,2,1,10
2025-10-07 03:00:00,18.0,94,8.4,984.4,39.2,47.0,24.186844443215264,3,1,10
2025-10-07 04:00:00,17.7,96,8.3,984.5,37.8,45.6,17.838058314323426,4,1,10
2025-10-07 05:00:00,17.9,95,8.9,984.5,37.1,37.1,29.053874994913734,5,1,10
2025-10-07 06:00:00,17.9,94,7.7,984.8,36.2,36.4,25.560405556890696,6,1,10
2025-10-07 07:00:00,18.5,91,7.0,985.3,39.0,39.3,20.708352749082778,7,1,10
2025-10-07 08:00:00,19.5,87,6.5,986.0,36.9,38.1,14.926433397399055,8,1,10
2025-10-07 09:00:00,20.5,83,7.1,986.5,32.9,35.7,13.982752749125163,9,1,10
2025-10-07 10:00:00,21.4,79,5.2,986.8,26.3,31.7,12.91561742060112,10,1,10
2025-10-07 11:00:00,23.9,69,10.0,986.9,22.2,30.3,17.27902216381497,11,1,10
2025-10-07 12:00:00,24.7,63,9.9,986.4,21.3,35.0,24.85954443772634,12,1,10
2025-10-07 13:00:00,25.3,61,7.3,985.8,21.1,38.0,38.806361084514194,13,1,10
2025-10-07 14:00:00,25.6,60,5.0,985.4,21.7,39.0,44.942536264525515,14,1,10
2025-10-07 15:00:00,25.5,61,6.4,985.2,21.8,38.6,40.32724443170759,15,1,10
2025-10-07 16:00:00,25.0,63,6.9,984.9,22.6,39.1,29.14166115866767,16,1,10
2025-10-07 17:00:00,23.9,71,4.9,984.6,31.8,54.5,29.521466628710424,17,1,10
2025-10-07 18:00:00,22.4,78,4.8,984.7,43.5,65.0,28.9916110669242,18,1,10
2025-10-07 19:00:00,21.5,82,6.6,985.4,50.1,67.8,36.76700554317898,19,1,10
2025-10-07 20:00:00,20.6,85,5.6,985.9,48.3,61.5,47.626986057493426,20,1,10
2025-10-07 21:00:00,19.6,90,3.8,986.0,44.1,53.6,55.44427507983314,21,1,10
2025-10-07 22:00:00,19.2,91,2.1,986.2,39.3,45.9,54.64398603704241,22,1,10
2025-10-07 23:00:00,19.4,92,4.0,987.2,36.0,40.9,57.91595844904582,23,1,10
2025-10-08 00:00:00,19.5,93,4.4,987.1,34.9,39.6,97.10665540907118,0,2,10
2025-10-08 01:00:00,19.0,95,2.9,987.1,36.8,41.8,128.03975833892824,1,2,10
2025-10-08 02:00:00,18.6,96,0.9,986.8,41.9,47.7,159.10385835011803,2,2,10
2025-10-08 03:00:00,18.2,98,1.5,986.9,48.9,55.6,154.0615093512487,3,2,10
2025-10-08 04:00:00,17.9,100,2.4,986.5,51.9,60.1,80.97962954485858,4,2,10
2025-10-08 05:00:00,17.9,100,3.2,986.7,45.3,51.2,46.33409029377831,5,2,10
2025-10-08 06:00:00,18.0,100,3.4,987.0,49.8,56.2,39.405471025372194,6,2,10
2025-10-08 07:00:00,18.4,98,5.3,987.2,54.9,61.0,28.90679952871232,7,2,10
2025-10-08 08:00:00,20.1,92,3.1,987.8,50.6,56.3,26.708964276692225,8,2,10
2025-10-08 09:00:00,22.4,80,5.2,988.4,34.5,46.3,23.738466274927532,9,2,10
2025-10-08 10:00:00,24.3,68,7.2,988.6,30.3,46.4,24.462196445843528,10,2,10
2025-10-08 11:00:00,25.6,60,5.7,988.3,26.6,40.6,24.518073410458037,11,2,10
2025-10-08 12:00:00,26.3,57,5.3,987.9,25.4,38.4,31.271306423346203,12,2,10
2025-10-08 13:00:00,26.8,55,5.6,986.7,25.5,38.5,44.575539353600256,13,2,10
2025-10-08 14:00:00,26.9,54,6.5,985.8,26.2,39.2,62.30820819007025,14,2,10
2025-10-08 15:00:00,26.7,54,7.5,985.2,27.1,40.0,86.99812636693316,15,2,10
2025-10-08 16:00:00,26.2,56,6.6,985.0,27.9,40.3,93.86479397173281,16,2,10
2025-10-08 17:00:00,25.0,63,4.8,986.1,27.9,33.2,84.44956706011737,17,2,10
2025-10-08 18:00:00,23.3,68,5.6,986.0,38.8,44.5,83.70288289690775,18,2,10
2025-10-08 19:00:00,22.6,71,5.5,986.5,49.6,55.6,83.47317266010103,19,2,10
2025-10-08 20:00:00,21.8,74,5.2,986.6,53.2,59.6,82.51133334447466,20,2,10
2025-10-08 21:00:00,21.2,76,5.2,986.9,55.8,62.6,75.21827190641373,21,2,10
2025-10-08 22:00:00,20.8,76,3.8,987.1,60.5,67.5,84.8626805653648,22,2,10
2025-10-08 23:00:00,20.6,80,4.3,987.2,66.6,74.0,98.32706548599971,23,2,10
2025-10-09 00:00:00,20.7,80,4.6,987.2,71.0,78.5,116.21188691457112,0,3,10
2025-10-09 01:00:00,20.3,80,5.3,987.3,74.0,81.7,132.21699202098543,1,3,10
2025-10-09 02:00:00,20.0,80,5.2,987.2,75.0,82.4,134.40491077786402,2,3,10
2025-10-09 03:00:00,19.5,82,4.8,987.3,73.1,80.3,91.03126790182932,3,3,10
2025-10-09 04:00:00,19.2,83,2.5,987.3,70.8,77.8,68.81685516417973,4,3,10
2025-10-09 05:00:00,19.1,85,1.9,987.8,65.9,71.5,59.14490086086213,5,3,10
2025-10-09 06:00:00,19.1,86,1.2,988.2,71.2,76.6,51.29032923600719,6,3,10
2025-10-09 07:00:00,19.8,85,2.2,988.9,82.2,86.8,52.133287668985034,7,3,10
2025-10-09 08:00:00,21.2,82,1.8,989.8,74.3,78.2,45.42070745561718,8,3,10
2025-10-09 09:00:00,23.2,74,2.1,990.4,56.9,61.5,45.35823406529805,9,3,10
2025-10-09 10:00:00,25.1,66,1.9,990.5,32.1,38.2,40.79732332532368,10,3,10
2025-10-09 11:00:00,26.8,50,2.1,990.7,25.6,33.5,39.982837359488954,11,3,10
2025-10-09 12:00:00,27.3,48,1.4,990.0,24.3,32.6,41.718144701776055,12,3,10
2025-10-09 13:00:00,27.7,47,2.7,989.2,24.5,32.5,54.424123137716265,13,3,10
2025-10-09 14:00:00,27.8,45,3.7,988.2,25.1,32.8,63.01029008972697,14,3,10
2025-10-09 15:00:00,27.8,45,3.9,987.7,25.2,32.7,86.86071237533812,15,3,10
2025-10-09 16:00:00,27.4,49,3.6,987.2,25.5,32.8,108.00323609548902,16,3,10
2025-10-09 17:00:00,26.1,60,4.4,987.1,30.6,35.9,136.6844564982823,17,3,10
2025-10-09 18:00:00,24.2,67,4.8,987.0,41.2,46.9,131.29102721199158,18,3,10
2025-10-09 19:00:00,23.2,71,4.1,987.5,53.4,59.4,106.5393956183011,19,3,10
2025-10-09 20:00:00,22.5,72,4.8,987.6,60.1,66.1,91.55181935325501,20,3,10
2025-10-09 21:00:00,21.8,73,5.0,987.5,63.3,69.6,87.81649403345018,21,3,10
2025-10-09 22:00:00,21.1,75,4.6,987.3,64.3,70.8,89.83461313701811,22,3,10
2025-10-09 23:00:00,20.9,78,5.6,987.1,63.8,70.5,89.37919257330516,23,3,10
2025-10-10 00:00:00,21.1,77,5.5,986.9,63.8,70.8,99.54367868332636,0,4,10
2025-10-10 01:00:00,20.5,79,5.3,986.8,64.0,71.2,121.1256170333378,1,4,10
2025-10-10 02:00:00,20.1,80,6.0,986.2,64.0,71.5,126.31182152884345,2,4,10
2025-10-10 03:00:00,19.8,80,6.5,985.9,63.6,70.8,87.66347284330779,3,4,10
2025-10-10 04:00:00,19.4,81,6.2,985.7,62.4,69.4,58.95704163142613,4,4,10
2025-10-10 05:00:00,19.2,85,5.6,986.2,65.4,72.6,48.57392861502511,5,4,10
2025-10-10 06:00:00,19.3,85,5.2,986.2,62.9,69.6,49.545910676320396,6,4,10
2025-10-10 07:00:00,19.9,83,6.5,986.5,66.4,72.9,54.54861217529055,7,4,10
2025-10-10 08:00:00,21.7,79,5.1,987.4,66.6,71.9,49.70104758126395,8,4,10
2025-10-10 09:00:00,24.0,69,3.0,987.9,58.2,66.1,50.02724599686881,9,4,10
2025-10-10 10:00:00,26.0,60,2.7,987.8,45.4,55.1,45.5109445541624,10,4,10
2025-10-10 11:00:00,28.0,51,5.5,988.0,37.7,48.4,43.063656746395054,11,4,10
2025-10-10 12:00:00,28.8,46,5.7,987.5,31.2,41.2,49.904914707607695,12,4,10
2025-10-10 13:00:00,29.2,44,5.5,986.7,27.5,36.4,62.479251882765034,13,4,10
2025-10-10 14:00:00,29.3,43,5.4,986.1,27.0,35.3,81.21139090099031,14,4,10
2025-10-10 15:00:00,29.1,43,5.0,985.5,26.9,34.8,79.71364097292461,15,4,10
2025-10-10 16:00:00,28.8,46,3.2,985.4,27.6,35.0,77.09978375294313,16,4,10
2025-10-10 17:00:00,28.0,58,1.0,985.2,29.1,33.8,78.90106756422254,17,4,10
2025-10-10 18:00:00,26.6,57,0.9,985.4,42.8,47.7,86.15936112782312,18,4,10
2025-10-10 19:00:00,25.3,61,1.3,985.8,59.4,64.5,90.81660322764563,19,4,10
2025-10-10 20:00:00,24.0,69,3.2,985.8,77.1,82.2,92.47672018323627,20,4,10
2025-10-10 21:00:00,22.9,74,3.6,985.9,90.3,95.7,122.49372027260917,21,4,10
2025-10-10 22:00:00,22.3,77,2.9,985.9,99.7,105.0,166.91695030454608,22,4,10
2025-10-10 23:00:00,22.1,80,3.7,985.9,101.0,106.4,189.4170690052093,23,4,10
2025-10-11 00:00:00,22.1,79,3.3,986.1,87.8,92.9,181.39685153961182,0,5,10
2025-10-11 01:00:00,21.6,79,4.9,986.0,68.2,73.1,176.72424977620443,1,5,10
2025-10-11 02:00:00,21.6,74,5.9,985.8,56.3,60.5,164.1600793505472,2,5,10
2025-10-11 03:00:00,21.5,72,6.6,985.6,50.9,54.6,113.40456165434821,3,5,10
2025-10-11 04:00:00,20.7,75,5.9,985.6,49.7,53.0,77.0261904943557,4,5,10
2025-10-11 05:00:00,19.9,81,5.0,986.1,61.7,66.8,49.975086028028876,5,5,10
2025-10-11 06:00:00,20.0,82,3.1,986.8,56.3,60.8,48.01310908302428,6,5,10
2025-10-11 07:00:00,20.8,80,3.0,987.3,59.5,63.6,45.03185511695013,7,5,10
2025-10-11 08:00:00,22.5,78,2.4,988.1,57.6,61.2,42.47427786569746,8,5,10
2025-10-11 09:00:00,24.9,68,2.7,988.5,50.4,55.3,39.102170724338954,9,5,10
2025-10-11 10:00:00,27.0,59,4.8,988.6,40.3,46.8,36.87729166878595,10,5,10
2025-10-11 11:00:00,28.6,51,8.5,988.6,34.1,41.1,,11,5,10
2025-10-11 12:00:00,29.3,45,8.9,988.2,28.9,34.8,50.21114476219056,12,5,10
2025-10-11 13:00:00,29.8,44,8.7,987.7,26.8,31.9,57.35313892667256,13,5,10
2025-10-11 14:00:00,29.9,43,8.4,986.8,25.7,30.3,70.79751984126985,14,5,10
2025-10-11 15:00:00,29.8,43,7.4,986.2,25.4,29.6,80.41318452925908,15,5,10
2025-10-11 16:00:00,29.1,48,4.6,985.8,26.0,29.8,87.05795237223307,16,5,10
2025-10-11 17:00:00,27.5,61,4.4,986.0,27.6,30.0,91.70846228523861,17,5,10
2025-10-11 18:00:00,25.7,63,5.1,986.0,39.6,42.3,91.5292936718653,18,5,10
2025-10-11 19:00:00,25.1,63,5.7,986.2,50.2,53.0,98.5385436951168,19,5,10
2025-10-11 20:00:00,24.3,65,5.9,986.3,58.1,61.0,108.35835320003449,20,5,10
2025-10-11 21:00:00,23.5,67,5.8,986.4,60.5,63.6,115.1496308826265,21,5,10
2025-10-11 22:00:00,22.8,70,6.0,986.2,58.6,61.7,134.2004769411954,22,5,10
2025-10-11 23:00:00,22.3,75,6.0,986.1,54.2,57.4,143.6253213609968,23,5,10
2025-10-12 00:00:00,22.4,74,6.3,985.9,49.8,52.9,129.72134522937594,0,6,10
2025-10-12 01:00:00,21.8,77,6.3,985.6,47.8,50.9,125.73567851838611,1,6,10
2025-10-12 02:00:00,21.3,78,6.1,985.5,48.2,51.5,128.77487694271028,2,6,10
2025-10-12 03:00:00,20.9,78,6.2,985.3,49.9,53.6,101.34218456631615,3,6,10
2025-10-12 04:00:00,20.5,78,6.4,985.1,52.5,56.7,76.53650788201227,4,6,10
2025-10-12 05:00:00,20.8,80,7.4,985.3,59.3,64.5,58.63027985890706,5,6,10
2025-10-12 06:00:00,20.7,80,5.8,985.7,63.8,70.1,52.13322030022031,6,6,10
2025-10-12 07:00:00,21.3,78,5.5,986.4,68.9,75.7,50.19179554591103,7,6,10
2025-10-12 08:00:00,23.0,74,4.5,987.0,66.1,72.2,43.68625992971754,8,6,10
2025-10-12 09:00:00,25.2,65,4.0,987.6,56.2,65.2,40.286656823233955,9,6,10
2025-10-12 10:00:00,27.2,58,4.4,987.5,47.8,58.6,39.519238082567846,10,6,10
2025-10-12 11:00:00,29.1,49,7.3,987.7,43.8,55.4,40.4605227597004,11,6,10
2025-10-12 12:00:00,30.2,39,7.3,987.0,36.8,46.6,44.98733928317115,12,6,10
2025-10-12 13:00:00,30.7,38,6.9,986.4,32.0,39.6,58.2435990530347,13,6,10
2025-10-12 14:00:00,30.7,38,6.3,985.7,29.9,36.4,77.64507343050033,14,6,10
2025-10-12 15:00:00,30.6,38,6.0,985.3,29.4,35.3,102.15736114645074,15,6,10
2025-10-12 16:00:00,29.8,42,5.0,985.1,29.8,35.0,140.60546813843743,16,6,10
2025-10-12 17:00:00,28.3,56,4.1,984.9,33.4,37.3,122.74314086853512,17,6,10
2025-10-12 18:00:00,27.0,54,3.1,985.2,46.8,51.0,126.02847408113026,18,6,10
2025-10-12 19:00:00,26.1,54,2.3,985.6,59.8,64.0,122.48722445775593,19,6,10
2025-10-12 20:00:00,25.0,57,2.5,986.0,73.8,78.2,101.94901001037114,20,6,10
2025-10-12 21:00:00,24.5,59,1.7,986.4,84.3,89.2,100.69880963280086,21,6,10
2025-10-12 22:00:00,24.0,60,0.9,986.4,93.1,98.3,93.66467666323221,22,6,10
2025-10-12 23:00:00,23.2,67,3.1,986.7,98.7,103.8,117.06523216792516,23,6,10
2025-10-13 00:00:00,22.5,71,4.2,986.2,99.9,105.5,141.02317469763378,0,0,10
2025-10-13 01:00:00,21.9,71,4.3,986.1,99.4,104.5,148.92567061166915,1,0,10
2025-10-13 02:00:00,21.1,72,5.6,985.8,94.8,99.9,165.10116228073363,2,0,10
2025-10-13 03:00:00,20.7,73,6.1,985.4,84.1,88.7,164.1075468229869,3,0,10
2025-10-13 04:00:00,20.2,74,6.0,985.4,72.6,77.1,117.72902902022413,4,0,10
2025-10-13 05:00:00,19.8,79,6.0,985.6,67.5,71.2,73.57678565979005,5,0,10
2025-10-13 06:00:00,19.7,80,3.9,986.1,68.7,72.4,54.22675988030812,6,0,10
2025-10-13 07:00:00,20.5,82,2.6,987.1,77.1,80.8,48.213769725012405,7,0,10
2025-10-13 08:00:00,22.3,74,1.5,987.6,69.2,71.9,48.096984130617166,8,0,10
2025-10-13 09:00:00,25.0,64,0.2,988.3,56.0,59.6,49.59250362465441,9,0,10
2025-10-13 10:00:00,27.5,53,1.7,988.4,44.7,49.1,45.18288900587294,10,0,10
2025-10-13 11:00:00,29.5,40,3.9,988.5,40.6,45.8,43.16490280211918,11,0,10
2025-10-13 12:00:00,30.5,36,2.8,988.1,37.8,42.7,46.3323611183772,12,0,10
2025-10-13 13:00:00,31.1,33,1.9,987.7,34.9,39.2,64.017482203529,13,0,10
2025-10-13 14:00:00,31.4,31,1.7,986.8,32.6,36.2,79.93028575352261,14,0,10
2025-10-13 15:00:00,31.3,31,1.8,986.3,31.7,34.9,92.44125006539481,15,0,10
2025-10-13 16:00:00,30.7,34,2.4,986.0,31.7,34.6,106.03328373924134,16,0,10
2025-10-13 17:00:00,28.1,55,4.2,985.8,38.5,41.7,123.24509340619285,17,0,10
2025-10-13 18:00:00,26.5,56,5.0,986.1,52.2,55.2,133.93391465383863,18,0,10
2025-10-13 19:00:00,25.8,58,5.3,986.7,67.1,70.1,146.26118053557383,19,0,10
2025-10-13 20:00:00,25.2,59,3.1,987.1,83.4,86.4,166.8829443129282,20,0,10
2025-10-13 21:00:00,24.4,61,2.3,987.3,94.1,97.1,182.2517716150435,21,0,10
2025-10-13 22:00:00,23.5,64,2.7,987.1,100.6,103.8,213.07668168506922,22,0,10
2025-10-13 23:00:00,23.6,67,2.3,987.1,104.1,107.3,234.06916436997673,23,0,10
2025-10-14 00:00:00,23.4,69,1.8,986.7,104.5,107.8,259.8076883558243,0,1,10
2025-10-14 01:00:00,22.7,71,2.2,986.4,103.6,106.9,244.11015874771843,1,1,10
2025-10-14 02:00:00,22.3,72,1.3,985.8,102.2,105.5,261.1319765635899,2,1,10
2025-10-14 03:00:00,21.7,74,1.0,985.3,96.9,100.1,239.83618599560012,3,1,10
2025-10-14 04:00:00,20.9,77,1.3,984.9,91.7,95.0,190.11213062831334,4,1,10
2025-10-14 05:00:00,20.0,83,4.1,985.3,101.0,102.9,146.5954067907292,5,1,10
2025-10-14 06:00:00,19.7,85,2.6,985.4,103.4,105.0,110.34830357687814,6,1,10
2025-10-14 07:00:00,20.4,83,3.1,985.8,112.2,113.4,86.49414887503973,7,1,10
2025-10-14 08:00:00,22.5,75,1.5,986.5,99.4,100.1,79.01606353275359,8,1,10
2025-10-14 09:00:00,25.6,61,0.4,986.8,69.6,70.8,61.791718189300056,9,1,10
2025-10-14 10:00:00,28.1,47,2.8,987.0,47.1,49.0,48.324682804894834,10,1,10
2025-10-14 11:00:00,30.1,36,6.1,987.1,38.3,41.2,46.51740279122004,11,1,10
2025-10-14 12:00:00,31.1,33,6.1,986.5,35.9,40.2,56.67101191566103,12,1,10
2025-10-14 13:00:00,31.6,32,5.9,985.8,35.4,40.7,72.8092458755251,13,1,10
2025-10-14 14:00:00,31.7,33,5.8,985.0,34.8,40.5,101.8619086625841,14,1,10
2025-10-14 15:00:00,31.5,34,6.4,984.7,34.1,39.8,127.25778579711914,15,1,10
2025-10-14 16:00:00,30.7,36,7.2,984.5,33.8,39.3,144.39741872454448,16,1,10
2025-10-14 17:00:00,28.9,43,6.5,984.6,35.6,39.0,160.57231336926657,17,1,10
2025-10-14 18:00:00,27.1,50,4.3,985.0,50.4,54.1,177.02652570028155,18,1,10
2025-10-14 19:00:00,26.7,53,1.5,985.5,65.4,69.2,180.18721848442442,19,1,10
2025-10-14 20:00:00,26.1,53,0.5,985.8,82.7,86.4,186.2246266713218,20,1,10
2025-10-14 21:00:00,24.9,56,0.5,986.1,95.0,98.5,209.2119979828123,21,1,10
2025-10-14 22:00:00,24.1,61,0.6,986.0,100.4,103.6,235.5308291753133,22,1,10
2025-10-14 23:00:00,24.0,65,0.4,986.0,94.5,97.3,246.0859776572576,23,1,10
2025-10-15 00:00:00,23.2,69,1.5,985.7,85.7,88.2,240.9979741020808,0,2,10
2025-10-15 01:00:00,22.2,74,1.6,985.8,80.3,82.4,242.10256352803066,1,2,10
2025-10-15 02:00:00,21.6,76,1.5,985.2,77.8,79.9,261.250011501615,2,2,10
2025-10-15 03:00:00,20.8,79,3.8,985.2,78.0,80.1,232.6784864577036,3,2,10
2025-10-15 04:00:00,20.4,81,3.2,984.9,79.9,81.7,166.8399465379261,4,2,10
2025-10-15 05:00:00,20.1,85,3.0,985.3,79.4,82.9,126.4113095056443,5,2,10
2025-10-15 06:00:00,20.2,85,2.8,985.7,80.8,84.3,98.03695235479447,6,2,10
2025-10-15 07:00:00,21.1,80,4.2,986.3,85.9,89.2,83.59029198986455,7,2,10
2025-10-15 08:00:00,23.9,69,2.8,987.2,78.2,80.8,77.10228765881251,8,2,10
2025-10-15 09:00:00,27.1,55,1.8,987.7,49.7,53.4,73.21634326813714,9,2,10
2025-10-15 10:00:00,29.4,44,2.3,987.8,39.1,43.3,74.09907107754589,10,2,10
2025-10-15 11:00:00,29.9,39,0.9,987.8,35.4,39.6,76.08499536867494,11,2,10
2025-10-15 12:00:00,31.5,35,3.3,987.3,35.5,39.7,83.92297911114163,12,2,10
2025-10-15 13:00:00,32.2,32,4.2,986.7,35.7,40.0,106.30662742544102,13,2,10
2025-10-15 14:00:00,32.3,31,5.9,985.7,36.3,40.5,159.66290601760622,14,2,10
2025-10-15 15:00:00,32.0,31,6.8,985.6,37.3,41.3,191.82544712490508,15,2,10
2025-10-15 16:00:00,31.1,34,4.0,985.4,38.4,42.3,193.30569076538086,16,2,10
2025-10-15 17:00:00,29.2,43,1.1,985.6,52.3,58.2,189.99396454039075,17,2,10
2025-10-15 18:00:00,27.7,52,2.5,985.8,63.1,68.7,205.95931949615476,18,2,10
2025-10-15 19:00:00,27.1,55,2.3,986.2,72.2,77.8,235.8143427990101,19,2,10
2025-10-15 20:00:00,26.6,53,3.6,986.2,78.0,83.4,248.91850064242328,20,2,10
2025-10-15 21:00:00,25.8,54,4.2,986.4,82.4,87.8,241.11494937826083,21,2,10
2025-10-15 22:00:00,25.0,57,4.2,986.3,87.3,92.7,235.92546076951203,22,2,10
2025-10-15 23:00:00,24.5,64,4.1,986.4,90.8,96.2,224.88115296893648,23,2,10
2025-10-16 00:00:00,24.4,64,4.7,985.9,93.8,99.2,222.46453217047232,0,3,10
2025-10-16 01:00:00,23.6,70,4.6,986.0,97.3,102.9,220.69832189348008,1,3,10
2025-10-16 02:00:00,22.9,72,4.6,985.4,100.8,106.4,255.1886231346736,2,3,10
2025-10-16 03:00:00,22.4,74,4.1,985.2,104.5,110.1,205.83494420732768,3,3,10
2025-10-16 04:00:00,22.1,74,2.9,984.9,108.5,114.1,134.02129548996214,4,3,10
2025-10-16 05:00:00,21.3,78,3.2,985.4,104.1,110.1,90.05036311376662,5,3,10
2025-10-16 06:00:00,21.4,78,1.9,985.8,109.7,115.9,83.18947211977036,6,3,10
2025-10-16 07:00:00,22.1,74,2.0,986.3,122.9,129.0,82.40522411588638,7,3,10
2025-10-16 08:00:00,24.0,66,1.3,986.9,111.1,115.3,78.77037104954795,8,3,10
2025-10-16 09:00:00,26.7,54,1.8,987.6,73.8,79.6,74.77516057150704,9,3,10
2025-10-16 10:00:00,29.0,45,3.7,987.8,56.5,62.9,70.6752262478783,10,3,10
2025-10-16 11:00:00,30.3,37,5.7,987.5,48.5,54.5,77.68840488252185,11,3,10
2025-10-16 12:00:00,31.4,33,5.3,987.0,43.0,48.1,88.06681352040125,12,3,10
2025-10-16 13:00:00,31.9,32,5.0,986.4,40.4,44.9,106.27094652663061,13,3,10
2025-10-16 14:00:00,32.1,30,4.6,985.5,40.2,44.5,136.75230745285276,14,3,10
2025-10-16 15:00:00,31.9,30,4.5,985.3,40.4,44.6,153.13414877936953,15,3,10
2025-10-16 16:00:00,31.4,32,5.2,985.0,40.7,44.8,174.96109023623998,16,3,10
2025-10-16 17:00:00,30.1,37,4.6,985.1,32.5,35.7,183.69174792678268,17,3,10
2025-10-16 18:00:00,28.3,43,3.5,985.5,46.1,49.1,194.64838192198013,18,3,10
2025-10-16 19:00:00,27.6,54,0.5,986.1,57.6,60.8,213.2953606094977,19,3,10
2025-10-16 20:00:00,26.3,53,1.3,986.6,68.0,71.0,226.50038885540434,20,3,10
2025-10-16 21:00:00,25.4,58,1.7,987.1,81.5,84.5,228.58495144314236,21,3,10
2025-10-16 22:00:00,24.9,61,2.0,987.2,93.1,96.2,239.60553646935358,22,3,10
2025-10-16 23:00:00,24.4,68,3.4,987.1,99.7,102.4,232.68420024024118,23,3,10
2025-10-17 00:00:00,24.1,69,2.2,987.0,101.0,103.8,307.90151648627386,0,4,10
2025-10-17 01:00:00,22.8,75,3.6,986.7,101.3,104.1,320.03569769888213,1,4,10
2025-10-17 02:00:00,22.3,77,1.9,986.5,102.2,104.8,316.5520247353448,2,4,10
2025-10-17 03:00:00,21.7,79,2.4,986.4,103.4,106.2,264.47186673906117,3,4,10
2025-10-17 04:00:00,21.2,81,2.9,986.3,105.5,108.5,169.85684952912507,4,4,10
2025-10-17 05:00:00,20.8,82,4.2,986.6,114.1,117.1,125.59671978067469,5,4,10
2025-10-17 06:00:00,21.0,80,2.9,987.3,115.0,118.3,100.1659467096682,6,4,10
2025-10-17 07:00:00,21.8,78,2.4,988.0,122.9,126.2,99.0928358749107,7,4,10
2025-10-17 08:00:00,23.8,67,1.9,988.7,103.6,105.9,90.80743983939841,8,4,10
2025-10-17 09:00:00,26.5,56,1.2,989.3,68.5,71.2,75.27490051764029,9,4,10
2025-10-17 10:00:00,29.1,46,1.6,989.4,48.4,51.9,61.08645141389635,10,4,10
2025-10-17 11:00:00,30.6,38,3.7,989.6,40.5,43.9,62.5037824065597,11,4,10
2025-10-17 12:00:00,31.6,34,4.2,988.8,36.1,38.9,97.00963040245904,12,4,10
2025-10-17 13:00:00,32.1,31,4.0,988.0,34.9,37.5,131.2233078674034,13,4,10
2025-10-17 14:00:00,32.2,31,4.3,987.0,34.8,37.4,161.5425115832576,14,4,10
2025-10-17 15:00:00,32.1,32,4.9,986.8,34.9,37.5,160.77258328331843,15,4,10
2025-10-17 16:00:00,31.5,33,5.7,986.4,35.4,37.8,171.5419028600057,16,4,10
2025-10-17 17:00:00,30.1,40,3.5,986.4,36.2,37.4,182.33342812502826,17,4,10
2025-10-17 18:00:00,28.2,46,3.6,986.7,47.4,48.7,196.89471544689602,18,4,10
2025-10-17 19:00:00,27.1,50,2.8,986.9,57.7,59.1,243.71900734371607,19,4,10
2025-10-17 20:00:00,26.6,55,0.9,987.4,66.8,68.5,285.48914723219696,20,4,10
2025-10-17 21:00:00,25.5,56,1.5,987.4,80.8,82.2,289.16526190793076,21,4,10
2025-10-17 22:00:00,24.7,62,3.1,987.4,92.9,94.5,308.6791314866808,22,4,10
2025-10-17 23:00:00,24.5,69,3.8,987.5,102.2,103.8,301.0150416798062,23,4,10
2025-10-18 00:00:00,24.3,71,3.6,987.1,107.8,109.7,263.139948798992,0,5,10
2025-10-18 01:00:00,23.6,72,2.9,987.0,111.1,112.7,226.26046710968018,1,5,10
2025-10-18 02:00:00,22.7,75,3.2,986.7,111.8,113.4,210.90977786170112,2,5,10
2025-10-18 03:00:00,21.8,78,4.1,986.4,110.4,112.2,187.4332336171468,3,5,10
2025-10-18 04:00:00,21.4,78,2.7,986.7,108.0,109.9,140.32978690162537,4,5,10
2025-10-18 05:00:00,20.8,82,4.9,986.9,106.2,108.3,100.30068456558955,5,5,10
2025-10-18 06:00:00,20.7,82,3.6,987.2,112.0,113.9,81.09312905508374,6,5,10
2025-10-18 07:00:00,21.4,81,2.3,987.7,122.9,124.8,67.14524415334066,7,5,10
2025-10-18 08:00:00,23.4,70,0.9,988.4,110.6,112.2,66.29250985705663,8,5,10
2025-10-18 09:00:00,26.1,58,0.2,989.0,78.2,80.1,62.5985204209497,9,5,10
2025-10-18 10:00:00,28.6,49,1.3,989.1,50.2,52.3,73.46495247795467,10,5,10
2025-10-18 11:00:00,30.5,39,4.9,989.1,41.0,43.2,73.05820638263036,11,5,10
2025-10-18 12:00:00,31.5,36,5.2,988.5,36.8,38.8,89.10500601813906,12,5,10
2025-10-18 13:00:00,32.0,33,5.5,987.3,35.7,37.7,127.20200384533595,13,5,10
2025-10-18 14:00:00,32.2,31,5.2,986.4,34.6,36.7,136.12430564638169,14,5,10
2025-10-18 15:00:00,32.1,30,5.8,986.0,33.6,35.9,171.78064490121508,15,5,10
2025-10-18 16:00:00,31.5,31,6.4,985.6,32.9,35.3,189.04687520890008,16,5,10
2025-10-18 17:00:00,30.0,39,3.2,985.5,33.3,33.8,195.2234666430761,17,5,10
2025-10-18 18:00:00,28.3,44,3.4,985.7,45.6,46.2,198.56967067415752,18,5,10
2025-10-18 19:00:00,27.1,51,3.4,986.1,56.7,57.5,205.9043411587912,19,5,10
2025-10-18 20:00:00,26.2,57,1.7,986.3,69.8,70.8,220.34921441759383,20,5,10
2025-10-18 21:00:00,25.5,64,0.7,986.4,86.4,87.3,211.59799194941448,21,5,10
2025-10-18 22:00:00,24.8,63,0.5,986.4,100.6,101.5,199.94803780752517,22,5,10
2025-10-18 23:00:00,24.1,72,0.9,986.5,110.6,111.5,212.4941588326106,23,5,10
2025-10-19 00:00:00,22.7,78,1.4,986.3,115.9,116.9,213.4812423251924,0,6,10
2025-10-19 01:00:00,21.7,82,0.8,986.1,119.2,120.1,225.52629392109222,1,6,10
2025-10-19 02:00:00,21.2,84,0.4,985.8,120.6,121.5,256.5844526230343,2,6,10
2025-10-19 03:00:00,20.8,85,0.4,985.6,120.1,121.1,274.44182579403827,3,6,10
2025-10-19 04:00:00,20.6,86,1.7,985.4,118.7,119.7,203.79015456658826,4,6,10
2025-10-19 05:00:00,20.4,90,3.8,985.9,110.1,111.3,123.99867586912933,5,6,10
2025-10-19 06:00:00,20.1,91,3.9,986.5,113.4,114.3,89.50327954982667,6,6,10
2025-10-19 07:00:00,20.7,86,3.4,987.0,127.6,128.5,84.76674586567184,7,6,10
2025-10-19 08:00:00,22.9,76,0.9,987.9,112.2,112.9,81.92090679653107,8,6,10
2025-10-19 09:00:00,26.2,60,1.3,988.7,76.6,77.1,70.75247619265602,9,6,10
2025-10-19 10:00:00,28.8,49,1.4,988.8,54.1,54.4,74.19125805203876,10,6,10
2025-10-19 11:00:00,30.2,42,2.8,988.8,48.9,49.1,91.74840072752939,11,6,10
2025-10-19 12:00:00,31.7,37,4.0,988.3,44.8,45.8,113.87534131852408,12,6,10
2025-10-19 13:00:00,32.3,34,5.4,987.5,41.1,42.7,140.5414385084122,13,6,10
2025-10-19 14:00:00,32.4,33,6.4,986.4,37.7,39.6,167.1921866038489,14,6,10
2025-10-19 15:00:00,32.1,33,6.9,985.7,35.3,37.4,181.18766670227052,15,6,10
2025-10-19 16:00:00,31.5,34,7.2,985.1,34.3,36.4,196.83898607587057,16,6,10
2025-10-19 17:00:00,30.0,41,6.1,984.9,27.6,28.9,202.19185718354726,17,6,10
2025-10-19 18:00:00,28.8,45,5.4,985.3,37.8,39.1,219.51299209291975,18,6,10
2025-10-19 19:00:00,27.8,50,6.4,985.6,46.0,47.3,244.1329859718444,19,6,10
2025-10-19 20:00:00,26.7,51,6.5,985.4,53.2,54.6,260.91783942570765,20,6,10
2025-10-19 21:00:00,25.6,52,5.0,985.7,61.9,63.3,271.2780324057927,21,6,10
2025-10-19 22:00:00,24.9,54,2.7,986.0,70.3,71.7,274.1041626097664,22,6,10
2025-10-19 23:00:00,24.1,66,3.3,985.6,76.8,78.2,265.6183210372925,23,6,10
2025-10-20 00:00:00,23.5,69,1.9,985.5,79.6,81.3,266.7749323042612,0,0,10
2025-10-20 01:00:00,22.4,73,1.7,985.5,82.2,83.6,274.9573673036363,1,0,10
2025-10-20 02:00:00,21.5,77,1.8,985.5,84.1,85.7,281.09788238283187,2,0,10
2025-10-20 03:00:00,21.0,79,1.9,985.5,85.0,86.6,221.55195190187482,3,0,10
2025-10-20 04:00:00,20.5,81,2.7,984.8,85.9,87.5,183.28181963118297,4,0,10
2025-10-20 05:00:00,20.5,80,1.7,985.5,82.7,84.5,,5,0,10
2025-10-20 06:00:00,20.3,81,1.1,986.0,85.7,87.5,,6,0,10
2025-10-20 07:00:00,20.4,82,2.6,986.7,95.2,96.9,,7,0,10
2025-10-20 08:00:00,22.8,69,2.2,987.6,88.9,89.9,88.15331492247405,8,0,10
2025-10-20 09:00:00,25.9,57,1.5,988.6,65.7,67.1,76.88725470083732,9,0,10
2025-10-20 10:00:00,28.5,47,1.2,988.7,42.8,45.1,71.10725696351794,10,0,10
2025-10-20 11:00:00,30.0,39,1.5,988.6,40.0,43.4,89.13625242798416,11,0,10
2025-10-20 12:00:00,31.8,29,3.1,988.1,38.1,42.4,103.58669460951678,12,0,10
2025-10-20 13:00:00,32.5,24,5.6,987.2,35.3,39.5,129.70860881452208,13,0,10
2025-10-20 14:00:00,32.6,22,6.7,986.3,32.0,36.4,154.53783102741946,14,0,10
2025-10-20 15:00:00,32.3,22,7.3,986.0,31.1,35.7,173.269920500498,15,0,10
2025-10-20 16:00:00,31.6,23,7.9,985.8,31.8,36.6,195.14668656606523,16,0,10
2025-10-20 17:00:00,30.2,34,2.4,985.4,39.1,42.5,233.42974595569427,17,0,10
2025-10-20 18:00:00,28.2,38,0.7,986.1,49.4,53.1,222.4925139442323,18,0,10
2025-10-20 19:00:00,27.0,41,1.0,986.7,54.8,58.8,228.15802184816388,19,0,10
2025-10-20 20:00:00,26.1,45,1.2,987.1,59.8,63.8,234.03646613832504,20,0,10
2025-10-20 21:00:00,24.7,47,3.6,987.4,65.2,69.4,218.84244511977246,21,0,10
2025-10-20 22:00:00,24.5,46,5.1,987.3,70.1,74.3,219.1040720510735,22,0,10
2025-10-20 23:00:00,23.9,63,4.1,987.2,73.3,77.5,230.3193966789851,23,0,10
2025-10-21 00:00:00,23.5,65,4.0,987.0,75.2,79.9,234.77359317295137,0,1,10
2025-10-21 01:00:00,23.1,65,2.2,987.0,78.2,82.7,227.6563530821477,1,1,10
2025-10-21 02:00:00,22.4,66,2.9,986.9,81.0,85.4,231.30785211954856,2,1,10
2025-10-21 03:00:00,21.3,65,6.2,987.0,81.7,85.9,191.1443563475432,3,1,10
2025-10-21 04:00:00,19.8,73,4.7,987.1,81.0,84.8,141.81042242790542,4,1,10
2025-10-21 05:00:00,20.2,76,3.8,987.2,79.6,82.0,127.13281480294688,5,1,10
2025-10-21 06:00:00,19.8,78,3.9,987.9,84.1,86.4,107.10670435163709,6,1,10
2025-10-21 07:00:00,20.4,75,5.6,988.7,95.9,98.3,78.09159963749073,7,1,10
2025-10-21 08:00:00,22.8,64,3.6,989.5,86.6,88.0,74.43071996547557,8,1,10
2025-10-21 09:00:00,26.1,53,0.8,990.4,53.3,55.2,64.77270834181044,9,1,10
2025-10-21 10:00:00,28.9,40,0.4,990.5,35.5,38.1,68.27456023604782,10,1,10
2025-10-21 11:00:00,30.3,32,3.9,990.2,31.0,34.5,82.58947674080177,11,1,10
2025-10-21 12:00:00,31.4,27,2.9,989.6,27.6,31.4,119.98780551486546,12,1,10
2025-10-21 13:00:00,32.0,23,4.0,988.7,25.7,29.8,159.21806950039334,13,1,10
2025-10-21 14:00:00,31.9,23,6.5,987.7,26.1,30.7,186.81706786382765,14,1,10
2025-10-21 15:00:00,31.6,23,8.4,987.4,27.1,31.8,211.25560968655012,15,1,10
2025-10-21 16:00:00,30.8,25,10.5,987.2,29.0,33.2,245.1287839556497,16,1,10
2025-10-21 17:00:00,29.8,28,10.6,987.1,27.9,30.2,261.77338421533983,17,1,10
2025-10-21 18:00:00,28.3,34,7.5,987.7,33.2,35.3,239.9049103661189,18,1,10
2025-10-21 19:00:00,27.2,40,7.6,988.1,37.3,39.2,228.98450183868408,19,1,10
2025-10-21 20:00:00,25.9,45,6.2,988.3,41.2,43.1,244.76664261948667,20,1,10
2025-10-21 21:00:00,24.7,47,5.9,988.3,47.5,49.6,239.2943512339651,21,1,10
2025-10-21 22:00:00,23.7,49,5.5,988.5,56.7,58.6,230.09431037549618,22,1,10
2025-10-21 23:00:00,23.3,64,5.5,988.2,64.5,66.4,229.08761593147563,23,1,10
2025-10-22 00:00:00,22.6,67,4.8,988.0,66.6,68.5,230.91610901765148,0,2,10
2025-10-22 01:00:00,22.0,66,5.6,988.3,66.8,68.5,243.91518305823914,1,2,10
2025-10-22 02:00:00,21.3,69,5.2,987.9,66.1,67.8,244.23795609247117,2,2,10
2025-10-22 03:00:00,20.3,73,3.6,988.0,65.0,66.4,197.50749091072686,3,2,10
2025-10-22 04:00:00,19.9,74,3.1,988.0,64.5,65.7,150.05814836868132,4,2,10
2025-10-22 05:00:00,20.0,74,6.0,988.3,40.7,41.1,109.5628099204371,5,2,10
2025-10-22 06:00:00,20.0,74,6.0,988.9,48.9,49.4,89.33567942449139,6,2,10
2025-10-22 07:00:00,20.5,70,6.0,989.5,59.8,60.3,73.12108062017532,7,2,10
2025-10-22 08:00:00,22.3,62,5.9,990.2,62.2,62.4,65.12188197771708,8,2,10
2025-10-22 09:00:00,24.9,55,3.0,990.8,49.7,50.3,63.28977076212565,9,2,10
2025-10-22 10:00:00,27.4,46,3.9,990.9,38.3,39.2,61.985844018603814,10,2,10
2025-10-22 11:00:00,29.4,40,5.0,990.6,32.2,33.2,72.7959451010733,11,2,10
2025-10-22 12:00:00,30.9,27,7.5,989.9,24.9,26.6,93.9678658026236,12,2,10
2025-10-22 13:00:00,31.4,22,10.3,988.9,20.1,22.8,136.10901211367712,13,2,10
2025-10-22 14:00:00,31.2,23,10.1,987.9,19.3,22.3,177.3998040035036,14,2,10
2025-10-22 15:00:00,31.0,24,9.3,987.2,19.4,22.2,201.75747525162168,15,2,10
2025-10-22 16:00:00,30.2,27,7.2,986.8,20.4,22.8,228.11650870641074,16,2,10
2025-10-22 17:00:00,28.8,33,3.6,986.4,33.3,36.6,240.87011439800264,17,2,10
2025-10-22 18:00:00,27.2,39,3.8,986.9,43.0,46.2,256.2801838159561,18,2,10
2025-10-22 19:00:00,26.4,44,2.1,987.3,52.5,55.8,248.2215249326494,19,2,10
2025-10-22 20:00:00,25.6,48,2.0,987.4,61.2,64.3,221.82047365506492,20,2,10
2025-10-22 21:00:00,24.6,52,1.1,987.6,69.4,72.4,226.512879064348,21,2,10
2025-10-22 22:00:00,23.6,55,1.5,987.4,77.1,80.1,243.58006006763094,22,2,10
2025-10-22 23:00:00,22.4,67,4.8,987.4,83.4,86.6,252.64941674073538,23,2,10
2025-10-23 00:00:00,21.8,70,4.4,987.3,87.1,90.3,242.10150578816732,0,3,10
2025-10-23 01:00:00,21.3,72,4.9,987.4,89.4,92.7,242.35351720537457,1,3,10
2025-10-23 02:00:00,20.9,74,3.1,986.9,90.6,93.8,271.6734335072835,2,3,10
2025-10-23 03:00:00,19.8,80,3.8,987.0,90.6,93.8,241.56786966111926,3,3,10
2025-10-23 04:00:00,19.4,81,1.3,986.9,90.1,93.1,238.55641688876682,4,3,10
2025-10-23 05:00:00,19.5,83,1.6,987.2,67.1,70.5,225.85580608791778,5,3,10
2025-10-23 06:00:00,19.6,83,1.3,987.7,74.3,77.8,176.84236933814154,6,3,10
2025-10-23 07:00:00,20.4,76,5.0,988.0,88.0,91.7,110.67553044213189,7,3,10
2025-10-23 08:00:00,22.4,65,3.2,988.7,88.0,90.3,106.63417171902125,8,3,10
2025-10-23 09:00:00,25.3,54,1.2,989.2,72.4,75.2,79.92528210291788,9,3,10
2025-10-23 10:00:00,27.7,43,1.1,989.4,54.2,57.7,94.12756930815021,10,3,10
2025-10-23 11:00:00,29.3,39,2.8,989.3,44.0,48.1,82.42266462114121,11,3,10
2025-10-23 12:00:00,31.2,31,3.1,988.6,36.6,41.1,102.74594831315298,12,3,10
2025-10-23 13:00:00,32.3,23,5.5,987.7,29.4,33.8,142.6610422823164,13,3,10
2025-10-23 14:00:00,32.4,21,7.3,986.7,26.6,30.7,192.19024824831223,14,3,10
2025-10-23 15:00:00,32.1,21,8.6,986.4,26.0,29.9,225.31033386654323,15,3,10
2025-10-23 16:00:00,31.2,23,8.6,986.2,27.4,30.7,252.5685476433147,16,3,10
2025-10-23 17:00:00,30.0,29,5.3,985.9,39.5,43.4,283.9458690158904,17,3,10
2025-10-23 18:00:00,28.3,38,4.9,986.6,52.0,55.9,304.13787520877895,18,3,10
2025-10-23 19:00:00,26.7,47,4.1,986.8,63.1,67.1,290.3606447583153,19,3,10
2025-10-23 20:00:00,25.4,53,2.2,987.0,75.4,79.2,290.3815824175638,20,3,10
2025-10-23 21:00:00,24.5,59,0.4,987.1,85.9,89.6,297.7848151585412,21,3,10
2025-10-23 22:00:00,23.5,61,0.4,987.1,94.8,98.7,308.1320527001033,22,3,10
2025-10-23 23:00:00,22.4,73,1.4,987.2,101.5,105.5,283.7901479271264,23,3,10
2025-10-24 00:00:00,21.9,77,2.1,987.1,106.4,110.6,284.21354791550414,0,4,10
2025-10-24 01:00:00,21.2,80,2.7,986.8,109.9,113.9,292.70315573556087,1,4,10
2025-10-24 02:00:00,20.8,82,1.5,986.7,112.9,116.9,315.83767685663133,2,4,10
2025-10-24 03:00:00,20.0,85,1.7,986.5,115.3,119.0,305.9675847613622,3,4,10
2025-10-24 04:00:00,19.5,87,1.8,986.7,117.8,121.5,234.56356830459305,4,4,10
2025-10-24 05:00:00,19.4,91,1.5,986.8,80.8,82.9,155.85460510859414,5,4,10
2025-10-24 06:00:00,19.2,92,1.6,987.3,82.2,84.1,137.0909087287055,6,4,10
2025-10-24 07:00:00,19.7,90,2.2,988.0,88.5,90.1,121.70321231720939,7,4,10
2025-10-24 08:00:00,22.2,77,2.3,989.0,79.6,81.0,107.79023604317317,8,4,10
2025-10-24 09:00:00,25.7,61,2.2,989.6,63.3,65.2,112.9507361427186,9,4,10
2025-10-24 10:00:00,28.3,50,3.1,989.6,46.6,49.1,110.51159881750743,10,4,10
2025-10-24 11:00:00,29.7,42,3.1,989.4,37.8,40.7,112.07904162406922,11,4,10
2025-10-24 12:00:00,31.4,34,2.1,988.9,33.6,36.2,144.7980988740921,12,4,10
2025-10-24 13:00:00,32.2,29,2.3,987.7,31.5,33.9,182.80889944500393,13,4,10
2025-10-24 14:00:00,32.3,26,4.0,986.8,31.2,33.6,221.02825870513917,14,4,10
2025-10-24 15:00:00,31.9,26,6.0,986.1,32.0,34.7,241.29294123914508,15,4,10
2025-10-24 16:00:00,30.8,32,7.3,985.9,33.8,36.7,266.51345693800187,16,4,10
2025-10-24 17:00:00,29.6,36,4.9,985.6,49.1,51.3,288.0401165364969,17,4,10
2025-10-24 18:00:00,27.9,46,3.9,986.1,61.0,63.6,299.8601446496116,18,4,10
2025-10-24 19:00:00,26.7,51,4.3,986.6,71.2,73.8,321.10538362397085,19,4,10
2025-10-24 20:00:00,25.6,58,4.1,986.7,80.3,82.7,320.73561504946815,20,4,10
2025-10-24 21:00:00,24.9,60,4.6,986.7,87.5,90.1,300.43046188884307,21,4,10
2025-10-24 22:00:00,23.9,65,4.1,986.5,96.4,99.0,296.44845757291773,22,4,10
2025-10-24 23:00:00,23.2,67,2.2,986.1,104.3,107.1,291.0939001136356,23,4,10
2025-10-25 00:00:00,22.4,70,2.1,985.9,109.0,112.0,299.82231002282845,0,5,10
2025-10-25 01:00:00,21.4,74,2.8,985.5,110.4,113.2,308.6979306205871,1,5,10
2025-10-25 02:00:00,20.2,78,4.3,985.3,108.7,111.5,323.9865264135693,2,5,10
2025-10-25 03:00:00,19.6,79,4.5,985.2,106.4,109.0,310.1061393041459,3,5,10
2025-10-25 04:00:00,19.1,81,4.2,985.3,104.5,107.1,266.30935283237034,4,5,10
2025-10-25 05:00:00,19.7,87,0.9,986.1,112.0,114.6,218.55744863540403,5,5,10
2025-10-25 06:00:00,19.5,88,0.4,986.4,116.6,119.2,172.25491877964564,6,5,10
2025-10-25 07:00:00,19.8,88,1.3,987.1,128.5,130.9,135.87625995514887,7,5,10
2025-10-25 08:00:00,21.8,78,0.5,988.0,124.8,126.2,114.59791266426207,8,5,10
2025-10-25 09:00:00,24.7,65,1.7,988.6,90.3,93.4,108.97961894444059,9,5,10
2025-10-25 10:00:00,27.3,54,1.9,988.8,73.8,78.5,107.07707349080887,10,5,10
2025-10-25 11:00:00,29.0,47,1.0,988.9,66.4,72.6,117.7493969205826,11,5,10
2025-10-25 12:00:00,31.0,37,2.4,988.3,64.5,71.2,145.20541059403192,12,5,10
2025-10-25 13:00:00,31.9,30,4.0,987.6,60.1,66.8,176.3379651069641,13,5,10
2025-10-25 14:00:00,32.0,28,6.5,986.6,55.6,62.2,212.56138005080047,14,5,10
2025-10-25 15:00:00,31.5,30,8.5,986.1,53.3,59.5,255.96548831021346,15,5,10
2025-10-25 16:00:00,30.6,34,8.7,986.1,53.6,59.0,268.7428854235896,16,5,10
2025-10-25 17:00:00,28.7,51,3.9,985.7,71.0,76.4,277.32079366048174,17,5,10
2025-10-25 18:00:00,27.2,54,4.0,986.0,82.4,88.2,298.3728913907652,18,5,10
2025-10-25 19:00:00,25.9,62,4.4,986.4,96.4,102.4,311.865634642707,19,5,10
2025-10-25 20:00:00,25.0,68,3.1,986.4,106.6,112.9,313.5711061407019,20,5,10
2025-10-25 21:00:00,24.3,71,1.8,986.6,115.5,122.0,316.00419624469896,21,5,10
2025-10-25 22:00:00,23.5,73,1.0,986.9,124.8,131.3,,22,5,10
2025-10-25 23:00:00,22.6,79,1.2,987.0,132.2,139.2,323.2029232660929,23,5,10
2025-10-26 00:00:00,21.6,83,1.1,987.0,137.8,144.8,331.8164612169619,0,6,10
2025-10-26 01:00:00,20.4,87,1.6,986.8,143.0,150.4,350.50580091123226,1,6,10
2025-10-26 02:00:00,19.6,90,2.2,986.7,145.8,153.2,348.8397633305303,2,6,10
2025-10-26 03:00:00,18.9,92,3.8,986.6,146.2,153.2,301.4819561817028,3,6,10
2025-10-26 04:00:00,18.5,91,4.3,986.8,145.3,152.3,221.53144718170165,4,6,10
2025-10-26 05:00:00,18.1,91,3.8,987.2,137.4,142.0,212.0630616124471,5,6,10
2025-10-26 06:00:00,17.7,92,3.6,987.5,136.0,140.6,173.87797275427616,6,6,10
2025-10-26 07:00:00,18.4,89,4.3,988.3,140.2,143.9,136.01823834482826,7,6,10
2025-10-26 08:00:00,20.9,78,3.8,989.2,130.9,133.2,132.10673617468942,8,6,10
2025-10-26 09:00:00,24.5,66,2.4,989.6,117.8,120.1,127.26551763052892,9,6,10
2025-10-26 10:00:00,27.3,54,2.1,989.5,90.6,94.8,122.13545013427733,10,6,10
2025-10-26 11:00:00,29.2,44,1.5,989.3,81.0,87.5,138.53423049502902,11,6,10
2025-10-26 12:00:00,30.4,38,3.1,988.5,82.0,90.1,163.87628331502282,12,6,10
2025-10-26 13:00:00,31.0,35,4.0,987.7,79.4,87.8,189.39657219780815,13,6,10
2025-10-26 14:00:00,31.2,34,4.7,987.0,75.0,83.6,223.70002512190075,14,6,10
2025-10-26 15:00:00,30.9,34,5.2,986.4,72.6,80.8,261.0499663543701,15,6,10
2025-10-26 16:00:00,30.1,37,5.5,986.1,72.6,80.3,279.638552186754,16,6,10
2025-10-26 17:00:00,27.8,58,2.7,986.2,93.8,100.1,294.03022626664904,17,6,10
2025-10-26 18:00:00,26.2,64,2.3,986.6,107.3,113.9,295.3208752287277,18,6,10
2025-10-26 19:00:00,25.1,70,2.4,986.9,117.3,123.9,283.2202285373572,19,6,10
2025-10-26 20:00:00,24.1,73,2.6,987.4,121.1,127.6,282.55705979665123,20,6,10
2025-10-26 21:00:00,23.2,74,4.1,987.3,124.8,130.9,284.7140638987223,21,6,10
2025-10-26 22:00:00,22.4,77,3.7,987.4,127.1,133.6,300.98437862820094,22,6,10
2025-10-26 23:00:00,21.7,79,2.6,987.3,128.1,134.1,304.55989606221516,23,6,10
2025-10-27 00:00:00,20.8,83,2.8,986.9,127.6,133.6,305.4107890828451,0,0,10
2025-10-27 01:00:00,20.0,86,2.8,986.6,127.6,133.2,316.3589143664427,1,0,10
2025-10-27 02:00:00,19.3,89,3.2,986.5,128.1,133.6,312.9290136633979,2,0,10
2025-10-27 03:00:00,19.1,89,1.5,986.5,128.1,134.1,266.969202647739,3,0,10
2025-10-27 04:00:00,18.9,90,1.3,986.5,128.1,133.6,199.29358499550526,4,0,10
2025-10-27 05:00:00,18.4,92,2.9,986.9,122.9,128.1,190.8411875159652,5,0,10
2025-10-27 06:00:00,18.0,92,1.3,987.3,125.3,130.4,172.38963124411447,6,0,10
2025-10-27 07:00:00,18.6,90,1.3,988.0,135.0,139.7,132.55783531855022,7,0,10
2025-10-27 08:00:00,20.9,83,1.6,988.9,125.3,129.0,139.3754640851702,8,0,10
2025-10-27 09:00:00,24.1,68,2.8,989.7,107.3,111.1,103.28308204111427,9,0,10
2025-10-27 10:00:00,26.4,58,3.4,990.1,85.4,90.6,104.55754727257624,10,0,10
2025-10-27 11:00:00,28.0,50,2.8,990.2,80.3,87.1,148.35374423133004,11,0,10
2025-10-27 12:00:00,29.1,44,2.7,989.5,86.4,94.3,169.37276628635547,12,0,10
2025-10-27 13:00:00,29.8,40,4.0,988.4,82.0,89.9,198.86947204095347,13,0,10
2025-10-27 14:00:00,30.0,38,5.6,987.5,76.6,84.1,228.82679181628757,14,0,10
2025-10-27 15:00:00,29.8,38,7.1,987.0,74.3,81.5,249.21883547747578,15,0,10
2025-10-27 16:00:00,29.0,40,7.6,986.7,75.7,82.4,267.0380836769387,16,0,10
2025-10-27 17:00:00,27.3,57,3.9,986.7,67.1,71.2,277.87005796432493,17,0,10
2025-10-27 18:00:00,26.1,62,2.4,987.1,80.6,84.8,277.7304692974797,18,0,10
2025-10-27 19:00:00,24.9,68,1.5,987.6,97.6,101.7,297.4150710988927,19,0,10
2025-10-27 20:00:00,23.6,74,1.7,988.0,113.4,117.8,334.1847967924895,20,0,10
2025-10-27 21:00:00,22.7,78,2.4,988.7,127.1,131.8,315.5787617718732,21,0,10
2025-10-27 22:00:00,22.3,79,1.0,988.9,140.2,144.8,319.44557585186425,22,0,10
2025-10-27 23:00:00,22.1,81,1.9,988.8,148.5,153.2,362.17678485446504,23,0,10
2025-10-28 00:00:00,21.4,84,3.5,988.9,153.2,157.9,391.2550863214615,0,1,10
2025-10-28 01:00:00,20.6,86,4.2,988.5,154.1,159.3,376.2397353156247,1,1,10
2025-10-28 02:00:00,20.2,85,5.0,988.6,147.6,152.3,302.37772666436655,2,1,10
2025-10-28 03:00:00,19.9,84,5.9,988.9,133.2,136.9,263.58140034987986,3,1,10
2025-10-28 04:00:00,19.4,87,4.9,988.5,107.1,110.1,224.2275690431948,4,1,10
2025-10-28 05:00:00,18.9,91,4.2,988.7,54.5,54.5,175.8055369129887,5,1,10
2025-10-28 06:00:00,19.0,90,5.2,989.4,57.2,71.2,156.91986351366398,6,1,10
2025-10-28 07:00:00,19.2,88,6.0,989.9,65.0,97.3,162.5755859926012,7,1,10
2025-10-28 08:00:00,20.9,83,4.7,990.4,70.5,120.6,145.81582508087158,8,1,10
2025-10-28 09:00:00,23.5,73,4.0,990.9,74.5,149.0,140.6226639005873,9,1,10
2025-10-28 10:00:00,26.0,62,4.5,990.9,75.7,156.0,134.91394181831805,10,1,10
2025-10-28 11:00:00,27.8,52,4.2,990.8,68.9,143.4,139.61821988070454,11,1,10
2025-10-28 12:00:00,28.7,46,3.2,990.0,60.8,116.4,159.20976386600069,12,1,10
2025-10-28 13:00:00,29.2,43,2.8,988.9,49.1,82.9,189.77777079476246,13,1,10
2025-10-28 14:00:00,29.5,42,2.3,988.0,43.4,69.2,230.51222691712556,14,1,10
2025-10-28 15:00:00,29.4,41,2.8,987.6,41.6,64.5,258.13679591894953,15,1,10
2025-10-28 16:00:00,28.8,43,4.8,987.5,41.0,61.7,283.1650383066248,16,1,10
2025-10-28 17:00:00,27.3,55,5.0,987.1,72.9,91.5,287.9409640700729,17,1,10
2025-10-28 18:00:00,25.5,68,3.6,987.6,96.2,115.3,308.53768174206766,18,1,10
2025-10-28 19:00:00,24.9,68,1.3,988.1,120.1,139.2,336.8955518086751,19,1,10
2025-10-28 20:00:00,24.1,70,1.2,988.5,136.9,155.5,355.08924819805003,20,1,10
2025-10-28 21:00:00,23.0,73,2.4,988.8,148.1,166.7,363.14544009455926,21,1,10
2025-10-28 22:00:00,21.8,79,3.4,988.8,155.1,172.8,385.3988912031386,22,1,10
2025-10-28 23:00:00,21.0,85,2.8,989.0,154.6,171.8,424.67504847362784,23,1,10
2025-10-29 00:00:00,20.8,85,1.1,988.9,144.8,162.1,426.3990198417946,0,2,10
2025-10-29 01:00:00,20.4,86,1.3,988.6,134.1,150.9,426.5610031449032,1,2,10
2025-10-29 02:00:00,19.6,88,4.1,988.6,128.1,146.7,432.61749946452954,2,2,10
2025-10-29 03:00:00,19.3,88,2.2,988.4,126.7,147.1,457.28844893924776,3,2,10
2025-10-29 04:00:00,19.1,88,0.8,988.2,126.7,149.0,463.5080901925526,4,2,10
2025-10-29 05:00:00,18.4,91,1.8,988.4,136.4,165.8,388.9018354574839,5,2,10
2025-10-29 06:00:00,18.1,93,3.1,988.5,138.8,168.1,304.18865206482434,6,2,10
2025-10-29 07:00:00,18.8,90,3.7,988.7,145.3,174.6,278.8183040217748,7,2,10
2025-10-29 08:00:00,20.8,81,2.2,989.2,141.1,159.7,238.6924562591839,8,2,10
2025-10-29 09:00:00,23.7,70,1.5,989.9,127.6,151.8,223.9333068261415,9,2,10
2025-10-29 10:00:00,26.2,58,0.9,989.8,108.0,133.6,228.00290278177414,10,2,10
2025-10-29 11:00:00,27.2,55,2.7,989.7,89.6,112.5,237.74796214936273,11,2,10
2025-10-29 12:00:00,28.1,51,4.9,989.0,81.0,96.2,269.46021460578555,12,2,10
2025-10-29 13:00:00,28.6,49,6.8,987.7,71.2,82.9,288.6968236534684,13,2,10
2025-10-29 14:00:00,28.7,48,7.3,986.7,65.4,75.2,315.7006248050266,14,2,10
2025-10-29 15:00:00,28.5,50,7.0,986.1,62.6,71.2,326.0945606514259,15,2,10
2025-10-29 16:00:00,27.8,53,6.5,985.7,62.2,69.6,335.37015127959074,16,2,10
2025-10-29 17:00:00,26.9,65,3.3,985.6,86.4,93.6,344.5805552447284,17,2,10
2025-10-29 18:00:00,26.1,65,2.5,985.8,99.7,108.0,354.7942321912207,18,2,10
2025-10-29 19:00:00,25.4,66,1.5,986.1,118.7,127.6,376.02263002748845,19,2,10
2025-10-29 20:00:00,24.5,69,0.7,986.3,134.1,143.4,398.1690845136289,20,2,10
2025-10-29 21:00:00,23.4,74,0.3,986.7,146.7,156.5,403.4078702830305,21,2,10
2025-10-29 22:00:00,22.2,79,1.3,986.9,157.9,167.6,375.3149965568825,22,2,10
2025-10-29 23:00:00,22.7,78,0.9,987.2,166.2,176.0,386.09657518598766,23,2,10
2025-10-30 00:00:00,22.2,81,1.2,987.0,170.9,180.7,401.1711823498761,0,3,10
2025-10-30 01:00:00,21.6,83,1.5,986.7,173.2,183.5,419.07756791856553,1,3,10
2025-10-30 02:00:00,20.8,87,2.8,986.5,174.2,184.4,426.3565674845378,2,3,10
2025-10-30 03:00:00,20.2,88,1.7,986.4,172.3,181.6,422.93658775329595,3,3,10
2025-10-30 04:00:00,19.1,92,3.3,986.3,170.9,179.7,397.80114082760275,4,3,10
2025-10-30 05:00:00,19.0,93,2.6,986.6,130.9,135.0,349.90572496664646,5,3,10
2025-10-30 06:00:00,18.9,93,1.6,987.1,132.2,135.5,311.34415862316007,6,3,10
2025-10-30 07:00:00,19.3,93,1.7,987.6,142.5,146.2,266.1182210947012,7,3,10
2025-10-30 08:00:00,21.4,83,1.8,988.3,136.0,138.8,206.70110890247201,8,3,10
2025-10-30 09:00:00,24.1,71,0.5,988.9,121.1,125.3,179.48030116822986,9,3,10
2025-10-30 10:00:00,26.2,60,2.0,989.2,109.0,115.9,186.5042151451111,10,3,10
2025-10-30 11:00:00,27.6,55,5.0,989.1,101.7,109.9,201.02211923145114,11,3,10
2025-10-30 12:00:00,28.9,47,5.6,988.3,91.3,99.0,205.04372695600145,12,3,10
2025-10-30 13:00:00,29.4,43,5.6,987.2,80.1,87.3,227.04248648749459,13,3,10
2025-10-30 14:00:00,29.6,42,5.9,986.3,73.3,80.3,257.63255746629505,14,3,10
2025-10-30 15:00:00,29.3,42,6.1,985.7,69.6,76.1,270.5966070477925,15,3,10
2025-10-30 16:00:00,28.6,46,5.4,985.3,69.4,75.7,292.4059448756869,16,3,10
2025-10-30 17:00:00,27.3,61,4.1,985.0,78.7,84.5,321.7049745468866,17,3,10
2025-10-30 18:00:00,26.2,61,4.8,985.3,94.1,99.9,326.72475604405474,18,3,10
2025-10-30 19:00:00,25.4,63,5.4,985.5,107.6,113.6,337.067410214742,19,3,10
2025-10-30 20:00:00,24.5,65,5.4,985.7,119.2,125.3,368.6917447952997,20,3,10
2025-10-30 21:00:00,23.8,68,4.9,986.1,127.6,134.1,385.03626553368946,21,3,10
2025-10-30 22:00:00,23.2,70,3.2,986.3,133.2,139.2,385.53260550293516,22,3,10
2025-10-30 23:00:00,22.6,75,2.9,986.3,133.2,138.8,381.7020627824087,23,3,10
2025-10-31 00:00:00,22.2,77,2.3,986.1,129.9,135.5,355.43818289136124,0,4,10
2025-10-31 01:00:00,21.5,79,3.1,986.3,128.5,134.6,359.1770405580815,1,4,10
2025-10-31 02:00:00,21.0,81,4.6,986.1,129.0,134.6,382.9225867256286,2,4,10
2025-10-31 03:00:00,20.8,80,4.5,985.9,129.5,135.0,407.0024241553413,3,4,10
2025-10-31 04:00:00,20.5,81,2.7,985.8,129.9,135.5,353.4008164087931,4,4,10
2025-10-31 05:00:00,19.0,90,3.9,985.8,150.9,157.4,246.3921269496282,5,4,10
2025-10-31 06:00:00,18.9,89,2.0,986.2,149.9,156.0,199.91332662635378,6,4,10
2025-10-31 07:00:00,19.3,90,1.8,986.6,156.5,162.1,150.190872852386,7,4,10
2025-10-31 08:00:00,21.3,80,0.7,987.0,146.7,150.4,120.11512497266133,8,4,10
2025-10-31 09:00:00,23.9,70,0.0,987.6,122.0,126.7,119.10917643289717,9,4,10
2025-10-31 10:00:00,26.0,59,0.9,987.5,103.6,109.7,120.71086315881637,10,4,10
2025-10-31 11:00:00,27.7,52,3.1,987.4,85.7,92.2,130.84998815627324,11,4,10
2025-10-31 12:00:00,29.0,45,5.3,986.5,68.5,75.0,156.60556146833633,12,4,10
2025-10-31 13:00:00,29.5,42,7.7,985.6,60.8,66.6,211.60283737182615,13,4,10
2025-10-31 14:00:00,29.6,41,8.6,984.9,58.4,64.3,248.08208130317675,14,4,10
2025-10-31 15:00:00,29.4,41,8.5,984.6,57.4,62.9,282.4431698662894,15,4,10
2025-10-31 16:00:00,28.6,45,6.5,984.2,58.2,63.1,294.9866439577133,16,4,10
2025-10-31 17:00:00,27.4,54,4.8,984.1,81.5,87.5,292.05477986108684,17,4,10
2025-10-31 18:00:00,26.3,56,5.0,984.3,92.0,98.0,301.9217868986584,18,4,10
2025-10-31 19:00:00,25.6,59,4.2,984.9,101.5,107.8,326.8207620106046,19,4,10
2025-10-31 20:00:00,24.7,62,3.6,985.3,113.9,120.1,334.15555127461755,20,4,10
2025-10-31 21:00:00,23.8,66,3.9,985.6,125.7,132.2,339.63972008720276,21,4,10
2025-10-31 22:00:00,22.8,69,3.9,985.7,136.9,143.4,344.8098896238539,22,4,10
2025-10-31 23:00:00,22.2,74,4.2,985.8,145.3,152.3,362.04136054629373,23,4,10
2025-11-01 00:00:00,22.0,73,2.8,985.2,149.9,156.9,394.74834743075905,0,5,11
2025-11-01 01:00:00,21.4,74,1.8,985.2,152.3,159.3,427.03877831110873,1,5,11
2025-11-01 02:00:00,20.6,77,2.0,985.1,151.8,159.3,394.5985163128566,2,5,11
2025-11-01 03:00:00,20.1,79,2.2,985.2,149.5,156.5,376.00488313672173,3,5,11
2025-11-01 04:00:00,19.8,80,2.3,985.0,145.8,152.7,345.9661567506336,4,5,11
2025-11-01 05:00:00,18.9,81,5.2,985.3,145.8,152.7,278.8847570501488,5,5,11
2025-11-01 06:00:00,18.7,81,3.6,985.5,150.9,158.3,212.55552779303656,6,5,11
2025-11-01 07:00:00,18.9,82,2.3,986.4,160.7,168.1,162.9199269128224,7,5,11
2025-11-01 08:00:00,20.9,73,1.5,987.3,155.5,160.2,137.2924768094663,8,5,11
2025-11-01 09:00:00,23.7,64,1.0,987.8,138.8,144.4,128.31077901281492,9,5,11
2025-11-01 10:00:00,26.3,54,2.4,988.1,107.1,115.0,132.21613661094946,10,5,11
2025-11-01 11:00:00,28.1,48,5.5,988.0,88.7,97.6,158.63184736039904,11,5,11
2025-11-01 12:00:00,29.6,39,7.5,987.2,75.9,85.0,181.232333638933,12,5,11
2025-11-01 13:00:00,30.3,34,7.7,986.2,67.8,76.1,211.6137614747892,13,5,11
2025-11-01 14:00:00,30.4,33,8.1,985.5,62.2,69.8,232.67143349965414,14,5,11
2025-11-01 15:00:00,30.0,34,8.5,985.2,59.1,66.4,282.48670076582164,15,5,11
2025-11-01 16:00:00,29.1,37,7.6,985.0,60.3,66.6,305.2245359208849,16,5,11
2025-11-01 17:00:00,27.2,52,4.9,984.9,75.2,80.8,312.44272274441187,17,5,11
2025-11-01 18:00:00,26.1,55,5.0,985.0,84.3,90.1,305.7838100518121,18,5,11
2025-11-01 19:00:00,25.0,59,4.8,985.4,91.7,98.0,290.53349755181205,19,5,11
2025-11-01 20:00:00,23.9,64,4.3,985.8,101.7,108.7,288.5495843968247,20,5,11
2025-11-01 21:00:00,23.2,66,3.8,986.1,112.5,120.1,284.32131631716334,21,5,11
2025-11-01 22:00:00,22.5,68,3.8,986.2,121.5,129.5,290.27021671012596,22,5,11
2025-11-01 23:00:00,21.8,71,4.6,986.2,127.6,135.5,286.09865532345236,23,5,11
2025-11-02 00:00:00,20.8,75,5.2,985.8,129.0,137.4,306.7210439843842,0,6,11
2025-11-02 01:00:00,20.1,77,4.8,985.7,127.6,136.0,296.5476111857096,1,6,11
2025-11-02 02:00:00,19.9,77,4.3,985.5,125.7,133.6,329.3925447336833,2,6,11
2025-11-02 03:00:00,19.6,76,4.2,985.1,123.9,131.8,324.2298356374105,3,6,11
2025-11-02 04:00:00,18.8,78,4.5,984.7,122.9,130.4,283.50961688995363,4,6,11
2025-11-02 05:00:00,18.2,83,5.8,984.9,134.1,142.0,247.55534163581,5,6,11
2025-11-02 06:00:00,18.3,83,5.3,985.3,136.4,144.4,224.6527472008599,6,6,11
2025-11-02 07:00:00,19.1,79,5.2,985.9,138.8,146.2,198.9808144597654,7,6,11
2025-11-02 08:00:00,21.2,71,5.5,986.8,129.5,135.0,160.9443220859104,8,6,11
2025-11-02 09:00:00,23.6,63,2.5,987.5,116.2,122.0,144.22016382429334,9,6,11
2025-11-02 10:00:00,26.0,54,2.5,987.5,96.6,103.1,145.526863984002,10,6,11
2025-11-02 11:00:00,27.6,47,4.4,987.7,85.0,92.4,156.8899583562215,11,6,11
2025-11-02 12:00:00,29.0,41,5.8,987.1,75.2,82.4,168.503858350118,12,6,11
2025-11-02 13:00:00,29.8,37,7.8,986.2,68.5,75.2,194.75456094529892,13,6,11
2025-11-02 14:00:00,30.0,35,8.9,985.4,64.0,70.3,217.69655026753745,14,6,11
2025-11-02 15:00:00,29.7,34,8.8,985.2,61.7,67.8,231.95977154141383,15,6,11
2025-11-02 16:00:00,28.7,37,6.5,984.7,62.2,67.5,255.63514987945555,16,6,11
2025-11-02 17:00:00,27.4,48,4.9,984.7,79.6,85.2,282.3905919265747,17,6,11
2025-11-02 18:00:00,26.1,53,4.6,985.0,91.3,97.3,289.00972776355167,18,6,11
2025-11-02 19:00:00,25.3,56,2.7,985.3,102.9,109.4,308.078971985711,19,6,11
2025-11-02 20:00:00,24.7,59,1.0,985.7,116.4,122.9,331.6036617406209,20,6,11
2025-11-02 21:00:00,23.8,61,0.6,986.0,127.1,134.1,335.46526352352566,21,6,11
2025-11-02 22:00:00,22.2,67,1.6,985.8,136.0,143.0,334.8772292963664,22,6,11
2025-11-02 23:00:00,21.7,71,1.7,985.7,142.0,149.5,334.076717376709,23,6,11
2025-11-03 00:00:00,20.6,75,1.5,985.3,145.8,153.2,372.300771560669,0,0,11
2025-11-03 01:00:00,19.9,77,1.2,985.0,148.1,156.0,364.94202522277834,1,0,11
2025-11-03 02:00:00,19.6,78,0.2,984.4,149.5,157.4,361.83744570799547,2,0,11
2025-11-03 03:00:00,18.8,82,2.8,984.0,149.0,156.5,406.03875901116265,3,0,11
2025-11-03 04:00:00,18.8,81,0.8,983.5,148.1,155.5,366.6668404858522,4,0,11
2025-11-03 05:00:00,18.1,90,1.1,983.6,146.2,153.7,244.00876155429418,5,0,11
2025-11-03 06:00:00,17.5,94,1.5,983.6,146.2,153.7,204.61771751333166,6,0,11
2025-11-03 07:00:00,17.5,96,0.2,983.9,154.1,162.1,172.67385599540944,7,0,11
2025-11-03 08:00:00,19.5,87,1.5,984.6,146.7,151.3,154.83198830639876,8,0,11
2025-11-03 09:00:00,23.0,72,1.4,985.4,125.7,130.4,147.19426379733616,9,0,11
2025-11-03 10:00:00,25.5,60,2.0,985.3,95.2,102.0,143.81779633274786,10,0,11
2025-11-03 11:00:00,26.9,52,1.8,985.3,77.1,84.1,150.02563898298473,11,0,11
2025-11-03 12:00:00,28.6,45,1.3,984.5,66.6,72.9,174.64584727817112,12,0,11
2025-11-03 13:00:00,29.5,40,0.7,983.6,59.6,65.2,211.61604170269436,13,0,11
2025-11-03 14:00:00,30.0,35,0.4,982.6,54.8,60.1,253.45399314032662,14,0,11
2025-11-03 15:00:00,30.0,33,0.6,982.0,52.2,57.2,263.3351114636376,15,0,11
2025-11-03 16:00:00,29.1,36,3.3,981.6,52.0,56.6,276.356788601951,16,0,11
2025-11-03 17:00:00,27.3,52,0.3,981.3,86.8,94.3,316.3615059216817,17,0,11
2025-11-03 18:00:00,25.4,56,1.0,981.5,108.5,116.4,375.48349818770504,18,0,11
2025-11-03 19:00:00,23.7,65,3.7,981.9,126.2,134.6,369.73140989939367,19,0,11
2025-11-03 20:00:00,22.3,73,4.2,982.1,135.0,142.5,376.40877252851215,20,0,11
2025-11-03 21:00:00,21.5,74,4.9,982.6,126.2,133.6,348.7223094758533,21,0,11
2025-11-03 22:00:00,20.6,75,5.4,982.6,119.2,125.7,316.16024375188914,22,0,11
2025-11-03 23:00:00,20.4,74,5.8,982.7,114.1,119.7,294.5358750661214,23,0,11
2025-11-04 00:00:00,19.9,75,6.3,982.5,109.2,114.1,287.0173638752529,0,1,11
2025-11-04 01:00:00,19.4,76,7.6,982.3,105.2,109.4,281.78708329881937,1,1,11
2025-11-04 02:00:00,18.8,78,9.2,982.2,100.4,103.8,282.82756495702836,2,1,11
2025-11-04 03:00:00,18.4,79,9.3,982.0,94.3,97.6,275.06253497865464,3,1,11
2025-11-04 04:00:00,18.0,81,8.9,981.7,88.2,91.0,321.7257565997896,4,1,11
2025-11-04 05:00:00,17.7,83,10.0,982.3,86.1,88.5,302.74728924786604,5,1,11
2025-11-04 06:00:00,17.4,84,10.5,982.4,81.7,83.6,217.58653168753972,6,1,11
2025-11-04 07:00:00,17.8,81,11.7,982.9,78.2,80.6,146.25501593332442,7,1,11
2025-11-04 08:00:00,19.5,75,11.6,983.6,73.3,76.4,99.0161547161284,8,1,11
2025-11-04 09:00:00,22.1,65,9.7,984.1,65.9,77.1,76.53844055902391,9,1,11
2025-11-04 10:00:00,24.7,55,10.8,984.0,62.4,84.1,78.39783638091315,10,1,11
2025-11-04 11:00:00,27.0,46,11.8,983.9,57.3,82.0,139.78096232641312,11,1,11
2025-11-04 12:00:00,28.4,40,13.8,983.0,50.9,73.1,252.39860682718682,12,1,11
2025-11-04 13:00:00,29.3,36,13.9,982.1,45.3,62.4,145.00492720603944,13,1,11
2025-11-04 14:00:00,29.7,31,11.5,981.4,39.9,51.7,229.70394054518806,14,1,11
2025-11-04 15:00:00,28.3,36,9.4,981.3,36.6,45.3,204.9812898847792,15,1,11
2025-11-04 16:00:00,21.2,69,5.3,982.4,34.2,40.5,155.0617776499854,16,1,11
2025-11-04 17:00:00,26.1,34,9.0,980.5,45.3,49.4,107.77902425660028,17,1,11
2025-11-04 18:00:00,24.8,42,9.2,981.4,45.5,50.9,85.79911349007577,18,1,11
2025-11-04 19:00:00,24.1,44,7.8,981.7,45.9,53.3,70.83738013108571,19,1,11
2025-11-04 20:00:00,23.2,45,5.1,982.4,45.9,55.9,56.97879683971405,20,1,11
2025-11-04 21:00:00,21.6,44,14.7,983.8,45.4,59.6,50.14528117179871,21,1,11
2025-11-04 22:00:00,20.0,56,11.6,983.6,45.2,62.6,63.26502097447713,22,1,11
2025-11-04 23:00:00,19.7,66,10.0,983.9,44.9,64.0,70.7740416208903,23,1,11
2025-11-05 00:00:00,19.7,70,7.5,984.8,44.2,64.7,61.15108846823374,0,2,11
2025-11-05 01:00:00,18.5,73,9.5,985.2,43.2,62.2,67.62685414950053,1,2,11
2025-11-05 02:00:00,17.5,75,11.9,985.3,41.3,56.1,68.35737509727477,2,2,11
2025-11-05 03:00:00,17.1,76,13.6,985.4,39.7,52.5,63.68078122138977,3,2,11
2025-11-05 04:00:00,17.0,77,13.1,985.1,38.4,51.8,57.50689283098494,4,2,11
2025-11-05 05:00:00,17.1,80,7.4,985.8,40.7,63.1,65.25219041733514,5,2,11
2025-11-05 06:00:00,16.7,83,8.2,986.4,42.0,58.0,,6,2,11
2025-11-05 07:00:00,16.8,83,8.0,987.0,44.8,57.7,53.829879067436096,7,2,11
2025-11-05 08:00:00,18.2,78,8.8,987.7,44.4,54.7,49.42019055684408,8,2,11
2025-11-05 09:00:00,20.0,69,8.0,988.6,41.6,56.6,56.60441674732027,9,2,11
2025-11-05 10:00:00,22.0,57,7.9,988.8,39.5,62.6,63.18272391160329,10,2,11
2025-11-05 11:00:00,24.4,51,5.8,988.6,38.9,73.8,76.30091792092178,11,2,11
2025-11-05 12:00:00,25.4,37,11.2,988.0,38.4,85.4,109.7250365336736,12,2,11
2025-11-05 13:00:00,25.6,35,13.0,987.2,35.9,76.1,136.87146368821462,13,2,11
2025-11-05 14:00:00,25.7,28,13.2,986.4,34.0,67.1,166.5152204077653,14,2,11
2025-11-05 15:00:00,24.9,33,13.1,986.1,31.9,59.8,177.13093140414267,15,2,11
2025-11-05 16:00:00,23.6,40,11.3,985.8,29.7,53.1,186.35269572116712,16,2,11
2025-11-05 17:00:00,22.8,43,10.8,985.5,35.9,52.4,187.87770105491984,17,2,11
2025-11-05 18:00:00,21.2,49,8.3,985.8,39.3,53.2,216.31842356787786,18,2,11
2025-11-05 19:00:00,19.6,55,6.9,986.3,41.4,54.2,240.04567686716717,19,2,11
2025-11-05 20:00:00,18.7,57,6.7,986.4,43.0,54.5,214.94346350828806,20,2,11
2025-11-05 21:00:00,18.1,51,7.8,986.8,44.6,54.4,170.28043446313768,21,2,11
2025-11-05 22:00:00,17.4,48,8.3,986.9,46.1,53.4,134.5245208422343,22,2,11
2025-11-05 23:00:00,17.2,59,8.4,986.8,44.6,49.2,130.059333274478,23,2,11
2025-11-06 00:00:00,16.5,65,7.7,986.6,42.0,44.7,155.12372621808734,0,3,11
2025-11-06 01:00:00,15.9,66,8.2,986.5,39.7,41.3,155.6352323077974,1,3,11
2025-11-06 02:00:00,15.6,65,9.0,986.3,37.1,38.3,154.1931369599842,2,3,11
2025-11-06 03:00:00,15.1,64,8.6,986.0,34.0,35.0,131.30663680122012,3,3,11
2025-11-06 04:00:00,14.4,64,8.2,985.9,31.1,32.0,109.89368018945058,4,3,11
2025-11-06 05:00:00,14.0,68,7.5,986.1,27.1,27.6,90.33868732452393,5,3,11
2025-11-06 06:00:00,13.2,71,5.8,986.6,28.6,29.5,66.1198124408722,6,3,11
2025-11-06 07:00:00,13.6,68,5.9,987.2,32.9,34.0,53.87811458905538,7,3,11
2025-11-06 08:00:00,15.5,62,7.1,988.3,35.4,36.3,46.208859372138974,8,3,11
2025-11-06 09:00:00,17.9,55,3.7,989.1,31.2,32.7,45.929778595765434,9,3,11
2025-11-06 10:00:00,20.3,47,3.5,989.8,27.0,29.4,50.43592178821564,10,3,11
2025-11-06 11:00:00,23.1,41,5.1,989.6,27.4,30.4,61.75215630531311,11,3,11
2025-11-06 12:00:00,24.6,36,7.5,989.1,28.6,32.0,98.20758331616719,12,3,11
2025-11-06 13:00:00,25.4,34,8.5,988.7,27.8,31.1,135.07123391989506,13,3,11
2025-11-06 14:00:00,25.7,33,8.6,987.9,25.6,28.6,161.52228285736507,14,3,11
2025-11-06 15:00:00,25.4,34,7.9,987.5,24.0,26.6,175.65498786237507,15,3,11
2025-11-06 16:00:00,24.0,43,5.6,987.2,23.6,25.7,210.6261818938785,16,3,11
2025-11-06 17:00:00,21.9,52,5.0,986.9,28.6,29.9,245.02812120649548,17,3,11
2025-11-06 18:00:00,21.0,54,5.1,987.4,33.9,35.0,270.209467903773,18,3,11
2025-11-06 19:00:00,19.9,57,5.3,988.0,38.0,39.2,288.6513088994556,19,3,11
2025-11-06 20:00:00,18.7,61,6.0,988.3,41.3,42.7,269.3526616414388,20,3,11
2025-11-06 21:00:00,17.9,63,6.0,988.5,45.1,46.6,263.48948492209115,21,3,11
2025-11-06 22:00:00,17.2,63,5.2,988.3,47.8,49.6,291.4986348112424,22,3,11
2025-11-06 23:00:00,16.7,63,6.8,988.4,48.9,50.8,273.3350949696132,23,3,11
2025-11-07 00:00:00,16.3,60,7.0,988.1,48.7,50.8,260.50002615451814,0,4,11
2025-11-07 01:00:00,15.7,60,6.8,987.7,48.3,50.6,284.6847077795953,1,4,11
2025-11-07 02:00:00,15.1,61,6.8,987.8,48.4,50.8,318.03967181841534,2,4,11
2025-11-07 03:00:00,14.4,64,6.4,987.7,49.0,51.3,300.95460469722747,3,4,11
2025-11-07 04:00:00,13.5,67,6.2,987.3,50.6,52.9,215.80753897825878,4,4,11
2025-11-07 05:00:00,13.2,72,6.4,987.7,56.5,58.6,143.48872873807196,5,4,11
2025-11-07 06:00:00,12.8,74,5.0,988.0,62.9,65.0,86.22791673342387,6,4,11
2025-11-07 07:00:00,13.0,75,2.9,988.6,73.1,75.4,62.74251036643982,7,4,11
2025-11-07 08:00:00,15.0,67,3.4,989.2,74.3,76.1,58.09393431186676,8,4,11
2025-11-07 09:00:00,17.5,62,0.9,990.1,67.5,69.2,61.37678130467732,9,4,11
2025-11-07 10:00:00,20.2,53,1.2,990.4,48.7,49.9,58.10887155003018,10,4,11
2025-11-07 11:00:00,23.2,42,3.3,990.6,27.9,28.9,68.69931776523589,11,4,11
2025-11-07 12:00:00,25.2,32,4.9,990.0,20.5,21.5,100.46170823309157,12,4,11
2025-11-07 13:00:00,26.1,27,5.9,989.3,18.7,20.0,149.23919974168143,13,4,11
2025-11-07 14:00:00,26.4,25,6.1,988.8,18.0,19.4,171.84050156911215,14,4,11
2025-11-07 15:00:00,26.0,26,6.7,988.4,17.4,18.6,201.64682648446825,15,4,11
2025-11-07 16:00:00,24.6,37,4.5,988.2,17.9,18.9,215.4667887157864,16,4,11
2025-11-07 17:00:00,22.5,41,3.8,988.2,33.6,35.4,231.81532323360443,17,4,11
2025-11-07 18:00:00,21.6,44,4.8,988.4,47.1,48.8,253.61032265822092,18,4,11
2025-11-07 19:00:00,20.5,49,4.3,989.0,58.0,59.5,265.7568412954157,19,4,11
2025-11-07 20:00:00,19.3,55,4.3,989.2,65.9,67.5,267.8601037343343,20,4,11
2025-11-07 21:00:00,18.3,58,3.7,989.4,71.9,73.6,273.8563809633255,21,4,11
2025-11-07 22:00:00,17.4,60,3.8,989.3,78.0,79.4,294.2008752743403,22,4,11
2025-11-07 23:00:00,16.9,63,4.8,989.5,81.7,83.1,310.79967200756073,23,4,11
2025-11-08 00:00:00,16.3,63,4.3,989.2,81.0,82.7,308.9309114615122,0,5,11
2025-11-08 01:00:00,15.6,65,4.3,989.0,78.2,79.6,324.56865099271135,1,5,11
2025-11-08 02:00:00,14.9,66,4.7,988.7,75.4,76.8,333.8702599366506,2,5,11
2025-11-08 03:00:00,14.6,65,3.7,988.5,72.2,73.6,334.91376044750217,3,5,11
2025-11-08 04:00:00,14.2,65,3.1,988.3,69.8,71.2,307.61079216268325,4,5,11
2025-11-08 05:00:00,13.5,70,6.1,988.5,66.8,68.2,250.35161479314166,5,5,11
2025-11-08 06:00:00,13.2,71,5.5,988.6,71.2,72.6,186.31136616335976,6,5,11
2025-11-08 07:00:00,13.4,71,3.6,989.2,80.3,82.0,132.79971266178168,7,5,11
2025-11-08 08:00:00,15.6,62,4.3,990.1,79.6,81.0,93.65515099366505,8,5,11
2025-11-08 09:00:00,18.1,57,1.6,990.9,71.9,73.1,97.21556426948972,9,5,11
2025-11-08 10:00:00,20.8,49,1.9,991.3,53.7,55.3,81.62188894483778,10,5,11
2025-11-08 11:00:00,23.2,41,3.5,991.5,29.3,31.0,88.4239525204613,11,5,11
2025-11-08 12:00:00,25.0,34,4.3,991.1,23.3,25.0,116.56781764507295,12,5,11
2025-11-08 13:00:00,25.9,30,6.1,990.6,21.9,23.7,160.41773966948193,13,5,11
2025-11-08 14:00:00,26.2,27,7.1,989.8,21.5,23.3,202.631482585168,14,5,11
2025-11-08 15:00:00,25.8,28,7.2,989.4,21.5,23.2,230.18784221446876,15,5,11
2025-11-08 16:00:00,24.6,35,5.2,989.2,22.3,23.7,235.9570713290462,16,5,11
2025-11-08 17:00:00,22.5,48,4.1,989.1,37.7,39.7,255.61509681181474,17,5,11
2025-11-08 18:00:00,21.5,51,4.7,989.4,50.1,52.0,272.2528711107042,18,5,11
2025-11-08 19:00:00,20.8,52,3.3,989.7,62.4,64.3,290.42260097927516,19,5,11
2025-11-08 20:00:00,19.8,55,3.5,989.9,72.2,74.0,302.66668771107993,20,5,11
2025-11-08 21:00:00,19.0,57,3.3,990.3,79.9,81.7,315.0181457837423,21,5,11
2025-11-08 22:00:00,18.0,61,2.6,989.9,85.2,86.8,333.5964375178019,22,5,11
2025-11-08 23:00:00,17.3,63,3.4,990.0,86.6,88.2,333.7466658274333,23,5,11
2025-11-09 00:00:00,16.2,68,3.4,989.3,84.8,86.4,340.4770833333333,0,6,11
2025-11-09 01:00:00,15.4,70,4.2,989.1,81.0,82.7,342.3619638284047,1,6,11
2025-11-09 02:00:00,15.0,68,5.5,988.9,78.7,80.1,330.48937386406794,2,6,11
2025-11-09 03:00:00,14.4,67,6.1,988.3,78.2,79.6,298.4700945854187,3,6,11
2025-11-09 04:00:00,13.8,68,4.8,987.8,78.9,80.3,247.4643330494563,4,6,11
2025-11-09 05:00:00,13.2,74,4.9,988.1,85.0,86.1,196.38735429445904,5,6,11
2025-11-09 06:00:00,12.8,76,4.7,988.2,87.3,88.5,128.25397432500665,6,6,11
2025-11-09 07:00:00,12.8,78,5.1,988.9,96.6,98.0,91.82710375569084,7,6,11
2025-11-09 08:00:00,15.3,67,6.6,989.6,95.5,96.4,74.64615866040427,8,6,11
2025-11-09 09:00:00,18.0,60,4.7,990.3,82.2,83.1,73.54749608115544,9,6,11
2025-11-09 10:00:00,20.8,51,4.0,990.5,56.1,57.0,69.4506249836513,10,6,11
2025-11-09 11:00:00,23.1,41,5.9,990.2,28.6,29.2,74.28711914789109,11,6,11
2025-11-09 12:00:00,24.5,37,5.9,989.6,20.0,20.3,100.521932462662,12,6,11
2025-11-09 13:00:00,25.4,32,6.4,988.7,17.6,18.0,151.46679751078287,13,6,11
2025-11-09 14:00:00,25.7,30,6.4,988.0,16.8,17.3,211.4579544741698,14,6,11
2025-11-09 15:00:00,25.4,31,6.0,987.4,16.8,17.2,222.5326967057728,15,6,11
2025-11-09 16:00:00,24.0,44,4.0,986.9,17.6,18.0,236.62676155453636,16,6,11
2025-11-09 17:00:00,22.1,49,4.3,986.9,36.1,36.7,243.25596024043975,17,6,11
2025-11-09 18:00:00,21.3,51,4.0,987.1,47.8,48.4,255.96272590273904,18,6,11
2025-11-09 19:00:00,20.2,55,3.6,987.4,58.7,59.3,271.3691431318011,19,6,11
2025-11-09 20:00:00,19.3,59,3.6,987.7,67.3,68.0,284.0369185735309,20,6,11
2025-11-09 21:00:00,18.6,60,2.9,988.0,75.0,75.7,328.5007771809896,21,6,11
2025-11-09 22:00:00,17.7,62,1.9,987.9,82.2,82.9,328.0986514235988,22,6,11
2025-11-09 23:00:00,16.8,65,3.0,988.1,87.3,88.0,322.78971441359744,23,6,11
2025-11-10 00:00:00,15.9,68,2.0,987.5,89.6,90.6,357.7916187104725,0,0,11
2025-11-10 01:00:00,14.8,73,2.6,987.2,90.8,91.7,384.1401912870861,1,0,11
2025-11-10 02:00:00,14.0,77,3.4,987.1,90.8,92.0,391.95385691324867,2,0,11
2025-11-10 03:00:00,13.3,80,3.1,986.9,91.0,92.2,345.31559571765723,3,0,11
2025-11-10 04:00:00,12.7,82,2.7,986.6,90.3,91.5,303.13382154192243,4,0,11
2025-11-10 05:00:00,12.8,82,1.5,986.9,95.9,96.9,289.0400916447715,5,0,11
2025-11-10 06:00:00,12.6,83,0.6,987.0,99.0,100.1,250.30507891215976,6,0,11
2025-11-10 07:00:00,12.4,85,0.2,987.6,108.7,109.9,181.36334272314002,7,0,11
2025-11-10 08:00:00,14.2,80,3.1,988.5,114.1,115.3,132.66226382785374,8,0,11
2025-11-10 09:00:00,17.7,68,2.4,989.3,96.9,97.8,110.49499994913737,9,0,11
2025-11-10 10:00:00,20.8,54,2.4,989.6,72.6,73.8,108.88351385328504,10,0,11
2025-11-10 11:00:00,23.1,43,3.8,989.8,45.8,47.0,115.89138184653387,11,0,11
2025-11-10 12:00:00,24.6,37,5.2,989.3,37.5,38.6,147.8285001118978,12,0,11
2025-11-10 13:00:00,25.3,34,6.0,988.6,34.1,35.3,188.48872916963364,13,0,11
2025-11-10 14:00:00,25.5,34,6.5,987.8,33.3,34.6,219.6558329688178,14,0,11
2025-11-10 15:00:00,25.2,35,6.2,987.4,32.8,34.1,242.62135398652813,15,0,11
2025-11-10 16:00:00,23.9,47,3.8,987.2,33.9,34.9,260.70463913811574,16,0,11
2025-11-10 17:00:00,22.3,51,2.0,987.1,76.1,78.5,297.3611317599261,17,0,11
2025-11-10 18:00:00,21.3,54,1.5,987.5,92.4,95.0,319.857160504659,18,0,11
2025-11-10 19:00:00,20.6,55,0.4,988.1,107.3,109.9,335.4836666954888,19,0,11
2025-11-10 20:00:00,19.1,60,0.9,988.2,120.6,123.4,324.7818887074788,20,0,11
2025-11-10 21:00:00,17.8,65,1.0,988.8,132.2,135.0,343.0789448208279,21,0,11
2025-11-10 22:00:00,17.0,67,0.6,988.9,141.6,144.8,351.95580461290143,22,0,11
2025-11-10 23:00:00,16.5,71,1.1,989.1,147.6,150.9,382.7194448682997,23,0,11
2025-11-11 00:00:00,15.4,75,1.3,988.9,149.0,152.3,387.5068682564629,0,1,11
2025-11-11 01:00:00,14.9,76,0.6,988.7,146.7,150.4,379.19144541422526,1,1,11
2025-11-11 02:00:00,14.3,77,0.4,988.4,142.5,146.2,398.7759723239474,2,1,11
2025-11-11 03:00:00,13.7,79,0.3,988.1,136.9,140.2,399.1435837215848,3,1,11
2025-11-11 04:00:00,12.9,82,1.9,988.0,129.5,131.8,302.1813516687464,4,1,11
2025-11-11 05:00:00,12.0,88,4.1,988.2,139.7,143.0,233.77180520163643,5,1,11
2025-11-11 06:00:00,11.7,87,3.7,988.5,133.6,136.4,167.79422227163164,6,1,11
2025-11-11 07:00:00,12.0,86,2.9,989.2,134.1,136.9,151.97767455085878,7,1,11
2025-11-11 08:00:00,14.2,79,2.9,990.2,131.8,133.6,148.93779761904761,8,1,11
2025-11-11 09:00:00,17.4,71,0.2,990.9,116.2,117.6,148.7613288172969,9,1,11
2025-11-11 10:00:00,20.9,57,0.4,991.3,99.0,101.5,140.47359335097056,10,1,11
2025-11-11 11:00:00,23.0,47,1.9,991.3,81.7,85.0,144.6454641069685,11,1,11
2025-11-11 12:00:00,24.4,43,3.1,990.8,66.4,70.1,179.18630926949638,12,1,11
2025-11-11 13:00:00,25.1,39,4.6,990.0,61.5,65.2,208.38821414765857,13,1,11
2025-11-11 14:00:00,25.2,37,5.3,989.1,57.9,61.7,231.74387020131266,14,1,11
2025-11-11 15:00:00,25.0,38,5.2,988.6,56.0,59.6,252.37031519450835,15,1,11
2025-11-11 16:00:00,23.6,55,3.5,988.4,56.1,59.4,276.8476839247204,16,1,11
2025-11-11 17:00:00,22.1,54,3.3,988.4,93.8,98.7,321.19146445138114,17,1,11
2025-11-11 18:00:00,21.0,58,4.3,988.8,109.7,114.3,339.540510958717,18,1,11
2025-11-11 19:00:00,20.0,61,4.6,989.4,119.7,124.3,363.2385717482794,19,1,11
2025-11-11 20:00:00,19.2,63,4.1,989.6,125.3,129.5,384.96122451661125,20,1,11
2025-11-11 21:00:00,18.4,66,3.9,989.8,128.5,133.2,382.99676172165647,21,1,11
2025-11-11 22:00:00,17.6,68,3.3,989.8,131.8,136.0,376.76314297630677,22,1,11
2025-11-11 23:00:00,16.9,71,2.9,990.1,133.2,137.4,380.2939998081752,23,1,11
2025-11-12 00:00:00,15.9,73,2.0,989.7,132.7,136.9,382.92309519449867,0,2,11
2025-11-12 01:00:00,15.0,76,1.8,989.3,130.9,134.6,396.00599217490543,1,2,11
2025-11-12 02:00:00,14.1,79,3.4,988.9,128.1,131.3,402.3854865785629,2,2,11
2025-11-12 03:00:00,13.4,80,4.2,988.7,123.9,127.1,363.8598313407292,3,2,11
2025-11-12 04:00:00,12.8,81,3.8,988.4,119.7,122.9,316.2864883059547,4,2,11
2025-11-12 05:00:00,12.4,85,3.9,988.9,131.8,135.5,243.5847044652822,5,2,11
2025-11-12 06:00:00,12.3,83,3.6,989.0,126.7,129.9,,6,2,11
2025-11-12 07:00:00,12.5,82,2.8,989.7,129.5,132.2,,7,2,11
2025-11-12 08:00:00,14.5,75,5.1,990.4,128.5,130.9,,8,2,11
2025-11-12 09:00:00,17.1,69,3.2,991.2,116.2,118.5,,9,2,11
2025-11-12 10:00:00,19.8,58,2.6,991.6,103.1,106.4,,10,2,11
2025-11-12 11:00:00,22.1,49,4.0,991.6,83.4,87.3,,11,2,11
2025-11-12 12:00:00,23.5,44,3.9,991.2,63.3,66.8,128.74094627925325,12,2,11
2025-11-12 13:00:00,24.3,40,4.7,990.6,50.1,52.7,186.2212148030599,13,2,11
2025-11-12 14:00:00,24.6,38,5.3,990.0,43.2,45.6,229.07123232341948,14,2,11
2025-11-12 15:00:00,24.5,38,5.2,989.5,40.6,43.0,243.17959710378497,15,2,11
2025-11-12 16:00:00,23.2,53,3.6,989.3,41.4,43.2,256.75163306694526,16,2,11
2025-11-12 17:00:00,21.7,53,3.6,989.3,79.4,82.0,269.204839284584,17,2,11
2025-11-12 18:00:00,20.8,55,3.8,989.6,93.8,96.4,284.8150238499497,18,2,11
2025-11-12 19:00:00,19.8,57,4.2,989.9,105.0,107.8,315.0796184358142,19,2,11
2025-11-12 20:00:00,18.7,60,3.9,990.3,113.4,116.2,335.190737588065,20,2,11
2025-11-12 21:00:00,17.8,63,3.3,990.5,118.7,121.5,333.0868101574125,21,2,11
2025-11-12 22:00:00,17.0,66,3.2,990.6,124.3,127.1,344.5150956653414,22,2,11
2025-11-12 23:00:00,16.4,68,3.6,991.1,128.5,131.3,348.1275238763718,23,2,11
2025-11-13 00:00:00,15.6,70,2.9,990.7,130.4,133.2,348.61804686046787,0,3,11
2025-11-13 01:00:00,14.8,72,3.2,990.6,129.9,132.7,375.7429815988692,1,3,11
2025-11-13 02:00:00,14.2,74,4.3,990.3,127.1,129.9,389.34491842562556,2,3,11
2025-11-13 03:00:00,13.8,74,4.2,990.2,122.0,124.8,390.4024988083612,3,3,11
2025-11-13 04:00:00,13.2,76,4.1,989.8,117.1,119.7,343.86527786254885,4,3,11
2025-11-13 05:00:00,12.6,79,3.3,990.3,147.6,151.3,,5,3,11
2025-11-13 06:00:00,12.4,80,1.8,990.5,148.5,152.3,165.91943449292862,6,3,11
2025-11-13 07:00:00,12.2,82,1.7,991.3,156.5,160.2,135.6922281749665,7,3,11
2025-11-13 08:00:00,14.1,77,3.4,992.4,162.1,164.8,138.3586132322039,8,3,11
2025-11-13 09:00:00,17.0,70,0.4,993.1,136.0,138.3,116.48796441214425,9,3,11
2025-11-13 10:00:00,19.7,58,1.5,993.3,103.1,105.2,108.23935726710728,10,3,11
2025-11-13 11:00:00,22.1,48,4.1,993.5,68.5,70.5,116.55492460462781,11,3,11
2025-11-13 12:00:00,23.6,42,5.2,992.9,41.6,43.2,147.5440952119373,12,3,11
2025-11-13 13:00:00,24.5,37,6.7,992.0,30.5,32.1,178.30992674751886,13,3,11
2025-11-13 14:00:00,24.9,35,8.1,991.0,26.0,27.9,208.4502991207062,14,3,11
2025-11-13 15:00:00,24.6,35,7.8,990.6,24.0,26.3,219.45190458751858,15,3,11
2025-11-13 16:00:00,23.1,43,5.7,990.2,25.0,26.9,234.97292473202657,16,3,11
2025-11-13 17:00:00,21.2,51,4.9,990.4,46.0,48.9,276.93772916917675,17,3,11
2025-11-13 18:00:00,20.3,53,5.1,990.9,56.3,59.1,301.4031692075523,18,3,11
2025-11-13 19:00:00,19.4,55,3.3,991.1,65.7,68.7,310.12448252723334,19,3,11
2025-11-13 20:00:00,18.5,57,2.4,991.3,75.4,78.7,319.58435690743585,20,3,11
2025-11-13 21:00:00,17.5,61,3.0,991.4,84.3,87.5,317.33995237804595,21,3,11
2025-11-13 22:00:00,16.6,65,2.9,991.3,92.9,96.6,322.62549848680374,22,3,11
2025-11-13 23:00:00,15.8,68,3.4,991.5,99.2,103.1,332.91126240321574,23,3,11
2025-11-14 00:00:00,14.9,70,3.0,991.1,102.9,107.1,339.9424523489816,0,4,11
2025-11-14 01:00:00,14.3,72,2.3,990.8,105.2,109.7,,1,4,11
2025-11-14 02:00:00,13.5,75,3.2,990.5,107.1,111.8,406.5124279930478,2,4,11
2025-11-14 03:00:00,12.8,77,3.7,990.3,108.0,112.7,402.6591429210844,3,4,11
2025-11-14 04:00:00,12.4,78,3.8,990.0,108.5,113.4,356.2859055292039,4,4,11
2025-11-14 05:00:00,11.8,83,1.9,990.6,119.2,124.3,,5,4,11
2025-11-14 06:00:00,11.5,84,1.2,990.8,121.1,126.2,,6,4,11
2025-11-14 07:00:00,11.5,85,0.7,991.2,128.5,134.1,,7,4,11
2025-11-14 08:00:00,13.2,80,2.2,991.9,128.1,131.8,,8,4,11
2025-11-14 09:00:00,16.4,70,0.6,992.8,115.5,119.0,,9,4,11
2025-11-14 10:00:00,19.2,59,0.8,992.8,98.0,102.9,,10,4,11
2025-11-14 11:00:00,21.6,50,2.7,993.2,77.1,82.4,,11,4,11
2025-11-14 12:00:00,23.3,44,3.2,992.5,58.3,63.1,,12,4,11
2025-11-14 13:00:00,24.3,40,3.5,991.8,48.9,52.9,237.29169272581737,13,4,11
2025-11-14 14:00:00,24.7,37,4.7,991.0,44.7,48.2,255.51820818583172,14,4,11
2025-11-14 15:00:00,24.5,38,5.6,990.7,43.8,47.0,264.21186798943415,15,4,11
2025-11-14 16:00:00,23.2,49,4.0,990.3,46.1,48.7,286.56805273515204,16,4,11
2025-11-14 17:00:00,21.5,53,2.9,990.3,75.4,80.3,306.890503944291,17,4,11
2025-11-14 18:00:00,20.5,56,3.2,990.5,94.5,99.4,319.50969125574284,18,4,11
2025-11-14 19:00:00,19.5,60,2.8,990.7,107.1,112.2,336.3146294646793,19,4,11
2025-11-14 20:00:00,18.6,62,1.9,991.0,117.6,122.9,365.47491005791557,20,4,11
2025-11-14 21:00:00,17.8,64,1.1,991.3,126.7,132.2,377.6301724274953,21,4,11
2025-11-14 22:00:00,16.8,68,0.5,991.1,135.0,141.1,398.5905413309733,22,4,11
2025-11-14 23:00:00,15.4,74,0.8,991.4,140.6,147.1,432.7611454645793,23,4,11
2025-11-15 00:00:00,14.3,78,1.1,991.1,143.4,150.4,444.50897960662843,0,5,11
2025-11-15 01:00:00,13.5,81,0.9,990.9,146.2,153.2,450.56618734995527,1,5,11
2025-11-15 02:00:00,13.1,82,0.6,990.7,148.5,156.0,421.0675834973653,2,5,11
2025-11-15 03:00:00,12.8,82,1.1,990.5,150.4,157.9,405.34319444232517,3,5,11
2025-11-15 04:00:00,12.5,83,1.4,990.4,150.9,158.3,385.5912139892579,4,5,11
2025-11-15 05:00:00,12.4,85,0.4,990.8,155.1,163.4,252.28797934850058,5,5,11
2025-11-15 06:00:00,11.8,88,0.0,991.3,157.9,165.8,216.04681259791056,6,5,11
2025-11-15 07:00:00,11.5,90,0.6,991.9,167.6,176.0,173.89907705624898,7,5,11
2025-11-15 08:00:00,13.2,85,1.1,992.8,177.0,183.5,145.72951957405388,8,5,11
2025-11-15 09:00:00,16.4,75,0.8,993.5,143.4,148.1,145.62979757961256,9,5,11
2025-11-15 10:00:00,19.5,63,0.9,994.1,107.8,113.4,137.28134924267968,10,5,11
2025-11-15 11:00:00,21.9,53,1.3,994.4,71.7,76.1,129.97029937951743,11,5,11
2025-11-15 12:00:00,23.6,46,1.3,994.0,50.9,54.1,156.17704947638134,12,5,11
2025-11-15 13:00:00,24.6,42,1.9,993.2,40.3,42.6,215.6389095518324,13,5,11
2025-11-15 14:00:00,25.1,38,2.8,992.3,34.6,36.3,263.9902562204997,14,5,11
2025-11-15 15:00:00,25.0,37,3.6,991.9,31.3,32.8,261.2332605520884,15,5,11
2025-11-15 16:00:00,23.8,57,2.2,991.5,31.2,32.4,280.8388086018739,16,5,11
2025-11-15 17:00:00,22.0,51,0.8,991.4,57.9,60.5,300.1424580079538,17,5,11
2025-11-15 18:00:00,20.7,57,1.3,991.8,70.8,73.3,323.47128924938164,18,5,11
2025-11-15 19:00:00,19.4,63,1.2,991.9,82.4,85.0,346.76506746610005,19,5,11
2025-11-15 20:00:00,18.1,68,1.1,992.2,91.7,94.5,374.21400211273675,20,5,11
2025-11-15 21:00:00,16.6,74,2.1,992.8,99.2,101.7,392.31435764857696,21,5,11
2025-11-15 22:00:00,15.6,77,2.2,992.9,105.5,108.3,381.58861926850824,22,5,11
2025-11-15 23:00:00,14.7,81,1.4,993.0,110.1,112.9,378.0370240711031,23,5,11
2025-11-16 00:00:00,13.8,83,1.9,992.8,113.4,116.2,402.46010742187497,0,6,11
2025-11-16 01:00:00,13.1,85,1.7,992.6,116.4,119.7,421.1756312052409,1,6,11
2025-11-16 02:00:00,12.8,85,0.6,992.6,119.7,122.9,417.5306842258998,2,6,11
2025-11-16 03:00:00,12.5,85,0.4,992.8,122.9,125.7,,3,6,11
2025-11-16 04:00:00,12.2,86,0.6,992.7,123.9,126.7,396.2609516688755,4,6,11
2025-11-16 05:00:00,11.6,90,0.6,993.0,139.7,143.4,270.79671369280135,5,6,11
2025-11-16 06:00:00,10.9,92,1.0,993.2,140.2,143.4,165.55172507215886,6,6,11
2025-11-16 07:00:00,10.6,93,0.8,994.0,147.6,150.9,97.60854771931966,7,6,11
2025-11-16 08:00:00,12.3,89,0.9,994.9,143.9,146.2,66.53783347720191,8,6,11
2025-11-16 09:00:00,16.2,76,0.9,995.9,117.6,119.7,70.2864762079148,9,6,11
2025-11-16 10:00:00,19.1,64,0.5,996.4,88.0,90.1,77.36049989972796,10,6,11
2025-11-16 11:00:00,21.3,53,1.5,996.4,64.0,66.1,87.20479165031796,11,6,11
2025-11-16 12:00:00,22.9,47,2.3,995.6,41.9,43.7,111.62772610982259,12,6,11
2025-11-16 13:00:00,23.7,41,3.8,994.8,34.0,35.5,146.50756744505867,13,6,11
2025-11-16 14:00:00,24.1,40,4.0,993.9,32.9,34.2,167.8031475716683,14,6,11
2025-11-16 15:00:00,23.9,41,4.0,993.4,33.2,34.3,219.31244110315023,15,6,11
2025-11-16 16:00:00,22.8,57,1.2,992.8,35.7,36.7,234.8833406357538,16,6,11
2025-11-16 17:00:00,21.2,54,1.5,992.7,75.4,77.5,252.12597623552594,17,6,11
2025-11-16 18:00:00,20.4,56,2.0,992.9,91.5,93.4,277.3650414358692,18,6,11
2025-11-16 19:00:00,19.6,57,1.7,993.3,103.8,105.9,294.9179801577614,19,6,11
2025-11-16 20:00:00,18.5,61,2.2,993.5,112.5,114.3,308.14392830984934,20,6,11
2025-11-16 21:00:00,17.4,65,2.6,993.6,119.7,121.5,316.3364040556408,21,6,11
2025-11-16 22:00:00,16.3,70,2.6,993.6,126.7,128.5,332.4703870137532,22,6,11
2025-11-16 23:00:00,15.3,74,3.8,993.6,131.8,133.6,364.8368810381208,23,6,11
2025-11-17 00:00:00,14.1,78,3.5,993.1,134.6,136.4,394.2746420360746,0,0,11
2025-11-17 01:00:00,13.3,82,2.7,992.8,136.4,138.3,374.86921492077056,1,0,11
2025-11-17 02:00:00,12.9,83,1.5,992.3,135.5,137.4,384.684358215332,2,0,11
2025-11-17 03:00:00,12.6,84,1.2,991.8,132.7,134.6,370.8357381184896,3,0,11
2025-11-17 04:00:00,12.2,86,1.9,991.5,132.2,134.1,372.48388724554155,4,0,11
2025-11-17 05:00:00,11.7,88,2.5,991.8,131.3,133.2,291.5078571864537,5,0,11
2025-11-17 06:00:00,11.4,88,3.1,992.2,136.9,138.3,206.91139272054036,6,0,11
2025-11-17 07:00:00,11.4,88,3.1,992.7,148.1,149.9,,7,0,11
2025-11-17 08:00:00,13.3,81,4.2,993.2,155.1,156.0,,8,0,11
2025-11-17 09:00:00,16.3,71,0.8,993.9,129.9,130.9,123.43655949547177,9,0,11
2025-11-17 10:00:00,19.0,59,0.8,994.6,102.4,103.6,115.41557137625558,10,0,11
2025-11-17 11:00:00,21.1,50,1.3,994.6,81.0,82.2,123.78780946277436,11,0,11
2025-11-17 12:00:00,22.8,42,1.5,993.9,61.5,62.2,153.22573812575567,12,0,11
2025-11-17 13:00:00,23.7,37,2.2,992.9,50.8,51.5,199.04006812686012,13,0,11
2025-11-17 14:00:00,24.1,35,3.0,992.3,47.0,47.7,234.6529187991173,14,0,11
2025-11-17 15:00:00,23.9,36,3.7,992.2,46.6,47.1,273.3476526565882,15,0,11
2025-11-17 16:00:00,22.8,54,1.7,991.9,49.4,49.9,294.50682908921016,16,0,11
2025-11-17 17:00:00,20.5,58,0.6,991.6,101.0,102.0,304.28437762098247,17,0,11
2025-11-17 18:00:00,19.1,63,1.8,992.0,124.3,125.3,309.6028039885462,18,0,11
2025-11-17 19:00:00,17.7,68,3.5,992.6,143.4,144.8,330.9619828178769,19,0,11
2025-11-17 20:00:00,16.7,70,3.8,992.9,156.9,158.3,329.66411439199294,20,0,11
2025-11-17 21:00:00,16.0,71,4.3,993.4,165.8,166.7,331.18642854236424,21,0,11
2025-11-17 22:00:00,15.0,73,4.9,993.5,171.8,172.8,331.01180782620867,22,0,11
2025-11-17 23:00:00,14.1,76,4.9,993.6,175.6,176.5,366.54405524844213,23,0,11
2025-11-18 00:00:00,14.0,75,5.2,993.4,176.0,177.0,396.16523771740145,0,1,11
2025-11-18 01:00:00,13.6,75,5.7,993.1,175.1,176.5,403.3431673322405,1,1,11
2025-11-18 02:00:00,13.2,78,5.3,993.0,174.6,175.6,427.7824201091199,2,1,11
2025-11-18 03:00:00,13.0,80,4.1,992.4,173.7,174.6,416.56703666808113,3,1,11
2025-11-18 04:00:00,12.4,83,3.1,992.0,172.3,173.2,,4,1,11
2025-11-18 05:00:00,11.6,88,3.3,992.3,162.1,163.4,276.3108923412505,5,1,11
2025-11-18 06:00:00,11.2,90,3.2,992.6,165.8,166.7,230.75508544195264,6,1,11
2025-11-18 07:00:00,11.1,92,2.7,993.0,175.6,176.5,206.12162099505227,7,1,11
2025-11-18 08:00:00,13.0,86,4.3,993.3,175.1,176.0,187.39539127955362,8,1,11
2025-11-18 09:00:00,16.2,76,2.0,993.9,153.7,154.1,180.57700015476772,9,1,11
2025-11-18 10:00:00,19.2,65,1.0,994.1,128.1,129.5,201.08560702006022,10,1,11
2025-11-18 11:00:00,21.6,53,1.0,993.8,111.5,112.7,218.3071210437351,11,1,11
2025-11-18 12:00:00,23.3,45,2.4,992.9,85.4,86.4,272.57053257335315,12,1,11
2025-11-18 13:00:00,24.1,42,3.5,991.8,72.6,73.6,291.698697940887,13,1,11
2025-11-18 14:00:00,24.3,40,4.2,990.9,66.4,67.3,334.1536394512842,14,1,11
2025-11-18 15:00:00,24.1,41,4.0,990.4,64.3,65.0,348.21478380233526,15,1,11
2025-11-18 16:00:00,23.2,57,1.9,989.8,65.2,65.9,344.3150331455908,16,1,11
2025-11-18 17:00:00,21.4,57,0.8,989.4,109.0,109.9,355.97993274264866,17,1,11
2025-11-18 18:00:00,20.5,58,1.3,989.7,131.8,132.7,394.2744289822049,18,1,11
2025-11-18 19:00:00,19.5,60,1.1,989.8,148.5,149.5,402.1664808000837,19,1,11
2025-11-18 20:00:00,18.7,62,0.9,989.8,162.5,163.4,404.1775715419225,20,1,11
2025-11-18 21:00:00,17.7,66,1.2,990.1,174.2,175.1,395.2868575686501,21,1,11
2025-11-18 22:00:00,16.7,70,1.3,990.1,183.0,183.9,372.04985685802643,22,1,11
2025-11-18 23:00:00,16.3,70,1.3,990.3,187.7,189.1,362.21545228504,23,1,11
2025-11-19 00:00:00,15.3,74,2.9,990.0,189.1,190.5,375.64285714285717,0,2,11
2025-11-19 01:00:00,14.3,79,3.2,989.6,190.5,191.4,388.09076145717074,1,2,11
2025-11-19 02:00:00,13.4,82,2.7,989.4,189.1,190.0,413.91920585026816,2,2,11
2025-11-19 03:00:00,12.6,85,2.8,989.2,184.9,185.8,415.79936006939596,3,2,11
2025-11-19 04:00:00,11.8,88,3.9,989.1,182.5,183.5,348.51274960835775,4,2,11
2025-11-19 05:00:00,11.4,89,4.0,989.4,173.7,174.6,263.54467249370754,5,2,11
2025-11-19 06:00:00,11.1,90,2.8,989.7,176.5,177.4,212.23192832583473,6,2,11
2025-11-19 07:00:00,10.9,91,2.9,990.5,187.7,188.1,185.1230398601956,7,2,11
2025-11-19 08:00:00,13.0,82,5.4,991.4,189.5,190.0,175.19667264847527,8,2,11
2025-11-19 09:00:00,16.5,70,3.5,992.5,155.1,155.5,175.37199590168302,9,2,11
2025-11-19 10:00:00,19.7,60,2.9,993.0,124.3,125.3,158.7324205368284,10,2,11
2025-11-19 11:00:00,21.7,54,3.1,993.4,102.4,103.1,158.3736584860181,11,2,11
2025-11-19 12:00:00,23.3,46,2.6,992.9,83.8,84.5,221.37148204985118,12,2,11
2025-11-19 13:00:00,24.2,41,1.1,992.1,78.0,78.7,253.4484862312438,13,2,11
2025-11-19 14:00:00,24.5,39,1.0,991.4,75.7,76.4,273.1452840350923,14,2,11
2025-11-19 15:00:00,24.4,39,2.4,990.9,75.0,75.7,313.54054469154,15,2,11
2025-11-19 16:00:00,23.1,50,3.7,991.0,78.2,78.9,324.4277649569821,16,2,11
2025-11-19 17:00:00,20.8,64,2.2,990.5,121.1,122.0,369.58022794572133,17,2,11
2025-11-19 18:00:00,19.7,66,2.7,990.9,146.2,146.7,391.7393150208489,18,2,11
2025-11-19 19:00:00,19.0,65,1.8,991.2,167.6,168.6,400.5008851853628,19,2,11
2025-11-19 20:00:00,18.6,62,0.6,991.5,183.9,184.4,380.11364346458794,20,2,11
2025-11-19 21:00:00,17.5,65,1.3,991.7,190.9,191.9,348.3658015659877,21,2,11
2025-11-19 22:00:00,16.3,67,2.7,991.6,194.2,194.6,330.57006412082245,22,2,11
2025-11-19 23:00:00,16.3,66,1.5,991.6,193.7,194.6,346.40206040881924,23,2,11
2025-11-20 00:00:00,15.6,67,3.4,991.3,189.1,189.5,342.41116685413175,0,3,11
2025-11-20 01:00:00,14.7,71,4.7,991.0,181.1,181.6,323.3515713646298,1,3,11
2025-11-20 02:00:00,14.0,74,4.4,990.9,169.5,170.0,335.01111907958983,2,3,11
2025-11-20 03:00:00,13.5,77,3.7,990.6,157.4,157.9,361.9730956667945,3,3,11
2025-11-20 04:00:00,12.9,80,3.5,990.4,147.6,148.1,288.6145553588867,4,3,11
2025-11-20 05:00:00,12.2,84,3.6,990.5,123.4,123.9,261.5744709105719,5,3,11
2025-11-20 06:00:00,11.9,85,3.1,990.8,127.6,128.1,249.21665141393268,6,3,11
2025-11-20 07:00:00,11.6,88,2.5,991.2,141.6,142.0,208.526190276373,7,3,11
2025-11-20 08:00:00,13.3,83,2.3,992.1,160.2,160.7,192.7641188485282,8,3,11
2025-11-20 09:00:00,16.4,74,1.3,993.0,136.9,137.4,171.0705238160633,9,3,11
2025-11-20 10:00:00,19.7,63,1.4,993.1,101.3,101.7,167.35992031460714,10,3,11
2025-11-20 11:00:00,21.6,52,0.5,993.2,83.6,84.1,179.5212222447471,11,3,11
2025-11-20 12:00:00,23.3,45,1.5,992.8,71.0,71.5,211.5728093101865,12,3,11
2025-11-20 13:00:00,24.0,40,2.5,992.0,69.8,70.5,271.7558817908877,13,3,11
2025-11-20 14:00:00,24.3,39,2.8,991.4,69.8,70.3,303.9148323103119,14,3,11
2025-11-20 15:00:00,24.0,39,2.9,990.9,70.8,71.0,328.71944641234376,15,3,11
2025-11-20 16:00:00,22.8,51,3.1,990.8,75.7,75.9,361.4971501426091,16,3,11
2025-11-20 17:00:00,20.5,63,4.2,990.5,115.0,115.3,364.9858197953966,17,3,11
2025-11-20 18:00:00,19.4,66,4.2,991.1,138.8,139.2,380.93952565268864,18,3,11
2025-11-20 19:00:00,18.4,65,3.1,991.3,160.2,160.7,402.3954965258402,19,3,11
2025-11-20 20:00:00,17.6,66,2.2,991.6,176.0,176.5,387.45297585139195,20,3,11
2025-11-20 21:00:00,17.1,65,1.4,991.9,185.3,185.8,337.78720793951123,21,3,11
2025-11-20 22:00:00,16.4,66,1.7,992.0,191.9,192.3,280.7467027210054,22,3,11
2025-11-20 23:00:00,15.5,71,3.4,991.9,193.7,194.2,281.4418450491769,23,3,11
2025-11-21 00:00:00,14.7,74,4.1,991.7,190.0,190.5,278.4076181320917,0,4,11
2025-11-21 01:00:00,14.0,77,5.5,991.5,183.9,184.4,302.9711852845691,1,4,11
2025-11-21 02:00:00,13.5,78,5.7,991.6,170.4,170.9,370.45345186506,2,4,11
2025-11-21 03:00:00,13.0,80,5.4,991.5,155.5,156.0,356.56476218813947,3,4,11
2025-11-21 04:00:00,12.6,83,5.0,991.5,146.7,147.1,321.76576568058556,4,4,11
2025-11-21 05:00:00,12.3,84,4.6,991.6,132.7,133.2,266.58668539259173,5,4,11
2025-11-21 06:00:00,11.9,87,4.1,992.2,135.0,135.5,222.5812639872233,6,4,11
2025-11-21 07:00:00,11.8,89,3.5,992.7,145.3,145.8,183.09351414574516,7,4,11
2025-11-21 08:00:00,13.6,83,4.3,993.8,156.5,156.9,173.47683330112034,8,4,11
2025-11-21 09:00:00,16.6,74,2.4,994.5,141.6,142.0,173.26330557929145,9,4,11
2025-11-21 10:00:00,19.6,64,1.5,995.0,114.8,115.3,164.94356745159817,10,4,11
2025-11-21 11:00:00,21.6,56,2.1,995.3,99.2,99.7,174.86338688986643,11,4,11
2025-11-21 12:00:00,23.3,48,2.0,994.7,87.3,88.0,214.64110108330138,12,4,11
2025-11-21 13:00:00,24.1,42,1.3,993.8,80.3,80.8,284.7459625879923,13,4,11
2025-11-21 14:00:00,24.4,39,1.8,993.1,78.2,78.7,322.7471503848122,14,4,11
2025-11-21 15:00:00,24.2,39,2.4,992.6,78.0,78.5,314.89327946617493,15,4,11
2025-11-21 16:00:00,23.0,55,2.4,992.4,86.1,86.8,312.03709905715215,16,4,11
2025-11-21 17:00:00,20.9,61,2.7,992.2,146.2,147.1,314.96101788112094,17,4,11
2025-11-21 18:00:00,19.8,66,4.0,992.5,166.7,167.6,319.9596189589728,18,4,11
2025-11-21 19:00:00,18.7,67,5.2,992.8,179.7,180.7,331.0231014978318,19,4,11
2025-11-21 20:00:00,18.1,66,5.8,992.9,187.7,189.1,325.0815946306501,20,4,11
2025-11-21 21:00:00,17.4,67,5.7,993.0,192.8,193.7,330.6617135184152,21,4,11
2025-11-21 22:00:00,16.0,74,5.1,992.7,195.1,195.6,330.73241670396595,22,4,11
2025-11-21 23:00:00,15.2,78,3.3,992.7,192.3,193.2,302.9512143816267,23,4,11
2025-11-22 00:00:00,14.3,81,3.6,992.4,187.2,188.1,302.3228018987747,0,5,11
2025-11-22 01:00:00,13.8,82,3.5,991.9,183.9,184.9,313.7165234157017,1,5,11
2025-11-22 02:00:00,13.2,83,4.4,991.9,182.1,183.0,338.6760948544457,2,5,11
2025-11-22 03:00:00,12.9,84,5.1,991.4,179.3,180.2,377.920222830394,3,5,11
2025-11-22 04:00:00,12.7,84,5.0,991.0,172.8,173.7,334.92213857136073,4,5,11
2025-11-22 05:00:00,11.8,87,3.3,990.9,159.7,160.2,245.1800831295195,5,5,11
2025-11-22 06:00:00,11.4,88,3.1,991.0,166.7,167.2,223.89335130661252,6,5,11
2025-11-22 07:00:00,11.3,88,2.9,991.3,181.6,182.5,189.7452362575228,7,5,11
2025-11-22 08:00:00,13.2,81,3.5,992.0,196.5,197.0,171.78082148234049,8,5,11
2025-11-22 09:00:00,16.1,72,2.2,992.6,163.9,164.4,164.627706370278,9,5,11
2025-11-22 10:00:00,18.9,60,1.5,992.7,131.8,132.2,165.1777897486611,10,5,11
2025-11-22 11:00:00,21.0,52,3.0,992.8,100.4,100.8,175.59897031329928,11,5,11
2025-11-22 12:00:00,22.3,46,4.2,992.1,81.0,81.7,198.04367257072812,12,5,11
2025-11-22 13:00:00,23.0,44,4.4,991.3,73.6,74.5,244.14156367589558,13,5,11
2025-11-22 14:00:00,23.4,43,4.6,990.5,69.4,70.5,307.4643270401728,14,5,11
2025-11-22 15:00:00,23.2,45,4.8,990.1,66.8,68.0,346.27659562126036,15,5,11
2025-11-22 16:00:00,22.2,57,2.7,989.8,68.2,69.2,372.63853767637227,16,5,11
2025-11-22 17:00:00,20.7,59,1.4,989.7,123.4,124.8,374.2152224949428,17,5,11
2025-11-22 18:00:00,20.1,61,1.3,990.1,141.6,143.0,374.58486246381483,18,5,11
2025-11-22 19:00:00,19.4,62,1.0,990.3,158.3,159.7,359.6900201343355,19,5,11
2025-11-22 20:00:00,18.0,68,1.3,990.7,173.7,174.6,360.99166241600403,20,5,11
2025-11-22 21:00:00,16.7,73,1.5,991.0,186.7,188.1,370.2029753912063,21,5,11
2025-11-22 22:00:00,16.1,76,1.1,991.0,197.9,199.3,395.4372281452966,22,5,11
2025-11-22 23:00:00,15.9,76,1.3,991.1,202.6,203.5,414.093535723005,23,5,11
2025-11-23 00:00:00,15.4,78,1.4,990.9,200.7,202.1,436.56995213826497,0,6,11
2025-11-23 01:00:00,14.9,80,1.2,990.9,197.0,198.4,439.9234996977306,1,6,11
2025-11-23 02:00:00,14.1,83,1.5,990.8,194.6,196.0,448.57471427917477,2,6,11
2025-11-23 03:00:00,13.4,85,1.4,990.4,191.9,193.2,419.72244533962674,3,6,11
2025-11-23 04:00:00,12.5,88,2.1,990.3,189.1,190.5,344.9380558013916,4,6,11
2025-11-23 05:00:00,11.9,89,1.9,990.5,209.1,210.5,248.2206204873544,5,6,11
2025-11-23 06:00:00,11.5,90,0.2,990.9,216.5,217.9,188.566083017985,6,6,11
2025-11-23 07:00:00,11.1,92,0.8,991.5,233.8,235.6,146.14642112166794,7,6,11
2025-11-23 08:00:00,12.7,88,3.6,992.2,251.5,253.3,105.75123326619466,8,6,11
2025-11-23 09:00:00,15.7,77,1.9,993.2,208.6,209.5,102.16701647440593,9,6,11
2025-11-23 10:00:00,18.6,64,1.8,993.6,157.4,158.3,,10,6,11
2025-11-23 11:00:00,20.9,52,3.1,993.8,120.6,121.5,,11,6,11
2025-11-23 12:00:00,22.4,44,3.8,993.1,86.8,88.2,,12,6,11
2025-11-23 13:00:00,23.2,39,4.8,992.1,66.6,68.2,183.15985830673063,13,6,11
2025-11-23 14:00:00,23.5,38,5.2,991.4,55.1,56.6,220.64755779998472,14,6,11
2025-11-23 15:00:00,23.3,38,5.1,990.8,50.5,52.0,242.31694738278887,15,6,11
2025-11-23 16:00:00,22.1,54,3.1,990.6,51.8,53.0,260.84939368373216,16,6,11
2025-11-23 17:00:00,20.2,53,2.5,990.3,82.7,84.1,288.7568164825439,17,6,11
2025-11-23 18:00:00,19.3,57,3.1,991.0,95.9,97.1,320.9805233425564,18,6,11
2025-11-23 19:00:00,18.3,61,3.3,991.0,105.2,106.4,331.7940580085472,19,6,11
2025-11-23 20:00:00,17.4,64,3.5,991.3,110.8,112.0,346.185099474589,20,6,11
2025-11-23 21:00:00,16.3,68,3.2,991.6,117.6,118.7,386.46337268264205,21,6,11
2025-11-23 22:00:00,15.3,72,3.0,991.5,125.3,126.7,374.00386038886177,22,6,11
2025-11-23 23:00:00,14.8,74,3.1,991.4,130.4,131.3,369.2244992150201,23,6,11
2025-11-24 00:00:00,13.9,78,3.2,991.3,129.9,130.9,362.0009984758165,0,0,11
2025-11-24 01:00:00,13.2,80,2.4,991.0,126.2,127.6,381.9938414255778,1,0,11
2025-11-24 02:00:00,12.6,81,2.1,991.0,121.1,122.5,416.0301626276087,2,0,11
2025-11-24 03:00:00,12.0,83,3.4,991.2,117.6,118.5,,3,0,11
2025-11-24 04:00:00,11.8,82,3.8,991.0,116.9,117.8,309.6568772916441,4,0,11
2025-11-24 05:00:00,11.3,85,1.6,991.3,119.2,120.6,220.2667709244622,5,0,11
2025-11-24 06:00:00,10.8,86,0.5,991.9,127.1,128.1,178.71294436984593,6,0,11
2025-11-24 07:00:00,10.5,88,0.5,992.6,144.8,146.2,167.20767927119343,7,0,11
2025-11-24 08:00:00,12.0,84,2.3,993.3,160.7,161.6,151.86635731288362,8,0,11
2025-11-24 09:00:00,14.9,74,1.8,994.4,133.2,134.1,122.13509514218286,9,0,11
2025-11-24 10:00:00,18.1,62,1.3,995.0,107.8,109.4,118.63935126350039,10,0,11
2025-11-24 11:00:00,20.6,51,2.2,994.9,86.6,88.7,131.89159527733213,11,0,11
2025-11-24 12:00:00,22.2,44,3.3,994.3,69.2,71.5,164.9374704360962,12,0,11
2025-11-24 13:00:00,22.9,39,5.1,993.4,61.5,63.8,211.29797468639552,13,0,11
2025-11-24 14:00:00,23.1,38,6.3,992.7,59.1,61.5,255.50883097875686,14,0,11
2025-11-24 15:00:00,22.8,39,6.7,992.3,58.2,60.5,281.16097211879054,15,0,11
2025-11-24 16:00:00,21.7,47,4.2,992.3,60.8,62.6,307.1540344440117,16,0,11
2025-11-24 17:00:00,19.4,58,3.7,992.0,68.0,68.9,322.4370001656668,17,0,11
2025-11-24 18:00:00,18.7,62,4.3,992.5,85.7,86.6,352.1374999878899,18,0,11
2025-11-24 19:00:00,17.6,65,5.0,992.8,98.0,99.0,366.1927375066848,19,0,11
2025-11-24 20:00:00,16.6,68,4.8,993.1,106.4,107.3,385.80178506033764,20,0,11
2025-11-24 21:00:00,15.7,70,4.4,993.5,113.2,114.1,397.6963310671059,21,0,11
2025-11-24 22:00:00,15.1,72,3.3,993.2,119.7,120.6,386.79936091105145,22,0,11
2025-11-24 23:00:00,14.6,74,1.3,993.6,124.3,125.3,401.0586108737521,23,0,11
2025-11-25 00:00:00,13.7,77,1.9,993.5,125.7,126.7,404.90952669779455,0,1,11
2025-11-25 01:00:00,13.1,79,2.3,993.4,126.2,127.1,396.1082217746311,1,1,11
2025-11-25 02:00:00,12.6,81,3.1,993.2,125.3,126.2,429.11719415452745,2,1,11
2025-11-25 03:00:00,12.1,82,3.6,993.0,121.1,122.0,440.02227749294707,3,1,11
2025-11-25 04:00:00,11.5,84,3.4,992.9,116.9,118.0,361.26918673338713,4,1,11
2025-11-25 05:00:00,10.9,86,2.2,993.0,133.2,134.6,234.83976123597884,5,1,11
2025-11-25 06:00:00,10.3,88,2.3,993.4,135.5,137.4,178.29421521292792,6,1,11
2025-11-25 07:00:00,10.0,90,2.5,994.0,150.9,152.3,154.15861378294048,7,1,11
2025-11-25 08:00:00,11.8,84,4.4,994.5,165.8,167.2,145.05732630623712,8,1,11
2025-11-25 09:00:00,14.8,74,2.3,995.1,136.0,136.9,133.04107967235424,9,1,11
2025-11-25 10:00:00,17.7,63,1.5,995.4,107.8,109.7,126.7249666849772,10,1,11
2025-11-25 11:00:00,19.9,53,3.2,995.1,83.8,85.7,128.75950831519233,11,1,11
2025-11-25 12:00:00,21.4,47,4.6,994.4,61.5,63.1,167.57622490353057,12,1,11
2025-11-25 13:00:00,22.2,42,6.5,993.1,50.1,51.3,224.1743612501356,13,1,11
2025-11-25 14:00:00,22.4,41,7.4,992.1,46.9,48.1,229.6277496761746,14,1,11
2025-11-25 15:00:00,22.1,43,7.5,991.4,45.5,46.6,238.51486146714956,15,1,11
2025-11-25 16:00:00,21.1,49,5.7,990.9,47.4,48.2,252.96345622451216,16,1,11
2025-11-25 17:00:00,18.8,61,4.4,990.6,68.7,69.8,272.24897925059,17,1,11
2025-11-25 18:00:00,18.3,62,4.4,990.8,82.7,83.8,302.2245290120443,18,1,11
2025-11-25 19:00:00,17.7,63,3.8,991.1,91.5,92.7,317.44175046284994,19,1,11
2025-11-25 20:00:00,16.7,65,3.3,991.1,99.9,101.0,324.0166731728448,20,1,11
2025-11-25 21:00:00,15.7,69,3.3,991.1,108.5,109.9,322.6274170769586,21,1,11
2025-11-25 22:00:00,14.7,73,2.9,990.8,118.0,119.7,318.4994161817762,22,1,11
2025-11-25 23:00:00,13.7,77,3.0,991.1,124.8,126.2,335.0132432513767,23,1,11
2025-11-26 00:00:00,13.1,79,3.1,990.6,127.1,128.5,349.380083296034,0,2,11
2025-11-26 01:00:00,12.4,79,3.5,990.6,129.0,130.4,351.53108359442814,1,2,11
2025-11-26 02:00:00,11.9,80,3.5,990.6,129.9,131.3,363.42480477227105,2,2,11
2025-11-26 03:00:00,11.4,81,2.7,990.5,129.5,130.9,380.4977223714193,3,2,11
2025-11-26 04:00:00,10.8,83,2.4,990.5,129.5,130.9,351.27836794676597,4,2,11
2025-11-26 05:00:00,10.3,86,3.3,990.9,143.4,145.3,260.2358336554633,5,2,11
2025-11-26 06:00:00,10.0,87,1.3,991.6,150.4,152.3,172.55031293233236,6,2,11
2025-11-26 07:00:00,9.8,88,0.7,992.4,166.2,168.6,148.91108549511623,7,2,11
2025-11-26 08:00:00,11.5,83,1.3,993.4,186.3,188.1,124.62024455545267,8,2,11
2025-11-26 09:00:00,14.2,75,0.5,994.1,159.7,161.1,126.55585506681413,9,2,11
2025-11-26 10:00:00,17.4,64,0.2,994.6,123.4,125.3,117.77213296738883,10,2,11
2025-11-26 11:00:00,19.4,54,1.7,994.7,93.4,95.2,114.91059536293986,11,2,11
2025-11-26 12:00:00,21.1,46,1.6,994.2,66.6,68.5,146.177690469651,12,2,11
2025-11-26 13:00:00,21.9,42,2.1,993.4,54.7,56.7,205.77470811208087,13,2,11
2025-11-26 14:00:00,22.2,40,3.0,992.9,51.6,53.7,242.70549990336102,14,2,11
2025-11-26 15:00:00,22.1,40,4.2,992.7,49.9,52.0,290.64483359200614,15,2,11
2025-11-26 16:00:00,20.8,56,2.9,992.7,52.9,54.6,300.2330057598296,16,2,11
2025-11-26 17:00:00,19.0,58,2.3,992.6,84.5,86.6,332.2955951872326,17,2,11
2025-11-26 18:00:00,18.1,62,2.7,993.1,105.0,107.1,313.9315686846536,18,2,11
2025-11-26 19:00:00,17.0,67,3.5,993.5,118.3,120.1,317.92109534853984,19,2,11
2025-11-26 20:00:00,15.9,71,5.5,993.7,126.7,128.5,336.6849798656645,20,2,11
2025-11-26 21:00:00,15.1,72,5.1,994.0,131.8,134.1,353.914762151809,21,2,11
2025-11-26 22:00:00,14.4,73,3.9,994.0,135.5,137.8,395.3547381446475,22,2,11
2025-11-26 23:00:00,13.5,77,4.6,994.2,135.0,136.9,378.7865233648391,23,2,11
2025-11-27 00:00:00,12.5,81,4.7,994.1,130.4,131.8,369.1175718761626,0,3,11
2025-11-27 01:00:00,11.7,84,3.8,993.9,125.3,127.1,376.14178455897746,1,3,11
2025-11-27 02:00:00,11.0,85,2.4,993.6,122.5,123.9,375.4440475463867,2,3,11
2025-11-27 03:00:00,10.5,87,1.8,993.4,121.5,122.9,371.271047828311,3,3,11
2025-11-27 04:00:00,10.0,89,2.0,993.3,122.5,123.9,296.0571667262487,4,3,11
2025-11-27 05:00:00,9.5,91,0.5,993.8,160.2,162.1,225.07649007827516,5,3,11
2025-11-27 06:00:00,9.2,92,0.2,994.5,161.6,163.0,162.0780396839929,6,3,11
2025-11-27 07:00:00,9.1,93,0.4,994.9,174.2,176.0,135.47388098580495,7,3,11
2025-11-27 08:00:00,10.5,90,1.5,995.8,190.9,192.8,121.13173216865177,8,3,11
2025-11-27 09:00:00,13.5,79,0.5,996.7,151.3,152.3,117.06411913917178,9,3,11
2025-11-27 10:00:00,16.6,67,1.0,997.2,115.7,117.1,122.32509518577938,10,3,11
2025-11-27 11:00:00,18.6,59,3.7,996.9,88.2,90.1,121.85790477934337,11,3,11
2025-11-27 12:00:00,20.2,49,4.1,996.0,62.6,64.3,171.7912378220331,12,3,11
2025-11-27 13:00:00,21.0,43,4.0,995.1,50.3,52.2,227.18588122413274,13,3,11
2025-11-27 14:00:00,21.3,40,4.3,994.3,45.8,47.6,285.4403821006654,14,3,11
2025-11-27 15:00:00,21.1,41,4.8,993.8,43.8,45.8,285.45729280502076,15,3,11
2025-11-27 16:00:00,19.9,58,2.8,993.5,47.5,49.0,281.2503450302851,16,3,11
2025-11-27 17:00:00,18.5,59,1.7,993.2,78.9,80.8,299.0743668753003,17,3,11
2025-11-27 18:00:00,17.6,64,2.8,993.5,98.3,99.9,306.14804778326123,18,3,11
2025-11-27 19:00:00,16.4,68,3.1,994.1,113.4,115.0,330.2999044145857,19,3,11
2025-11-27 20:00:00,15.4,70,3.2,994.2,125.7,127.1,326.2282144455683,20,3,11
2025-11-27 21:00:00,14.6,72,3.2,994.5,134.6,135.5,316.02778574625654,21,3,11
2025-11-27 22:00:00,14.0,73,2.7,994.4,141.6,142.5,329.69920316423685,22,3,11
2025-11-27 23:00:00,12.8,77,4.0,994.5,144.4,145.3,362.9427615211124,23,3,11
2025-11-28 00:00:00,12.1,79,3.8,994.0,143.0,143.9,390.9014768327985,0,4,11
2025-11-28 01:00:00,11.5,80,3.8,993.7,141.1,142.0,423.0396484919957,1,4,11
2025-11-28 02:00:00,10.9,82,4.0,993.3,138.3,138.8,426.29919573465986,2,4,11
2025-11-28 03:00:00,10.4,83,3.6,993.4,134.6,135.0,396.9172387985956,3,4,11
2025-11-28 04:00:00,10.0,84,3.1,992.8,130.9,131.3,394.9784930456252,4,4,11
2025-11-28 05:00:00,9.6,86,3.1,992.9,146.2,147.1,250.38891059936037,5,4,11
2025-11-28 06:00:00,9.5,87,3.2,993.3,147.6,148.1,175.79896541524818,6,4,11
2025-11-28 07:00:00,9.3,88,3.6,993.6,156.0,156.5,138.75775001525878,7,4,11
2025-11-28 08:00:00,11.1,82,5.5,994.4,163.0,163.4,117.15463884141708,8,4,11
2025-11-28 09:00:00,13.7,74,3.1,995.0,131.3,131.8,102.05100586845762,9,4,11
2025-11-28 10:00:00,16.3,64,1.7,995.2,99.2,99.7,100.52451584831115,10,4,11
2025-11-28 11:00:00,18.7,55,2.7,994.9,65.0,65.9,105.05426593841068,11,4,11
2025-11-28 12:00:00,20.5,47,3.5,994.2,47.0,48.2,144.0114435171152,12,4,11
2025-11-28 13:00:00,21.5,42,4.5,993.1,39.9,41.2,199.19050827329121,13,4,11
2025-11-28 14:00:00,21.8,39,5.5,992.2,38.3,39.6,264.59090693034824,14,4,11
2025-11-28 15:00:00,21.5,39,5.6,991.7,38.1,39.2,304.1461248458378,15,4,11
2025-11-28 16:00:00,20.2,52,3.6,991.6,40.0,41.1,291.1423814319429,16,4,11
2025-11-28 17:00:00,18.1,58,3.4,991.4,58.9,59.4,289.0959281921387,17,4,11
2025-11-28 18:00:00,17.5,61,3.8,991.7,75.9,76.4,324.93409525553386,18,4,11
2025-11-28 19:00:00,16.6,64,3.8,992.0,88.7,89.2,351.57271274384993,19,4,11
2025-11-28 20:00:00,15.7,66,4.2,992.2,97.3,97.8,382.4117374238513,20,4,11
2025-11-28 21:00:00,14.8,68,4.6,992.2,101.0,101.7,415.82176179431735,21,4,11
2025-11-28 22:00:00,14.2,70,4.6,992.0,103.1,103.8,431.56793043348523,22,4,11
2025-11-28 23:00:00,13.2,74,4.8,991.9,102.7,103.1,414.2972738720122,23,4,11
2025-11-29 00:00:00,12.6,76,4.1,991.7,99.9,100.6,445.9616437639509,0,5,11
2025-11-29 01:00:00,11.8,78,4.4,991.3,97.6,98.5,415.1635000319708,1,5,11
2025-11-29 02:00:00,11.1,81,5.2,991.1,95.2,96.2,407.02635650634767,2,5,11
2025-11-29 03:00:00,10.4,83,5.7,991.0,93.1,94.1,390.13954674857,3,5,11
2025-11-29 04:00:00,10.0,83,4.3,990.8,92.0,92.7,294.90591621398926,4,5,11
2025-11-29 05:00:00,9.0,88,5.0,991.0,107.8,108.5,216.61305561065674,5,5,11
2025-11-29 06:00:00,9.0,86,3.9,991.4,107.6,108.5,162.85555559794108,6,5,11
2025-11-29 07:00:00,8.8,85,3.2,991.9,119.0,119.7,141.16222212049698,7,5,11
2025-11-29 08:00:00,10.5,79,3.9,992.6,130.9,131.3,123.99909666626542,8,5,11
2025-11-29 09:00:00,13.1,70,1.6,993.2,107.1,107.8,103.13539445665147,9,5,11
2025-11-29 10:00:00,16.1,58,1.6,993.5,77.5,78.5,93.97665288713243,10,5,11
2025-11-29 11:00:00,18.9,47,3.4,993.3,48.8,49.7,98.27877773708768,11,5,11
2025-11-29 12:00:00,20.7,40,4.0,992.7,36.4,37.4,135.6369235250685,12,5,11
2025-11-29 13:00:00,21.6,37,4.6,991.7,31.0,31.9,192.4644922892253,13,5,11
2025-11-29 14:00:00,21.8,35,5.1,990.7,29.6,30.6,230.486472023858,14,5,11
2025-11-29 15:00:00,21.5,36,5.8,990.4,28.3,29.3,251.172199063074,15,5,11
2025-11-29 16:00:00,20.1,47,3.6,990.0,29.6,30.5,286.2138577052525,16,5,11
2025-11-29 17:00:00,17.7,55,3.6,989.9,55.3,56.9,314.18347013564335,17,5,11
2025-11-29 18:00:00,17.1,58,4.0,990.3,70.5,71.9,344.08447643461676,18,5,11
2025-11-29 19:00:00,16.1,60,4.5,990.4,81.3,82.7,358.9345955258324,19,5,11
2025-11-29 20:00:00,15.2,63,4.9,990.1,86.1,87.3,343.16785688854395,20,5,11
2025-11-29 21:00:00,14.2,65,4.9,990.2,87.1,88.2,336.9606453123547,21,5,11
2025-11-29 22:00:00,13.4,68,3.6,990.1,89.2,90.3,299.19379726591563,22,5,11
2025-11-29 23:00:00,12.6,70,4.1,990.2,91.7,92.9,278.37228640601745,23,5,11
2025-11-30 00:00:00,11.6,72,4.0,990.0,92.9,94.3,279.2085473923456,0,6,11
2025-11-30 01:00:00,10.9,73,4.6,989.7,94.5,95.7,304.3620946248372,1,6,11
2025-11-30 02:00:00,10.4,72,5.1,989.3,95.0,96.2,344.070000239781,2,6,11
2025-11-30 03:00:00,10.0,70,5.1,989.0,94.8,95.9,349.4878943004306,3,6,11
2025-11-30 04:00:00,9.4,71,4.4,988.7,93.8,95.0,334.9637713326348,4,6,11
2025-11-30 05:00:00,8.6,75,4.6,988.9,104.8,105.9,281.28402803209093,5,6,11
2025-11-30 06:00:00,8.1,78,4.0,989.5,107.8,108.7,198.1384001159668,6,6,11
2025-11-30 07:00:00,7.7,80,2.0,990.2,120.1,121.1,138.38980010986327,7,6,11
2025-11-30 08:00:00,9.0,76,2.7,991.0,134.1,135.0,126.294855533176,8,6,11
2025-11-30 09:00:00,11.5,70,0.2,991.6,110.1,110.6,107.59496061183789,9,6,11
2025-11-30 10:00:00,14.7,58,1.2,991.9,82.0,82.4,84.85187027542679,10,6,11
2025-11-30 11:00:00,17.8,47,3.3,991.8,54.9,55.6,90.6749045962379,11,6,11
2025-11-30 12:00:00,19.6,40,5.7,991.1,39.0,40.0,120.34189611657874,12,6,11
2025-11-30 13:00:00,20.7,37,7.1,990.0,31.9,32.9,158.25736110021197,13,6,11
2025-11-30 14:00:00,21.0,35,8.0,989.1,28.7,29.7,219.9108768644787,14,6,11
2025-11-30 15:00:00,20.9,35,8.0,988.8,28.3,29.2,231.1818058195568,15,6,11
2025-11-30 16:00:00,19.5,43,4.2,988.4,31.0,31.5,263.03056950039337,16,6,11
2025-11-30 17:00:00,17.3,52,4.5,988.1,44.6,45.4,291.15421491350446,17,6,11
2025-11-30 18:00:00,16.8,55,3.8,988.3,60.8,61.5,317.6183100382487,18,6,11
2025-11-30 19:00:00,15.8,59,3.5,988.6,75.0,75.7,303.1209635416667,19,6,11
2025-11-30 20:00:00,14.9,64,3.4,988.8,84.5,85.2,273.1018571399507,20,6,11
2025-11-30 21:00:00,14.7,66,3.5,989.1,87.3,87.8,282.4837139311291,21,6,11
2025-11-30 22:00:00,13.6,68,3.1,988.8,87.5,88.0,297.0042025006006,22,6,11
2025-11-30 23:00:00,12.5,71,2.8,988.9,86.4,86.8,308.15783415294834,23,6,11
2025-12-01 00:00:00,11.4,75,3.5,988.8,85.4,85.9,318.2714285714286,0,0,12
2025-12-01 01:00:00,10.8,76,2.9,988.8,85.9,86.4,334.00590457008,1,0,12
2025-12-01 02:00:00,10.5,77,1.9,988.7,88.0,88.2,364.7717333657401,2,0,12
2025-12-01 03:00:00,10.3,77,1.5,988.2,90.6,91.0,384.2188878558931,3,0,12
2025-12-01 04:00:00,10.1,78,1.1,988.0,93.4,94.1,375.6900038946242,4,0,12
2025-12-01 05:00:00,9.1,83,2.3,988.4,101.0,102.2,274.070713697161,5,0,12
2025-12-01 06:00:00,9.0,83,0.2,988.9,109.9,111.8,167.07459508722482,6,0,12
2025-12-01 07:00:00,8.3,86,1.4,989.4,125.7,129.5,121.59227775997586,7,0,12
2025-12-01 08:00:00,9.6,82,3.9,990.1,142.0,147.6,,8,0,12
2025-12-01 09:00:00,12.2,71,3.2,990.7,119.7,122.5,96.67754119630844,9,0,12
2025-12-01 10:00:00,15.5,59,3.5,991.0,99.0,99.4,94.26947617303757,10,0,12
2025-12-01 11:00:00,18.5,48,3.8,991.3,77.8,78.2,107.02029158274333,11,0,12
2025-12-01 12:00:00,20.4,40,3.1,990.7,57.7,58.1,132.53596829611158,12,0,12
2025-12-01 13:00:00,21.3,35,3.0,989.7,42.0,42.5,173.48252581944544,13,0,12
2025-12-01 14:00:00,21.7,32,3.1,988.8,35.5,36.0,207.08298237210232,14,0,12
2025-12-01 15:00:00,21.5,32,3.8,988.0,33.2,33.5,236.72071442377,15,0,12
2025-12-01 16:00:00,20.0,50,3.0,987.6,39.3,39.7,250.5638210296631,16,0,12
2025-12-01 17:00:00,17.6,53,2.3,987.4,71.9,72.6,274.909987004598,17,0,12
2025-12-01 18:00:00,17.1,56,1.8,987.7,91.3,91.7,309.93552075588343,18,0,12
2025-12-01 19:00:00,16.3,57,1.2,988.1,104.1,104.8,322.39124372482297,19,0,12
2025-12-01 20:00:00,15.3,61,1.5,988.4,112.5,113.2,337.91119652112326,20,0,12
2025-12-01 21:00:00,14.7,63,0.9,988.7,119.0,119.7,341.92302552858985,21,0,12
2025-12-01 22:00:00,14.1,64,0.2,988.7,127.6,128.1,351.25547436078386,22,0,12
2025-12-01 23:00:00,13.4,66,0.7,989.1,135.0,135.5,370.9750411775377,23,0,12
2025-12-02 00:00:00,12.6,69,0.2,988.9,140.6,141.1,397.97621340751647,0,1,12
2025-12-02 01:00:00,11.4,74,1.3,988.9,147.6,148.1,429.9750586297777,1,1,12
2025-12-02 02:00:00,10.3,79,1.8,988.9,154.1,154.6,442.1201400930231,2,1,12
2025-12-02 03:00:00,9.3,84,1.8,988.7,160.2,160.7,425.3691491537383,3,1,12
2025-12-02 04:00:00,8.4,88,2.3,988.6,164.8,165.3,383.3588322692447,4,1,12
2025-12-02 05:00:00,7.7,91,4.1,988.7,162.5,163.0,359.50783606529234,5,1,12
2025-12-02 06:00:00,7.7,91,4.2,989.5,169.5,170.0,343.797071202596,6,1,12
2025-12-02 07:00:00,7.6,91,3.4,990.2,184.9,185.3,250.21683367774602,7,1,12
2025-12-02 08:00:00,9.2,86,5.3,991.1,190.0,190.5,229.01509508405414,8,1,12
2025-12-02 09:00:00,12.2,75,3.6,991.8,158.3,158.8,192.2608116909539,9,1,12
2025-12-02 10:00:00,15.3,65,2.4,992.4,133.2,133.6,179.02767254965647,10,1,12
2025-12-02 11:00:00,17.9,55,1.8,992.4,107.3,108.0,172.86888100760325,11,1,12
2025-12-02 12:00:00,19.8,44,2.1,991.6,88.5,88.9,227.55383333478656,12,1,12
2025-12-02 13:00:00,20.6,40,3.8,990.6,74.0,74.7,282.0131848471505,13,1,12
2025-12-02 14:00:00,21.0,39,5.2,989.6,62.9,63.3,306.8191114153181,14,1,12
2025-12-02 15:00:00,20.7,41,5.4,989.1,57.0,57.5,343.11283901759555,15,1,12
2025-12-02 16:00:00,19.6,53,3.0,988.6,60.8,61.2,372.0335890468581,16,1,12
2025-12-02 17:00:00,17.4,60,2.2,988.6,107.8,108.5,394.11014266406306,17,1,12
2025-12-02 18:00:00,16.6,64,2.7,989.2,123.9,124.3,405.1439123452115,18,1,12
2025-12-02 19:00:00,15.6,67,2.8,989.4,133.6,134.1,400.3446127573649,19,1,12
2025-12-02 20:00:00,14.6,70,3.1,989.9,139.2,139.7,417.92823835100444,20,1,12
2025-12-02 21:00:00,13.7,73,3.3,990.4,145.3,145.8,435.276468476795,21,1,12
2025-12-02 22:00:00,12.8,76,3.6,990.7,151.3,151.3,436.01197673252653,22,1,12
2025-12-02 23:00:00,12.6,77,1.9,990.9,156.0,156.5,436.398408036005,23,1,12
2025-12-03 00:00:00,11.8,79,2.0,990.8,159.3,159.7,431.23109236217675,0,2,12
2025-12-03 01:00:00,11.1,82,2.2,990.6,162.1,162.5,436.19773763020834,1,2,12
2025-12-03 02:00:00,10.5,83,2.3,990.7,163.9,164.4,474.87226820446193,2,2,12
2025-12-03 03:00:00,9.9,85,2.7,990.6,163.9,164.4,442.7076665242513,3,2,12
2025-12-03 04:00:00,9.3,86,2.3,990.6,162.1,162.5,365.3429579053606,4,2,12
2025-12-03 05:00:00,8.9,87,3.0,990.6,177.4,177.4,263.33264650617326,5,2,12
2025-12-03 06:00:00,8.4,88,1.5,991.3,181.1,181.6,170.6950873117598,6,2,12
2025-12-03 07:00:00,7.8,91,2.4,992.0,199.3,199.3,161.18223804292225,7,2,12
2025-12-03 08:00:00,9.5,86,5.0,993.2,224.0,224.4,182.7609940029326,8,2,12
2025-12-03 09:00:00,12.3,76,3.3,994.5,192.8,192.8,150.2637381780715,9,2,12
2025-12-03 10:00:00,15.2,64,2.4,995.3,150.9,150.9,134.41961322057816,10,2,12
2025-12-03 11:00:00,17.8,52,4.7,995.5,109.2,109.4,136.2735714503697,11,2,12
2025-12-03 12:00:00,19.5,45,5.5,995.0,70.8,71.0,182.78821820455886,12,2,12
2025-12-03 13:00:00,20.3,40,5.9,994.1,52.0,52.2,212.88792832692462,13,2,12
2025-12-03 14:00:00,20.5,39,5.5,993.2,45.4,45.5,246.04771452404205,14,2,12
2025-12-03 15:00:00,20.3,41,4.5,992.8,42.7,43.0,272.2006787254697,15,2,12
2025-12-03 16:00:00,19.2,57,2.7,992.5,46.2,46.3,299.7074673243931,16,2,12
2025-12-03 17:00:00,17.2,59,2.2,992.4,82.4,82.7,318.83055061288434,17,2,12
2025-12-03 18:00:00,16.2,63,4.3,993.0,99.9,100.1,325.7356666988797,18,2,12
2025-12-03 19:00:00,15.1,68,5.0,993.1,107.3,107.6,334.09366726345485,19,2,12
2025-12-03 20:00:00,14.4,69,4.6,993.6,115.5,115.7,341.70744459364147,20,2,12
2025-12-03 21:00:00,13.6,71,4.7,993.7,123.9,123.9,342.23277740478517,21,2,12
2025-12-03 22:00:00,13.1,71,4.4,993.6,132.7,133.2,359.982234954834,22,2,12
2025-12-03 23:00:00,12.4,74,4.8,993.8,134.6,134.6,347.92311096191406,23,2,12
2025-12-04 00:00:00,11.6,75,4.8,993.7,123.4,123.4,339.5491949293348,0,3,12
2025-12-04 01:00:00,10.9,76,4.7,993.1,118.0,118.3,342.38705563015407,1,3,12
2025-12-04 02:00:00,10.0,79,5.3,993.1,117.6,117.8,368.12345254080634,2,3,12
2025-12-04 03:00:00,9.8,79,4.2,993.1,116.6,116.9,378.47815973191035,3,3,12
2025-12-04 04:00:00,9.4,80,3.2,992.5,118.5,118.7,315.70172138516864,4,3,12
2025-12-04 05:00:00,9.2,81,1.7,992.8,133.6,134.1,219.28225025600855,5,3,12
2025-12-04 06:00:00,8.7,83,2.2,993.0,137.8,137.8,180.69441668192545,6,3,12
2025-12-04 07:00:00,8.4,85,2.9,993.3,153.2,153.7,164.32144436306424,7,3,12
2025-12-04 08:00:00,9.9,79,4.0,993.6,167.6,167.6,163.37449212452722,8,3,12
2025-12-04 09:00:00,12.4,69,4.4,994.4,128.1,128.5,154.4471457481384,9,3,12
2025-12-04 10:00:00,15.4,57,4.1,995.0,95.5,95.7,158.80915481930688,10,3,12
2025-12-04 11:00:00,18.1,47,4.3,995.1,67.8,67.8,174.7940994081043,11,3,12
2025-12-04 12:00:00,19.8,39,4.8,994.3,48.8,49.1,209.36929757254464,12,3,12
2025-12-04 13:00:00,20.6,36,4.6,993.3,38.2,38.5,261.0140480041504,13,3,12
2025-12-04 14:00:00,21.0,34,4.0,992.6,34.3,34.8,301.003333064488,14,3,12
2025-12-04 15:00:00,20.7,35,5.8,992.1,34.2,34.8,298.8238810584659,15,3,12
2025-12-04 16:00:00,19.5,49,3.4,991.6,39.7,40.0,310.11666630336214,16,3,12
2025-12-04 17:00:00,17.6,51,2.3,991.8,62.2,62.6,325.4760534994943,17,3,12
2025-12-04 18:00:00,16.9,54,4.4,992.2,71.2,71.5,342.6715706598191,18,3,12
2025-12-04 19:00:00,15.8,57,5.0,992.6,80.1,80.6,338.5268104189918,19,3,12
2025-12-04 20:00:00,15.0,58,4.7,992.8,95.2,95.7,325.4209576379685,20,3,12
2025-12-04 21:00:00,14.3,59,3.8,993.1,111.1,111.5,326.7991665068127,21,3,12
2025-12-04 22:00:00,13.1,62,3.3,993.1,126.7,127.1,338.1048929850261,22,3,12
2025-12-04 23:00:00,12.1,67,3.1,993.5,136.0,137.8,357.39095284598216,23,3,12
2025-12-05 00:00:00,11.1,70,2.2,993.7,137.4,139.7,384.56759483700705,0,4,12
2025-12-05 01:00:00,10.6,73,1.9,993.7,137.8,141.1,400.2301904587518,1,4,12
2025-12-05 02:00:00,10.1,75,1.8,993.5,138.3,141.6,416.6602389138843,2,4,12
2025-12-05 03:00:00,10.1,76,2.3,993.5,137.8,141.6,418.67175563630605,3,4,12
2025-12-05 04:00:00,9.5,77,2.3,993.2,138.8,143.0,357.04649206494526,4,4,12
2025-12-05 05:00:00,9.3,76,0.5,993.0,133.6,135.5,281.9867839763691,5,4,12
2025-12-05 06:00:00,8.7,78,0.2,993.5,138.8,141.1,218.98912133716402,6,4,12
2025-12-05 07:00:00,7.9,82,0.4,994.2,155.1,158.8,167.85182746705553,7,4,12
2025-12-05 08:00:00,8.9,80,3.4,995.2,177.0,182.5,147.4521072387695,8,4,12
2025-12-05 09:00:00,11.8,70,2.9,996.2,150.4,153.2,145.51714887164889,9,4,12
2025-12-05 10:00:00,15.0,58,1.7,997.1,119.7,119.7,150.84891662597656,10,4,12
2025-12-05 11:00:00,17.7,48,1.9,997.5,85.4,85.9,176.1590497546726,11,4,12
2025-12-05 12:00:00,19.8,41,2.1,997.0,59.4,59.6,218.19899183606344,12,4,12
2025-12-05 13:00:00,20.9,36,3.0,996.2,45.8,46.1,259.38570846375967,13,4,12
2025-12-05 14:00:00,21.3,34,4.3,995.6,40.3,40.7,314.38658696734717,14,4,12
2025-12-05 15:00:00,21.1,35,4.8,995.3,39.0,39.6,343.35482915242517,15,4,12
2025-12-05 16:00:00,19.8,51,3.1,994.6,44.2,44.7,370.12944091312465,16,4,12
2025-12-05 17:00:00,17.7,54,2.8,994.0,86.4,87.1,393.84873809814457,17,4,12
2025-12-05 18:00:00,16.9,57,3.5,994.2,100.1,100.8,370.5435722714379,18,4,12
2025-12-05 19:00:00,15.8,62,3.7,994.8,111.3,112.0,315.98028637114027,19,4,12
2025-12-05 20:00:00,14.6,66,4.8,994.9,119.7,120.1,293.55142862229116,20,4,12
2025-12-05 21:00:00,13.7,69,5.3,995.3,119.7,120.1,309.35299969627744,21,4,12
2025-12-05 22:00:00,12.8,72,5.7,995.5,117.3,117.8,308.50716683523996,22,4,12
2025-12-05 23:00:00,12.3,73,6.0,995.4,111.8,112.2,341.910713777088,23,4,12
2025-12-06 00:00:00,11.7,74,6.6,995.4,105.0,105.2,335.7666437542628,0,5,12
2025-12-06 01:00:00,11.4,73,6.9,995.0,101.3,101.5,320.222070554703,1,5,12
2025-12-06 02:00:00,11.2,70,7.1,995.0,98.3,98.3,359.3389045715332,2,5,12
2025-12-06 03:00:00,10.8,68,6.8,994.7,94.8,95.0,322.22807549370657,3,5,12
2025-12-06 04:00:00,10.3,68,6.7,994.2,91.5,91.7,280.18061901274183,4,5,12
2025-12-06 05:00:00,9.0,79,6.2,993.9,101.0,101.3,258.867162362356,5,5,12
2025-12-06 06:00:00,8.4,81,4.1,994.2,100.1,100.4,247.02282155354814,6,5,12
2025-12-06 07:00:00,7.9,84,4.6,994.1,105.7,105.9,211.86389850434804,7,5,12
2025-12-06 08:00:00,9.8,77,6.4,994.7,108.7,109.0,153.6755773181007,8,5,12
2025-12-06 09:00:00,12.2,69,7.0,995.3,106.2,106.2,141.03719042823428,9,5,12
2025-12-06 10:00:00,14.4,60,4.1,995.8,96.4,96.6,141.65355545528354,10,5,12
2025-12-06 11:00:00,16.9,53,3.9,995.6,79.4,79.6,154.26254748389835,11,5,12
2025-12-06 12:00:00,19.2,44,4.8,994.8,62.2,62.9,186.83766659327915,12,5,12
2025-12-06 13:00:00,20.6,41,6.7,993.8,50.8,51.7,237.6743569691976,13,5,12
2025-12-06 14:00:00,21.0,41,7.1,992.9,46.6,47.6,277.5392140343076,14,5,12
2025-12-06 15:00:00,21.1,42,7.4,992.5,44.5,45.4,280.2942262195406,15,5,12
2025-12-06 16:00:00,20.0,48,6.2,992.2,47.1,47.8,283.7958791974991,16,5,12
2025-12-06 17:00:00,17.6,61,5.2,992.0,63.8,64.5,294.28072799803715,17,5,12
2025-12-06 18:00:00,17.0,64,4.9,992.2,73.6,74.3,311.60849382309686,18,5,12
2025-12-06 19:00:00,15.9,69,5.5,992.6,80.6,81.0,314.87916728428434,19,5,12
2025-12-06 20:00:00,15.0,72,5.3,992.8,87.8,88.5,310.18097621372766,20,5,12
2025-12-06 21:00:00,14.6,72,4.0,993.2,96.4,97.1,310.78295248122447,21,5,12
2025-12-06 22:00:00,13.9,74,3.3,993.2,106.6,107.3,321.01120274861654,22,5,12
2025-12-06 23:00:00,13.0,76,3.2,993.3,111.5,112.2,337.24876171293715,23,5,12
2025-12-07 00:00:00,12.1,79,3.9,993.2,109.2,109.7,341.0043808710007,0,6,12
2025-12-07 01:00:00,11.3,81,4.2,993.0,107.1,107.6,329.96143422807967,1,6,12
2025-12-07 02:00:00,10.8,81,4.2,992.8,105.9,106.4,339.4050714765276,2,6,12
2025-12-07 03:00:00,10.4,81,3.7,992.7,105.7,106.2,385.81403832593867,3,6,12
2025-12-07 04:00:00,9.8,83,3.1,992.2,105.5,105.7,404.61129843393957,4,6,12
2025-12-07 05:00:00,9.2,85,4.1,992.3,125.3,125.3,365.61941655476886,5,6,12
2025-12-07 06:00:00,8.7,86,2.4,992.4,128.5,129.0,313.24413931104874,6,6,12
2025-12-07 07:00:00,8.4,88,1.4,993.2,141.6,142.0,251.66091732449004,7,6,12
2025-12-07 08:00:00,9.5,86,0.0,993.8,157.4,158.3,185.66636102464463,8,6,12
2025-12-07 09:00:00,12.1,75,2.7,994.7,145.3,145.8,160.79914292835056,9,6,12
2025-12-07 10:00:00,15.5,65,0.4,995.3,127.6,128.1,163.2042405083066,10,6,12
2025-12-07 11:00:00,18.4,56,0.9,995.0,102.9,103.6,173.04641674586705,11,6,12
2025-12-07 12:00:00,20.7,45,2.3,994.3,80.1,81.0,190.37773782639277,12,6,12
2025-12-07 13:00:00,21.9,39,3.9,993.5,61.0,61.9,234.7817382085891,13,6,12
2025-12-07 14:00:00,22.3,37,4.7,992.7,49.9,51.0,298.8109522138323,14,6,12
2025-12-07 15:00:00,22.1,38,5.3,992.4,45.9,46.8,322.01264306931273,15,6,12
2025-12-07 16:00:00,20.7,50,3.9,992.2,51.6,52.3,352.09233278547015,16,6,12
2025-12-07 17:00:00,18.5,57,3.6,991.9,94.8,96.9,404.2373572939918,17,6,12
2025-12-07 18:00:00,18.1,59,3.4,992.3,109.4,111.3,409.6648337227958,18,6,12
2025-12-07 19:00:00,17.0,63,3.7,992.8,127.6,129.5,406.6692589896066,19,6,12
2025-12-07 20:00:00,15.9,68,3.6,992.8,142.5,144.4,391.508312037084,20,6,12
2025-12-07 21:00:00,14.8,72,3.4,993.0,150.4,152.3,419.0867140997024,21,6,12
2025-12-07 22:00:00,13.5,78,4.4,993.0,156.5,158.3,429.5909767514184,22,6,12
2025-12-07 23:00:00,13.0,79,3.5,992.9,157.4,158.8,425.2341666811989,23,6,12
2025-12-08 00:00:00,12.1,83,3.4,992.7,151.8,153.2,474.7576901390439,0,0,12
2025-12-08 01:00:00,11.5,85,3.4,992.5,148.1,149.9,481.0748059711759,1,0,12
2025-12-08 02:00:00,10.9,86,3.1,992.6,145.3,147.1,464.8762558346703,2,0,12
2025-12-08 03:00:00,10.5,87,2.6,992.4,141.6,143.0,443.5548391069685,3,0,12
2025-12-08 04:00:00,10.1,87,3.7,992.4,135.5,136.9,332.28016649882,4,0,12
2025-12-08 05:00:00,9.6,88,5.3,992.5,139.7,141.1,208.0706111484104,5,0,12
2025-12-08 06:00:00,9.3,88,4.8,992.9,126.2,127.1,164.11605563693578,6,0,12
2025-12-08 07:00:00,9.1,88,5.7,993.4,124.8,125.7,109.11030548943414,7,0,12
2025-12-08 08:00:00,11.1,81,5.0,994.0,131.8,132.7,93.24597622099375,8,0,12
2025-12-08 09:00:00,13.8,69,5.9,994.9,118.5,119.0,99.6908809480213,9,0,12
2025-12-08 10:00:00,16.4,59,3.8,995.7,103.1,103.8,108.74599208529033,10,0,12
2025-12-08 11:00:00,19.3,49,4.7,995.6,81.0,82.2,123.00549619160002,11,0,12
2025-12-08 12:00:00,21.4,41,6.0,995.0,59.3,60.8,149.0442381359282,12,0,12
2025-12-08 13:00:00,22.5,38,7.5,994.4,42.3,44.5,182.1786906651088,13,0,12
2025-12-08 14:00:00,22.8,38,7.8,993.7,38.4,40.9,213.86492832728797,14,0,12
2025-12-08 15:00:00,22.4,42,7.3,993.1,37.1,39.3,223.20270804863472,15,0,12
2025-12-08 16:00:00,21.1,48,6.2,992.7,40.7,42.4,239.5276666913714,16,0,12
2025-12-08 17:00:00,18.5,59,6.7,992.2,52.0,54.4,247.373930946229,17,0,12
2025-12-08 18:00:00,18.5,56,7.4,992.5,62.2,63.8,248.31126174926757,18,0,12
2025-12-08 19:00:00,17.7,59,8.2,992.9,66.6,68.2,238.11116114177398,19,0,12
2025-12-08 20:00:00,16.9,61,8.6,993.1,67.5,68.9,231.99747210003082,20,0,12
2025-12-08 21:00:00,16.0,61,7.8,993.2,66.6,67.8,238.18245217459543,21,0,12
2025-12-08 22:00:00,14.9,64,6.8,992.9,67.3,68.2,258.9720952351888,22,0,12
2025-12-08 23:00:00,13.6,71,6.7,992.8,66.6,68.0,257.5123813810803,23,0,12
2025-12-09 00:00:00,12.6,74,6.1,992.5,63.3,65.4,284.3809703826904,0,1,12
2025-12-09 01:00:00,11.9,77,6.0,992.3,61.0,63.6,301.9512199583508,1,1,12
2025-12-09 02:00:00,11.7,76,6.5,992.1,59.1,62.2,310.07466634114587,2,1,12
2025-12-09 03:00:00,11.6,74,6.7,991.6,57.3,60.3,323.21476218813945,3,1,12
2025-12-09 04:00:00,11.3,73,6.7,991.1,55.8,58.8,240.80046461196176,4,1,12
2025-12-09 05:00:00,10.0,79,6.6,991.1,53.4,55.9,199.8279922909207,5,1,12
2025-12-09 06:00:00,9.7,79,6.5,991.4,51.9,54.5,184.5605712890625,6,1,12
2025-12-09 07:00:00,9.2,80,6.4,991.8,56.9,59.8,184.2632142203195,7,1,12
2025-12-09 08:00:00,11.1,72,6.4,992.7,63.3,66.6,187.40444058009555,8,1,12
2025-12-09 09:00:00,13.3,65,5.0,993.4,63.6,66.4,159.51908342270625,9,1,12
2025-12-09 10:00:00,15.6,58,1.7,994.1,60.5,62.9,137.34700403364877,10,1,12
2025-12-09 11:00:00,18.1,51,1.0,994.1,53.6,54.9,152.09999996366955,11,1,12
2025-12-09 12:00:00,20.3,43,1.6,993.5,41.6,43.2,190.72754796346027,12,1,12
2025-12-09 13:00:00,21.7,38,3.6,992.9,32.8,34.9,232.1548330034528,13,1,12
2025-12-09 14:00:00,22.4,36,4.6,992.2,29.7,32.0,257.81983932313466,14,1,12
2025-12-09 15:00:00,22.4,36,5.4,991.7,27.7,29.8,268.01092834472655,15,1,12
2025-12-09 16:00:00,21.3,43,4.6,991.5,32.6,34.0,275.342143031529,16,1,12
2025-12-09 17:00:00,19.0,54,4.7,991.3,63.6,66.8,293.8123335520427,17,1,12
2025-12-09 18:00:00,18.8,55,5.3,991.6,76.4,78.7,308.95908371607464,18,1,12
2025-12-09 19:00:00,18.1,58,5.7,991.8,87.1,89.4,316.7637925783793,19,1,12
2025-12-09 20:00:00,18.0,56,6.3,992.2,100.6,103.6,319.72927125295,20,1,12
2025-12-09 21:00:00,16.5,63,4.6,992.4,112.5,115.9,295.5575935575697,21,1,12
2025-12-09 22:00:00,14.8,71,4.2,992.3,118.5,122.5,307.43386113908554,22,1,12
2025-12-09 23:00:00,13.9,75,3.8,992.6,116.4,121.1,334.83433278401696,23,1,12
2025-12-10 00:00:00,12.9,78,4.1,992.4,107.1,112.0,339.3621461868286,0,2,12
2025-12-10 01:00:00,12.4,79,3.6,992.1,101.7,106.6,336.8490521748861,1,2,12
2025-12-10 02:00:00,12.0,79,3.5,991.6,99.4,104.3,356.36993815104165,2,2,12
2025-12-10 03:00:00,11.5,79,3.4,991.1,99.0,103.6,353.124650144577,3,2,12
2025-12-10 04:00:00,10.9,80,5.0,990.7,96.4,101.0,299.8036538364125,4,2,12
2025-12-10 05:00:00,10.4,80,6.1,990.5,84.3,86.1,257.03702210925877,5,2,12
2025-12-10 06:00:00,10.1,80,3.9,990.5,84.8,86.6,185.14333347138904,6,2,12
2025-12-10 07:00:00,9.3,84,3.1,991.3,93.1,95.0,160.59811895461308,7,2,12
2025-12-10 08:00:00,10.6,82,3.2,992.1,102.2,104.5,134.53713883294,8,2,12
2025-12-10 09:00:00,13.2,72,2.2,993.0,98.0,99.4,119.06870565090048,9,2,12
2025-12-10 10:00:00,16.1,62,0.9,993.4,92.4,92.9,107.7839916865031,10,2,12
2025-12-10 11:00:00,18.8,51,3.1,993.5,75.2,75.9,128.67785589165157,11,2,12
2025-12-10 12:00:00,20.9,43,3.7,993.0,55.9,56.6,174.8578870031569,12,2,12
2025-12-10 13:00:00,21.9,40,3.2,992.2,40.5,41.4,232.8350003560384,13,2,12
2025-12-10 14:00:00,22.3,39,2.8,991.6,35.9,36.9,286.37665050824484,14,2,12
2025-12-10 15:00:00,22.3,39,3.0,991.3,33.9,34.9,322.2018459479014,15,2,12
2025-12-10 16:00:00,21.1,56,2.6,990.8,38.8,39.6,350.8839929474725,16,2,12
2025-12-10 17:00:00,18.8,58,3.7,990.5,68.7,69.8,345.8368125279744,17,2,12
2025-12-10 18:00:00,18.1,63,3.6,991.2,92.2,93.4,334.2090827835931,18,2,12
2025-12-10 19:00:00,17.4,67,3.0,991.4,115.5,116.2,366.15059423446655,19,2,12
2025-12-10 20:00:00,16.6,69,1.3,991.7,132.2,133.2,368.40505835215254,20,2,12
2025-12-10 21:00:00,15.7,72,0.4,992.2,146.2,147.1,354.2528124809265,21,2,12
2025-12-10 22:00:00,13.9,79,2.7,992.3,161.1,162.1,339.25741632249617,22,2,12
2025-12-10 23:00:00,13.0,83,2.2,992.5,170.0,171.4,346.48700359132556,23,2,12
2025-12-11 00:00:00,12.0,87,1.9,992.3,170.9,171.8,358.0110208511353,0,3,12
2025-12-11 01:00:00,11.2,90,1.5,991.9,169.5,170.9,392.92518761952715,1,3,12
2025-12-11 02:00:00,10.7,91,1.3,991.7,166.2,168.1,423.78639551798506,2,3,12
2025-12-11 03:00:00,10.3,92,0.8,991.4,163.9,165.8,446.3215833028158,3,3,12
2025-12-11 04:00:00,10.0,94,0.7,990.8,161.1,163.9,470.77166544596355,4,3,12
2025-12-11 05:00:00,9.9,91,1.0,991.0,191.9,192.8,527.1313895119561,5,3,12
2025-12-11 06:00:00,9.4,93,1.3,991.0,193.7,194.6,379.02987021718707,6,3,12
2025-12-11 07:00:00,8.6,96,2.8,991.6,210.0,211.4,250.36819977760314,7,3,12
2025-12-11 08:00:00,10.1,92,3.1,991.8,239.3,241.2,210.58805748772997,8,3,12
2025-12-11 09:00:00,13.3,79,1.4,992.3,256.1,258.0,172.90076774415516,9,3,12
2025-12-11 10:00:00,16.6,69,2.0,992.8,168.6,169.5,161.1577291806539,10,3,12
2025-12-11 11:00:00,19.2,59,3.7,992.9,128.5,129.5,202.72550353642666,11,3,12
2025-12-11 12:00:00,20.9,51,3.9,992.2,86.1,86.6,248.42991671562197,12,3,12
2025-12-11 13:00:00,21.9,47,3.1,991.2,58.2,58.4,280.22810469733344,13,3,12
2025-12-11 14:00:00,22.5,43,3.7,990.4,49.0,49.2,320.9110629081726,14,3,12
2025-12-11 15:00:00,22.5,42,2.9,989.6,44.4,44.6,344.34791631746776,15,3,12
2025-12-11 16:00:00,21.3,56,3.2,989.4,48.1,48.3,350.21316899723473,16,3,12
2025-12-11 17:00:00,19.0,62,4.5,989.0,85.9,86.6,355.9739997016059,17,3,12
2025-12-11 18:00:00,18.4,67,5.1,989.6,104.8,105.2,379.4293489933014,18,3,12
2025-12-11 19:00:00,17.6,69,3.4,989.6,121.1,121.5,406.6042198499044,19,3,12
2025-12-11 20:00:00,16.8,72,1.7,990.0,140.6,141.1,410.0891665140788,20,3,12
2025-12-11 21:00:00,15.6,76,1.8,990.3,158.8,159.3,396.6959369900251,21,3,12
2025-12-11 22:00:00,14.5,80,1.0,990.3,176.0,176.5,398.00304733912145,22,3,12
2025-12-11 23:00:00,14.5,80,0.4,990.8,189.1,189.5,414.0092920621236,23,3,12
2025-12-12 00:00:00,13.8,83,0.2,990.7,195.1,195.6,418.22976175944007,0,4,12
2025-12-12 01:00:00,13.1,86,0.4,990.0,201.2,201.6,434.34041272117975,1,4,12
2025-12-12 02:00:00,12.5,88,0.4,989.7,207.7,208.2,431.036899536375,2,4,12
2025-12-12 03:00:00,12.0,91,0.2,989.4,212.8,213.3,450.07551046280633,3,4,12
2025-12-12 04:00:00,11.5,92,0.7,988.9,215.6,216.1,458.93854160308837,4,4,12
2025-12-12 05:00:00,9.4,96,0.6,988.7,230.5,231.0,417.109286292394,5,4,12
2025-12-12 06:00:00,9.0,98,0.7,989.0,226.8,227.7,356.25495143659185,6,4,12
2025-12-12 07:00:00,8.3,100,0.2,989.2,234.2,235.2,323.6828414493137,7,4,12
2025-12-12 08:00:00,8.9,98,0.4,989.9,253.3,254.3,291.4767895229279,8,4,12
2025-12-12 09:00:00,11.7,92,2.2,990.9,222.6,223.1,224.27285241815778,9,4,12
2025-12-12 10:00:00,15.3,79,1.5,991.3,192.8,193.2,203.9959185467826,10,4,12
2025-12-12 11:00:00,18.0,68,1.5,991.3,145.8,146.7,200.35535646367956,11,4,12
2025-12-12 12:00:00,20.3,55,1.9,990.9,110.4,111.1,257.9351837979423,12,4,12
2025-12-12 13:00:00,21.5,48,1.0,990.2,83.1,84.1,328.4306530740526,13,4,12
2025-12-12 14:00:00,22.0,47,2.2,989.4,70.5,71.7,357.46136246257356,14,4,12
2025-12-12 15:00:00,21.9,48,1.1,988.9,67.3,68.5,357.8802241378361,15,4,12
2025-12-12 16:00:00,20.7,63,1.7,988.6,79.2,80.1,380.9035006946988,16,4,12
2025-12-12 17:00:00,18.2,71,3.3,988.7,129.0,129.9,402.4920593049791,17,4,12
2025-12-12 18:00:00,16.9,78,4.1,989.4,159.7,160.7,410.782498995463,18,4,12
2025-12-12 19:00:00,16.2,82,3.5,990.1,190.5,191.9,404.0177135626475,19,4,12
2025-12-12 20:00:00,15.2,87,4.6,990.4,214.7,216.1,416.8434787750244,20,4,12
2025-12-12 21:00:00,14.5,89,3.7,990.5,220.3,221.7,373.87714592615765,21,4,12
2025-12-12 22:00:00,14.2,90,2.2,990.8,230.5,231.9,363.51339670817055,22,4,12
2025-12-12 23:00:00,13.3,93,2.9,990.9,243.1,244.9,352.46797885894773,23,4,12
2025-12-13 00:00:00,12.5,95,2.4,990.8,246.8,248.7,352.7680416107178,0,5,12
2025-12-13 01:00:00,11.8,97,2.8,990.5,248.7,250.5,345.3496248881022,1,5,12
2025-12-13 02:00:00,11.0,99,5.0,990.4,247.7,249.6,355.0111668904622,2,5,12
2025-12-13 03:00:00,11.4,97,5.2,989.9,235.2,236.6,364.84555098215736,3,5,12
2025-12-13 04:00:00,11.8,95,6.3,989.3,211.4,212.8,359.27820738686455,4,5,12
2025-12-13 05:00:00,11.2,94,5.7,989.4,191.9,192.8,359.152994966507,5,5,12
2025-12-13 06:00:00,10.6,94,2.5,990.2,180.7,181.6,335.67770805358884,6,5,12
2025-12-13 07:00:00,10.0,97,4.8,990.4,182.1,183.5,302.40097897847494,7,5,12
2025-12-13 08:00:00,11.3,94,6.7,990.9,185.8,186.7,282.1857738388909,8,5,12
2025-12-13 09:00:00,13.7,85,4.4,992.2,171.8,172.8,287.6197164005703,9,5,12
2025-12-13 10:00:00,16.2,76,4.2,992.5,163.9,164.8,323.8626564661662,10,5,12
2025-12-13 11:00:00,17.4,73,3.4,992.9,142.0,143.4,342.9521923584408,11,5,12
2025-12-13 12:00:00,18.8,68,3.2,992.5,112.0,114.3,362.2455925570594,12,5,12
2025-12-13 13:00:00,19.8,64,4.6,992.0,91.3,93.4,377.9134050104353,13,5,12
2025-12-13 14:00:00,20.2,62,5.4,991.1,84.3,86.4,372.62624944051106,14,5,12
2025-12-13 15:00:00,20.1,63,6.1,990.9,82.7,84.5,357.3238642056783,15,5,12
2025-12-13 16:00:00,19.3,71,3.2,991.2,100.1,101.5,358.60024972491794,16,5,12
2025-12-13 17:00:00,17.2,84,4.5,990.9,122.9,124.8,340.5519592285156,17,5,12
2025-12-13 18:00:00,16.4,87,4.6,991.5,137.4,139.2,342.5389687220256,18,5,12
2025-12-13 19:00:00,15.3,91,4.8,991.9,149.5,150.9,336.05508457819616,19,5,12
2025-12-13 20:00:00,14.8,91,6.2,992.0,152.3,153.7,332.140052456326,20,5,12
2025-12-13 21:00:00,14.1,92,5.1,992.3,155.5,156.9,332.41069207191464,21,5,12
2025-12-13 22:00:00,13.6,93,5.2,992.2,158.8,160.2,318.2566130060138,22,5,12
2025-12-13 23:00:00,13.4,94,6.2,992.6,158.8,160.2,317.47335453033446,23,5,12
2025-12-14 00:00:00,13.5,92,7.1,992.3,155.5,156.9,313.8725944095188,0,6,12
2025-12-14 01:00:00,13.2,92,5.2,992.0,156.0,157.9,328.4696047782898,1,6,12
2025-12-14 02:00:00,12.5,93,5.3,992.0,157.9,159.7,331.17681172688805,2,6,12
2025-12-14 03:00:00,12.4,93,4.7,991.6,156.5,157.9,342.9862296422322,3,6,12
2025-12-14 04:00:00,12.0,94,3.0,991.4,153.7,155.1,327.7732326144264,4,6,12
2025-12-14 05:00:00,11.3,93,3.4,991.6,140.6,142.0,330.1855947585333,5,6,12
2025-12-14 06:00:00,10.7,95,4.1,992.1,148.5,149.9,308.4086149669829,6,6,12
2025-12-14 07:00:00,10.0,98,3.8,993.0,170.0,171.8,300.06592681306785,7,6,12
2025-12-14 08:00:00,11.3,95,6.3,993.9,191.9,193.2,290.06305752103293,8,6,12
2025-12-14 09:00:00,13.7,85,3.3,994.5,173.7,175.1,270.14976193867034,9,6,12
2025-12-14 10:00:00,16.3,76,3.2,995.1,149.0,150.9,256.02649123981746,10,6,12
2025-12-14 11:00:00,18.1,72,2.4,994.9,133.2,136.0,257.79322843551637,11,6,12
2025-12-14 12:00:00,19.9,64,1.9,994.1,113.2,116.4,282.1301052649816,12,6,12
2025-12-14 13:00:00,21.2,58,1.0,993.4,93.6,97.3,321.05649254057147,13,6,12
2025-12-14 14:00:00,21.7,53,0.4,992.5,82.0,86.1,347.3585468837194,14,6,12
2025-12-14 15:00:00,21.5,53,1.0,992.3,77.1,81.3,359.59284558977396,15,6,12
2025-12-14 16:00:00,20.6,64,2.4,992.0,97.3,100.8,362.5760645790706,16,6,12
2025-12-14 17:00:00,18.2,79,2.7,992.0,169.5,174.6,359.80447914259776,17,6,12
2025-12-14 18:00:00,17.3,83,4.5,992.5,200.2,205.8,352.24654178619386,18,6,12
2025-12-14 19:00:00,16.4,84,2.4,992.9,231.9,237.0,340.25675715870324,19,6,12
2025-12-14 20:00:00,16.0,83,2.6,992.9,258.0,263.6,338.5396923458765,20,6,12
2025-12-14 21:00:00,15.4,82,3.2,993.3,269.2,274.7,328.9067257472447,21,6,12
2025-12-14 22:00:00,14.8,83,3.6,993.2,270.1,274.7,329.8140816431197,22,6,12
2025-12-14 23:00:00,14.1,87,4.4,993.2,258.9,263.6,340.136573594714,23,6,12
2025-12-15 00:00:00,13.4,89,3.9,992.9,236.1,241.2,304.7187161869473,0,0,12
2025-12-15 01:00:00,12.7,91,3.3,992.6,216.5,221.2,280.3969168345133,1,0,12
2025-12-15 02:00:00,12.0,92,3.2,992.5,201.2,205.8,309.38784673125656,2,0,12
2025-12-15 03:00:00,11.7,92,3.8,992.1,188.6,192.8,337.5776247942889,3,0,12
2025-12-15 04:00:00,11.2,91,4.0,991.3,177.0,181.1,331.74466675652394,4,0,12
2025-12-15 05:00:00,10.4,93,4.2,991.5,204.0,209.1,255.1128359829938,5,0,12
2025-12-15 06:00:00,9.8,93,4.0,991.8,202.1,206.8,234.71211102803548,6,0,12
2025-12-15 07:00:00,9.6,94,4.0,992.2,210.0,214.7,217.06957643650196,7,0,12
2025-12-15 08:00:00,11.4,90,5.6,992.9,206.8,210.9,177.01987499660916,8,0,12
2025-12-15 09:00:00,14.5,78,5.0,994.0,170.0,172.8,165.21517606664588,9,0,12
2025-12-15 10:00:00,17.2,68,3.1,994.5,143.0,145.8,155.32670146094426,10,0,12
2025-12-15 11:00:00,19.5,59,5.0,994.4,114.6,118.0,154.578125111262,11,0,12
2025-12-15 12:00:00,21.0,52,6.5,993.8,88.7,92.9,201.49096879959106,12,0,12
2025-12-15 13:00:00,21.6,51,7.0,993.0,79.9,83.6,234.03089298066638,13,0,12
2025-12-15 14:00:00,22.0,49,6.9,992.2,76.8,80.1,262.4836313156855,14,0,12
2025-12-15 15:00:00,21.8,49,7.3,991.8,74.7,77.3,292.3226922988892,15,0,12
2025-12-15 16:00:00,20.8,55,5.5,991.5,81.0,82.9,327.11196425907195,16,0,12
2025-12-15 17:00:00,18.6,68,5.1,991.2,87.5,89.2,355.6208209809803,17,0,12
2025-12-15 18:00:00,18.0,70,5.2,991.7,103.1,104.5,358.3865144711449,18,0,12
2025-12-15 19:00:00,17.1,75,5.0,992.3,115.7,116.9,405.09206505292724,19,0,12
2025-12-15 20:00:00,16.2,78,5.4,992.4,126.2,127.1,418.66793489809396,20,0,12
2025-12-15 21:00:00,15.5,80,4.7,992.8,132.2,133.2,420.63252823441115,21,0,12
2025-12-15 22:00:00,14.7,82,5.5,992.7,135.5,136.0,398.6181267169991,22,0,12
2025-12-15 23:00:00,14.5,82,6.5,993.0,132.2,133.2,383.17972863515223,23,0,12
2025-12-16 00:00:00,13.7,83,6.1,992.7,121.1,122.0,355.15819054497615,0,1,12
2025-12-16 01:00:00,13.3,84,6.3,992.4,114.3,115.0,318.0834018750526,1,1,12
2025-12-16 02:00:00,12.5,85,5.7,991.9,109.7,110.4,300.78814250401086,2,1,12
2025-12-16 03:00:00,11.9,85,5.9,991.3,104.8,105.5,285.6979580152602,3,1,12
2025-12-16 04:00:00,11.9,84,6.1,990.6,101.5,102.2,271.7987323760986,4,1,12
2025-12-16 05:00:00,11.2,87,5.9,990.9,92.2,92.9,258.1042149498349,5,1,12
2025-12-16 06:00:00,11.2,86,6.2,991.4,92.0,92.7,221.10502612098816,6,1,12
2025-12-16 07:00:00,10.9,86,5.7,991.6,98.7,99.7,195.37179959917825,7,1,12
2025-12-16 08:00:00,12.2,81,6.6,991.9,106.9,107.8,180.42745709373838,8,1,12
2025-12-16 09:00:00,14.3,73,5.9,992.7,105.0,105.7,185.05361469586688,9,1,12
2025-12-16 10:00:00,16.7,64,3.5,993.1,93.6,95.2,195.04640026477853,10,1,12
2025-12-16 11:00:00,18.8,58,6.0,992.9,78.0,81.0,208.89852385748,11,1,12
2025-12-16 12:00:00,20.4,53,6.4,992.1,65.2,69.2,240.44732652240327,12,1,12
2025-12-16 13:00:00,21.5,49,7.5,991.4,54.2,58.3,267.28291571935017,13,1,12
2025-12-16 14:00:00,22.2,46,7.9,990.8,50.1,53.9,280.404629945755,14,1,12
2025-12-16 15:00:00,22.1,47,8.4,990.5,48.9,52.5,295.28203241030377,15,1,12
2025-12-16 16:00:00,21.2,52,7.0,990.3,51.8,54.6,300.4022415214115,16,1,12
2025-12-16 17:00:00,19.6,59,7.6,989.9,73.6,78.0,285.69849585427175,17,1,12
2025-12-16 18:00:00,18.9,63,7.8,990.4,78.9,82.9,278.30435377756754,18,1,12
2025-12-16 19:00:00,18.1,66,6.7,990.9,84.8,88.5,279.52887557347617,19,1,12
2025-12-16 20:00:00,17.0,68,5.9,991.0,91.7,95.5,278.0787499109904,20,1,12
2025-12-16 21:00:00,16.4,70,5.2,991.4,98.7,102.4,281.64857843716936,21,1,12
2025-12-16 22:00:00,15.6,72,4.6,991.3,104.8,108.5,276.7711875915527,22,1,12
2025-12-16 23:00:00,14.9,77,5.6,991.7,105.9,109.4,276.9423918406169,23,1,12
2025-12-17 00:00:00,14.2,79,5.5,991.8,101.5,104.5,277.36309905052184,0,2,12
2025-12-17 01:00:00,13.8,81,5.6,991.6,98.3,100.8,276.4701667467753,1,2,12
2025-12-17 02:00:00,13.4,82,5.8,991.3,95.0,97.3,291.8926245371501,2,2,12
2025-12-17 03:00:00,13.0,82,6.1,991.1,91.3,93.4,315.3444460921817,3,2,12
2025-12-17 04:00:00,12.4,84,6.0,990.7,86.8,88.7,322.7440153280894,4,2,12
2025-12-17 05:00:00,11.4,87,5.8,990.9,94.8,96.9,279.75206225978,5,2,12
2025-12-17 06:00:00,10.7,88,5.3,991.3,89.6,91.7,262.4788628154331,6,2,12
2025-12-17 07:00:00,10.3,89,3.9,991.5,93.6,96.2,218.7319899559021,7,2,12
2025-12-17 08:00:00,11.7,84,4.0,992.0,100.1,102.7,,8,2,12
2025-12-17 09:00:00,14.0,75,3.4,993.0,97.6,99.4,143.69316671462286,9,2,12
2025-12-17 10:00:00,16.6,66,1.5,993.7,87.1,90.6,151.29560417811075,10,2,12
2025-12-17 11:00:00,18.5,59,2.7,993.8,76.6,81.3,172.2873888545566,11,2,12
2025-12-17 12:00:00,20.4,52,3.0,993.2,62.4,68.2,213.54067358440824,12,2,12
2025-12-17 13:00:00,21.7,49,3.9,992.5,48.8,56.5,244.15770344557586,13,2,12
2025-12-17 14:00:00,22.3,47,3.7,991.8,40.9,50.5,246.69575159188474,14,2,12
2025-12-17 15:00:00,22.3,49,3.5,991.4,40.4,51.0,258.0921601374944,15,2,12
2025-12-17 16:00:00,21.3,66,2.1,991.2,45.5,54.6,254.440211698744,16,2,12
2025-12-17 17:00:00,19.4,66,3.9,990.7,76.6,90.6,252.94943229357403,17,2,12
2025-12-17 18:00:00,19.0,70,3.5,991.2,89.6,103.1,262.57012500762943,18,2,12
2025-12-17 19:00:00,18.5,74,2.4,991.7,98.7,112.9,268.8410202916464,19,2,12
2025-12-17 20:00:00,18.0,76,1.0,991.7,111.3,126.2,284.4672387123108,20,2,12
2025-12-17 21:00:00,16.8,80,2.4,992.0,122.9,138.3,301.0879741403792,21,2,12
2025-12-17 22:00:00,16.0,82,3.5,991.8,130.9,146.7,300.44228686378113,22,2,12
2025-12-17 23:00:00,15.3,80,5.2,992.6,129.9,145.3,320.180238414946,23,2,12
2025-12-18 00:00:00,14.9,80,4.9,992.2,124.8,138.3,333.62152419317334,0,3,12
2025-12-18 01:00:00,14.3,81,4.8,992.4,121.5,134.1,354.9183369425984,1,3,12
2025-12-18 02:00:00,13.8,82,3.3,992.3,118.3,129.0,371.8596559206645,2,3,12
2025-12-18 03:00:00,13.3,85,2.9,992.0,116.9,126.2,398.4751615047455,3,3,12
2025-12-18 04:00:00,12.6,87,2.9,991.7,116.2,124.8,389.3268232345581,4,3,12
2025-12-18 05:00:00,12.3,89,2.0,992.0,148.1,153.7,327.28949259652035,5,3,12
2025-12-18 06:00:00,11.9,90,2.0,992.4,154.1,159.3,298.27479363017613,6,3,12
2025-12-18 07:00:00,11.5,91,2.1,993.0,174.6,179.7,235.35371769702795,7,3,12
2025-12-18 08:00:00,12.3,90,1.3,993.8,204.0,208.6,161.91652088165284,8,3,12
2025-12-18 09:00:00,14.3,80,0.9,994.3,200.7,203.5,115.54768953641256,9,3,12
2025-12-18 10:00:00,17.0,69,0.3,994.7,163.9,166.2,110.43657630496556,10,3,12
2025-12-18 11:00:00,18.8,61,1.8,995.0,137.8,139.7,127.76369966136085,11,3,12
2025-12-18 12:00:00,20.6,53,1.1,994.3,114.8,116.9,167.84232143947057,12,3,12
2025-12-18 13:00:00,21.5,48,1.4,993.5,96.2,98.7,211.79852815355574,13,3,12
2025-12-18 14:00:00,22.0,45,1.9,993.0,84.5,87.1,237.6463401959572,14,3,12
2025-12-18 15:00:00,22.0,46,1.9,992.5,82.4,84.5,285.3906428745815,15,3,12
2025-12-18 16:00:00,21.0,62,0.4,992.3,99.4,100.8,327.3874519711449,16,3,12
2025-12-18 17:00:00,18.7,63,1.3,991.9,152.3,155.1,338.8768697829473,17,3,12
2025-12-18 18:00:00,18.1,67,0.8,992.3,179.7,182.1,340.253047034854,18,3,12
2025-12-18 19:00:00,16.9,71,0.2,992.3,206.3,208.2,331.77454198201497,19,3,12
2025-12-18 20:00:00,15.6,78,0.2,992.5,229.1,230.5,354.3517913182576,20,3,12
2025-12-18 21:00:00,14.3,85,1.5,992.7,247.7,248.7,348.7618340174357,21,3,12
2025-12-18 22:00:00,13.4,90,1.7,992.5,261.7,261.7,347.70864855448406,22,3,12
2025-12-18 23:00:00,12.9,91,1.1,992.5,261.7,261.7,339.2275719642639,23,3,12
2025-12-19 00:00:00,12.9,91,2.1,992.2,244.0,244.0,345.210724041197,0,4,12
2025-12-19 01:00:00,12.6,92,3.3,991.9,217.9,217.9,351.8940448655022,1,4,12
2025-12-19 02:00:00,12.5,91,3.1,991.6,197.0,197.4,339.0844376564026,2,4,12
2025-12-19 03:00:00,12.0,92,3.1,991.2,183.9,183.9,348.98689594268797,3,4,12
2025-12-19 04:00:00,11.5,93,3.4,990.7,178.8,179.3,357.2354881286621,4,4,12
2025-12-19 05:00:00,10.8,95,3.9,991.0,187.2,187.2,360.39971483745273,5,4,12
2025-12-19 06:00:00,10.5,97,2.4,991.0,182.1,182.1,288.56938247680665,6,4,12
2025-12-19 07:00:00,9.9,100,1.3,991.3,197.0,197.0,264.3632181591458,7,4,12
2025-12-19 08:00:00,10.6,97,1.3,991.8,215.6,215.6,257.1063806079683,8,4,12
2025-12-19 09:00:00,11.7,95,1.0,992.0,183.0,183.0,225.84932129269555,9,4,12
2025-12-19 10:00:00,14.8,85,0.9,992.5,148.1,148.1,215.86998680114746,10,4,12
2025-12-19 11:00:00,17.3,72,1.2,992.6,113.9,114.1,233.58376214163644,11,4,12
2025-12-19 12:00:00,19.1,66,3.0,992.0,93.1,94.3,263.911017881121,12,4,12
2025-12-19 13:00:00,19.9,63,2.7,991.2,76.8,78.5,304.84815876370385,13,4,12
2025-12-19 14:00:00,20.3,61,1.6,990.2,68.5,70.1,328.98585611979166,14,4,12
2025-12-19 15:00:00,20.3,61,0.8,989.6,65.9,67.5,332.3298394642179,15,4,12
2025-12-19 16:00:00,19.6,71,1.0,988.8,77.3,78.5,329.0800005594889,16,4,12
2025-12-19 17:00:00,18.6,72,0.4,988.7,121.5,123.9,327.7996986146957,17,4,12
2025-12-19 18:00:00,17.5,77,1.2,988.6,144.4,146.7,331.45873816353935,18,4,12
2025-12-19 19:00:00,16.6,81,0.6,988.8,169.5,171.4,322.2975728352864,19,4,12
2025-12-19 20:00:00,15.4,87,1.5,988.7,192.8,194.2,303.3077496846517,20,4,12
2025-12-19 21:00:00,14.2,94,2.8,988.9,210.0,211.9,310.0030005318778,21,4,12
2025-12-19 22:00:00,13.5,96,3.0,988.5,226.8,228.2,292.76453041638126,22,4,12
2025-12-19 23:00:00,12.7,99,1.1,988.5,231.0,232.4,299.6086426871164,23,4,12
2025-12-20 00:00:00,12.1,99,1.5,988.0,206.3,207.7,311.6150300586034,0,5,12
2025-12-20 01:00:00,11.5,100,2.2,987.6,190.0,190.9,326.49593920026507,1,5,12
2025-12-20 02:00:00,11.3,99,3.1,987.5,180.2,181.1,293.50913415553765,2,5,12
2025-12-20 03:00:00,10.9,99,2.4,987.1,173.2,174.2,294.3393873441787,3,5,12
2025-12-20 04:00:00,10.5,98,1.5,986.6,173.7,175.1,288.27490736378564,4,5,12
2025-12-20 05:00:00,9.7,99,1.1,987.1,156.0,156.9,292.0217346270879,5,5,12
2025-12-20 06:00:00,9.7,100,0.5,987.5,164.8,165.3,286.18401369518705,6,5,12
2025-12-20 07:00:00,9.9,99,1.7,988.2,189.5,190.5,265.276171986262,7,5,12
2025-12-20 08:00:00,10.7,98,2.4,988.6,216.1,217.0,248.2178335931566,8,5,12
2025-12-20 09:00:00,12.2,96,4.0,989.5,184.4,184.9,235.9177240451177,9,5,12
2025-12-20 10:00:00,14.1,91,5.6,989.9,167.2,168.1,224.45200007756551,10,5,12
2025-12-20 11:00:00,13.8,88,2.4,990.6,137.4,138.8,236.92485762172277,11,5,12
2025-12-20 12:00:00,16.1,81,3.6,990.3,112.5,115.3,253.28359186914233,12,5,12
2025-12-20 13:00:00,17.7,75,4.4,989.5,90.6,94.3,258.50762538909913,13,5,12
2025-12-20 14:00:00,18.4,74,4.3,988.9,82.9,86.8,255.9119534333547,14,5,12
2025-12-20 15:00:00,18.6,74,5.2,988.4,82.2,85.7,246.4346665064494,15,5,12
2025-12-20 16:00:00,18.0,78,5.6,988.2,97.3,100.1,235.75353137652078,16,5,12
2025-12-20 17:00:00,15.8,91,3.4,988.6,122.9,124.8,234.9203263176812,17,5,12
2025-12-20 18:00:00,15.3,94,4.4,988.9,141.6,143.4,252.21562509536744,18,5,12
2025-12-20 19:00:00,14.8,95,5.5,989.0,151.8,153.7,263.63499496777854,19,5,12
2025-12-20 20:00:00,14.3,96,6.5,989.4,158.8,160.2,262.1464914189445,20,5,12
2025-12-20 21:00:00,14.0,95,7.5,989.4,161.6,163.0,271.13875068028767,21,5,12
2025-12-20 22:00:00,13.4,95,5.4,989.5,170.0,171.4,258.55145832697553,22,5,12
2025-12-20 23:00:00,13.0,97,5.1,990.1,179.7,181.1,235.0530724843343,23,5,12
2025-12-21 00:00:00,12.8,98,5.8,990.4,185.8,187.2,228.84934211458477,0,6,12
2025-12-21 01:00:00,12.8,99,6.0,990.5,185.8,186.7,228.0066003972834,1,6,12
2025-12-21 02:00:00,12.4,99,5.1,990.2,180.2,181.6,242.36406205495197,2,6,12
2025-12-21 03:00:00,12.5,100,6.4,990.0,174.6,176.0,252.48831157684327,3,6,12
2025-12-21 04:00:00,12.4,100,7.5,989.3,170.4,171.8,256.18681033906483,4,6,12
2025-12-21 05:00:00,11.8,100,3.3,989.7,155.5,156.9,257.6848679961351,5,6,12
2025-12-21 06:00:00,11.7,100,6.6,990.3,151.3,152.7,259.1912299625457,6,6,12
2025-12-21 07:00:00,11.7,100,7.1,990.7,152.7,154.1,263.4828954242525,7,6,12
2025-12-21 08:00:00,11.9,99,7.9,991.3,154.1,156.0,266.3933332534063,8,6,12
2025-12-21 09:00:00,12.6,98,6.7,991.9,157.9,158.8,264.7858694235484,9,6,12
2025-12-21 10:00:00,14.2,90,6.5,992.7,147.1,149.0,259.40073659684924,10,6,12
2025-12-21 11:00:00,15.3,86,5.8,993.1,126.7,129.5,256.80348441600796,11,6,12
2025-12-21 12:00:00,16.7,81,4.0,992.5,101.7,104.8,270.43874950408934,12,6,12
2025-12-21 13:00:00,17.4,77,3.6,992.1,86.6,89.6,272.00398882230127,13,6,12
2025-12-21 14:00:00,18.6,71,5.7,991.5,78.9,81.7,280.3789729542202,14,6,12
2025-12-21 15:00:00,18.5,70,8.1,991.2,77.1,79.6,294.89919847488403,15,6,12
2025-12-21 16:00:00,17.9,74,8.7,990.9,81.5,83.6,305.5717755919755,16,6,12
2025-12-21 17:00:00,16.2,83,7.9,991.4,114.3,118.3,314.10560796525743,17,6,12
2025-12-21 18:00:00,16.0,84,6.5,991.8,125.7,129.5,299.60935395558676,18,6,12
2025-12-21 19:00:00,15.6,86,5.4,992.0,136.0,139.7,294.4136121200793,19,6,12
2025-12-21 20:00:00,14.7,90,4.9,992.0,144.4,148.1,315.96479221979774,20,6,12
2025-12-21 21:00:00,14.1,91,5.0,992.1,150.4,153.7,335.2252189607331,21,6,12
2025-12-21 22:00:00,13.6,92,4.8,992.0,153.2,156.5,321.63835398356116,22,6,12
2025-12-21 23:00:00,13.2,92,4.9,991.7,157.9,161.1,311.2184378306071,23,6,12
2025-12-22 00:00:00,12.3,95,4.0,991.6,161.1,164.8,314.09108334382375,0,0,12
2025-12-22 01:00:00,11.7,97,3.4,991.7,165.8,169.5,293.2389378229777,1,0,12
2025-12-22 02:00:00,11.7,97,1.0,991.6,168.6,171.8,280.93163256115383,2,0,12
2025-12-22 03:00:00,11.0,100,1.7,991.8,161.1,163.9,269.76739278520853,3,0,12
2025-12-22 04:00:00,10.6,100,4.1,991.6,140.2,142.5,308.6954645792643,4,0,12
2025-12-22 05:00:00,11.0,100,1.8,991.8,136.0,138.3,273.17172865145136,5,0,12
2025-12-22 06:00:00,11.1,100,1.7,992.3,128.1,130.9,257.38896850744885,6,0,12
2025-12-22 07:00:00,11.1,100,1.7,992.9,136.4,139.2,259.35768380598586,7,0,12
2025-12-22 08:00:00,11.4,98,2.2,993.0,150.4,153.7,248.57991687456766,8,0,12
2025-12-22 09:00:00,12.7,96,5.6,993.8,134.6,137.4,244.14441138108572,9,0,12
2025-12-22 10:00:00,14.0,93,3.7,994.3,121.5,124.3,238.69348945617676,10,0,12
2025-12-22 11:00:00,15.3,89,2.2,994.2,88.0,91.3,252.88334234555563,11,0,12
2025-12-22 12:00:00,17.4,81,0.2,993.4,58.1,61.2,269.6626519997915,12,0,12
2025-12-22 13:00:00,18.7,77,5.0,992.6,46.1,48.5,295.31852391560875,13,0,12
2025-12-22 14:00:00,19.4,74,4.7,991.8,36.8,39.0,343.71865477789015,14,0,12
2025-12-22 15:00:00,19.5,71,4.5,991.5,34.2,36.2,379.08538319421194,15,0,12
2025-12-22 16:00:00,18.8,72,4.7,990.7,39.8,41.4,393.74843203832233,16,0,12
2025-12-22 17:00:00,17.8,75,3.2,990.1,113.2,115.9,369.5533970545209,17,0,12
2025-12-22 18:00:00,17.0,77,3.6,990.1,132.7,135.5,374.398171971061,18,0,12
2025-12-22 19:00:00,16.5,77,5.4,990.5,129.5,131.8,385.3267653518253,19,0,12
2025-12-22 20:00:00,15.2,81,3.8,990.5,107.1,109.2,386.28505048116045,20,0,12
2025-12-22 21:00:00,14.4,89,3.9,990.9,87.1,88.9,369.17377133687336,21,0,12
2025-12-22 22:00:00,14.1,92,3.0,990.7,75.4,77.1,341.65747433616997,22,0,12
2025-12-22 23:00:00,14.8,86,0.7,991.1,69.2,71.2,332.7476668584914,23,0,12
2025-12-23 00:00:00,14.1,88,1.0,990.7,62.6,65.0,320.66249920073005,0,1,12
2025-12-23 01:00:00,12.8,95,3.9,990.5,59.3,61.7,274.31497790018716,1,1,12
2025-12-23 02:00:00,12.3,97,5.4,990.4,58.7,61.2,277.79502038501556,2,1,12
2025-12-23 03:00:00,12.5,98,6.2,990.4,59.8,62.4,254.765321459089,3,1,12
2025-12-23 04:00:00,12.0,98,6.3,989.9,60.3,62.6,231.16744401719836,4,1,12
2025-12-23 05:00:00,11.5,93,8.5,990.2,59.3,61.7,172.8543821228875,5,1,12
2025-12-23 06:00:00,10.9,93,7.6,990.3,61.9,64.3,131.47439396681608,6,1,12
2025-12-23 07:00:00,10.6,94,7.0,990.8,70.1,72.4,97.9991945054796,7,1,12
2025-12-23 08:00:00,11.5,91,8.4,991.4,79.2,81.5,80.74715290069581,8,1,12
2025-12-23 09:00:00,13.1,83,6.8,992.4,81.0,82.9,66.60710460844494,9,1,12
2025-12-23 10:00:00,15.3,69,7.1,992.9,74.0,76.6,68.83416133401714,10,1,12
2025-12-23 11:00:00,17.3,64,4.6,992.5,59.1,62.6,76.1571905590239,11,1,12
2025-12-23 12:00:00,19.4,58,5.5,992.0,47.6,51.7,92.27108730740017,12,1,12
2025-12-23 13:00:00,20.7,55,6.8,991.1,42.6,47.3,117.8731704047232,13,1,12
2025-12-23 14:00:00,21.2,52,8.5,990.3,42.1,47.5,138.3025223520067,14,1,12
2025-12-23 15:00:00,21.1,50,8.9,990.0,41.7,47.6,150.79979417502474,15,1,12
2025-12-23 16:00:00,20.2,56,7.4,989.6,45.1,49.9,157.25153561183384,16,1,12
2025-12-23 17:00:00,18.0,70,6.0,989.3,44.7,47.0,148.78620031144882,17,1,12
2025-12-23 18:00:00,17.5,72,7.0,989.5,48.8,50.6,143.94053557259696,18,1,12
2025-12-23 19:00:00,16.6,75,7.7,989.8,51.9,53.3,143.93739297049385,19,1,12
2025-12-23 20:00:00,15.9,77,7.9,989.9,54.4,55.4,150.08785041238175,20,1,12
2025-12-23 21:00:00,15.2,78,8.2,989.9,56.7,57.6,158.7604761032831,21,1,12
2025-12-23 22:00:00,14.6,77,8.5,989.9,59.8,60.8,173.31511906215124,22,1,12
2025-12-23 23:00:00,13.9,79,8.0,989.7,60.8,61.5,176.8579523722331,23,1,12
2025-12-24 00:00:00,13.3,80,7.7,989.4,58.7,59.6,187.5717619759696,0,2,12
2025-12-24 01:00:00,12.5,81,7.0,989.0,57.2,58.2,221.58128560384117,1,2,12
2025-12-24 02:00:00,11.7,82,6.1,988.8,54.4,56.0,220.03285696847095,2,2,12
2025-12-24 03:00:00,11.3,82,6.8,988.9,50.5,52.9,223.26730389367967,3,2,12
2025-12-24 04:00:00,10.7,82,6.5,988.4,46.7,49.4,226.81730960664297,4,2,12
2025-12-24 05:00:00,10.2,85,6.8,988.6,40.3,42.4,205.4652640024821,5,2,12
2025-12-24 06:00:00,9.9,84,6.1,988.6,40.9,43.3,143.08736118740504,6,2,12
2025-12-24 07:00:00,9.4,84,5.7,989.0,47.8,50.9,83.8657568083869,7,2,12
2025-12-24 08:00:00,10.3,79,6.9,989.7,54.5,57.5,69.35336350688227,8,2,12
2025-12-24 09:00:00,12.2,71,5.3,990.6,55.1,57.9,66.20446239350335,9,2,12
2025-12-24 10:00:00,14.5,61,3.5,991.2,52.9,55.8,63.51963306911408,10,2,12
2025-12-24 11:00:00,17.2,52,3.9,991.2,51.2,54.1,60.4628392628261,11,2,12
2025-12-24 12:00:00,19.2,45,3.4,990.6,44.8,48.7,93.72973819914318,12,2,12
2025-12-24 13:00:00,20.4,40,4.1,989.8,39.9,44.2,142.35572216699993,13,2,12
2025-12-24 14:00:00,21.0,37,6.2,989.2,36.9,41.3,213.81224941732563,14,2,12
2025-12-24 15:00:00,20.9,38,8.0,989.1,35.9,39.9,234.16807400476364,15,2,12
2025-12-24 16:00:00,20.1,42,7.4,988.7,39.3,42.5,263.7793255760556,16,2,12
2025-12-24 17:00:00,18.0,51,5.8,988.4,43.0,44.9,261.02735726492745,17,2,12
2025-12-24 18:00:00,17.5,53,5.2,988.8,54.9,56.5,234.39771470569426,18,2,12
2025-12-24 19:00:00,16.5,58,5.5,989.0,63.6,65.0,218.16309516543433,19,2,12
2025-12-24 20:00:00,15.5,61,5.5,989.4,70.8,72.9,216.50812513260615,20,2,12
2025-12-24 21:00:00,14.5,63,4.8,989.4,79.4,83.1,229.79100002712676,21,2,12
2025-12-24 22:00:00,13.5,66,4.0,989.2,93.1,97.1,246.11147202385794,22,2,12
2025-12-24 23:00:00,12.5,70,5.6,989.8,102.9,106.9,235.4375003390842,23,2,12
2025-12-25 00:00:00,11.9,73,5.4,989.5,102.0,105.7,215.943916744656,0,3,12
2025-12-25 01:00:00,11.3,74,5.6,989.2,93.6,97.1,220.63377074135676,1,3,12
2025-12-25 02:00:00,10.8,76,5.5,988.7,84.5,87.8,253.55988880793254,2,3,12
2025-12-25 03:00:00,10.3,78,5.5,988.7,78.2,81.5,277.0739779747857,3,3,12
2025-12-25 04:00:00,9.7,80,5.9,988.2,73.8,76.8,263.9410580825806,4,3,12
2025-12-25 05:00:00,8.8,86,6.0,988.7,72.6,75.4,223.08754919264052,5,3,12
2025-12-25 06:00:00,8.6,87,5.5,989.0,66.8,69.2,171.2832778506809,6,3,12
2025-12-25 07:00:00,8.3,86,4.3,989.7,72.9,75.2,148.40455559624567,7,3,12
2025-12-25 08:00:00,9.4,82,4.1,990.6,85.0,87.3,151.5023333231608,8,3,12
2025-12-25 09:00:00,11.9,70,3.3,991.8,79.2,81.5,121.9184837517915,9,3,12
2025-12-25 10:00:00,14.6,58,1.1,992.4,68.9,72.2,111.76476398044163,10,3,12
2025-12-25 11:00:00,17.2,49,3.4,992.4,62.6,65.4,129.7903091430664,11,3,12
2025-12-25 12:00:00,19.3,40,4.0,991.9,55.4,56.6,147.46342507680257,12,3,12
2025-12-25 13:00:00,20.3,35,4.8,991.0,47.1,47.6,179.00046651204428,13,3,12
2025-12-25 14:00:00,20.8,32,4.1,990.3,40.7,41.4,199.60392300330267,14,3,12
2025-12-25 15:00:00,20.8,33,3.7,990.0,39.2,39.9,240.54001796628222,15,3,12
2025-12-25 16:00:00,20.0,38,4.9,990.0,49.0,49.5,253.22225016276042,16,3,12
2025-12-25 17:00:00,17.5,50,3.1,989.6,63.1,63.6,261.6577667744954,17,3,12
2025-12-25 18:00:00,16.9,56,4.4,990.3,74.3,74.5,266.442129417702,18,3,12
2025-12-25 19:00:00,16.2,62,4.2,990.4,84.8,85.4,288.72101247382886,19,3,12
2025-12-25 20:00:00,15.7,65,2.7,990.6,97.8,99.0,318.6855672709147,20,3,12
2025-12-25 21:00:00,15.1,69,2.4,991.0,108.0,110.4,307.98992034912106,21,3,12
2025-12-25 22:00:00,14.1,74,2.7,991.0,119.0,122.5,316.4169458325704,22,3,12
2025-12-25 23:00:00,13.9,78,0.4,991.3,125.7,129.9,313.26704364847257,23,3,12
2025-12-26 00:00:00,13.0,81,1.1,991.1,124.3,129.0,306.1166937086317,0,4,12
2025-12-26 01:00:00,12.0,86,2.0,990.9,124.3,128.5,326.26917163707594,1,4,12
2025-12-26 02:00:00,11.1,89,1.7,990.6,125.3,129.9,344.8143331739637,2,4,12
2025-12-26 03:00:00,10.8,90,1.0,990.6,126.7,131.3,341.0302200917845,3,4,12
2025-12-26 04:00:00,10.4,92,1.0,990.2,125.3,129.9,322.15045854780413,4,4,12
2025-12-26 05:00:00,9.9,95,1.8,990.1,139.2,142.5,327.3021734237671,5,4,12
2025-12-26 06:00:00,9.9,95,1.0,990.2,142.0,145.8,265.94442372095017,6,4,12
2025-12-26 07:00:00,9.7,96,1.1,990.7,163.4,167.6,235.17046043153795,7,4,12
2025-12-26 08:00:00,10.0,93,2.6,991.7,191.9,196.0,201.3683962492509,8,4,12
2025-12-26 09:00:00,12.9,78,1.5,993.0,164.8,170.0,158.9399856381946,9,4,12
2025-12-26 10:00:00,15.7,66,1.4,993.7,115.7,118.3,142.12951038678486,10,4,12
2025-12-26 11:00:00,18.0,56,2.5,993.5,88.7,89.4,152.12199502786,11,4,12
2025-12-26 12:00:00,20.1,46,2.4,992.7,69.4,70.3,190.1397604306539,12,4,12
2025-12-26 13:00:00,21.1,40,3.5,992.0,53.7,54.5,226.25037552515664,13,4,12
2025-12-26 14:00:00,21.5,39,4.5,991.2,47.5,48.3,260.4232295672099,14,4,12
2025-12-26 15:00:00,21.3,40,4.1,990.7,46.3,47.1,298.4371341633074,15,4,12
2025-12-26 16:00:00,20.6,43,4.4,990.4,54.7,55.3,322.7983091808501,16,4,12
2025-12-26 17:00:00,18.3,52,4.2,990.0,104.5,106.2,356.7954527355376,17,4,12
2025-12-26 18:00:00,17.6,56,4.8,990.7,132.2,133.6,391.9899274190267,18,4,12
2025-12-26 19:00:00,16.8,62,4.1,991.1,149.9,151.3,388.2318263724998,19,4,12
2025-12-26 20:00:00,15.8,67,3.7,991.2,161.1,162.5,361.02178298102484,20,4,12
2025-12-26 21:00:00,14.9,72,3.1,991.5,166.7,168.1,340.11980484856497,21,4,12
2025-12-26 22:00:00,13.9,77,2.5,991.3,174.6,176.0,352.09211798773873,22,4,12
2025-12-26 23:00:00,13.0,82,2.6,991.4,179.3,180.7,369.1277495066325,23,4,12
2025-12-27 00:00:00,12.3,86,2.1,991.0,171.8,173.2,386.5827507442898,0,5,12
2025-12-27 01:00:00,11.5,89,0.7,990.8,163.9,165.3,407.3949719746907,1,5,12
2025-12-27 02:00:00,10.7,92,0.4,990.8,156.9,158.8,428.4160556369358,2,5,12
2025-12-27 03:00:00,10.1,94,1.1,990.6,148.5,150.4,442.7747050073412,3,5,12
2025-12-27 04:00:00,9.8,95,1.9,990.1,140.2,141.6,422.76280500623915,4,5,12
2025-12-27 05:00:00,9.2,95,3.7,990.1,139.2,141.1,304.12969415452744,5,5,12
2025-12-27 06:00:00,9.0,96,3.3,990.3,133.2,135.0,220.8772964760109,6,5,12
2025-12-27 07:00:00,8.7,96,3.3,991.0,140.6,142.5,164.44989601771036,7,5,12
2025-12-27 08:00:00,9.7,95,4.6,991.6,153.2,154.6,138.54385183828848,8,5,12
2025-12-27 09:00:00,12.1,83,3.1,992.5,141.6,142.5,136.94203708789965,9,5,12
2025-12-27 10:00:00,15.2,69,2.0,993.1,131.3,132.2,147.13542596322517,10,5,12
2025-12-27 11:00:00,17.2,59,3.9,993.2,108.0,109.2,174.33299075939036,11,5,12
2025-12-27 12:00:00,19.0,51,5.2,992.5,87.5,88.7,215.626730534387,12,5,12
2025-12-27 13:00:00,19.8,47,6.5,991.8,71.7,72.9,265.0615772973924,13,5,12
2025-12-27 14:00:00,19.8,48,7.0,991.1,66.4,67.3,291.68776770092194,14,5,12
2025-12-27 15:00:00,19.9,48,7.1,990.7,65.2,66.1,320.77888067336306,15,5,12
2025-12-27 16:00:00,19.2,51,6.7,990.6,72.2,72.6,344.44194628397616,16,5,12
2025-12-27 17:00:00,17.1,66,3.6,989.9,95.5,96.2,359.66533924543944,17,5,12
2025-12-27 18:00:00,17.0,66,2.2,990.4,109.0,109.7,384.82973811679415,18,5,12
2025-12-27 19:00:00,16.3,68,1.4,990.7,119.2,119.7,400.0734763009208,19,5,12
2025-12-27 20:00:00,15.5,71,1.9,991.0,129.0,129.9,388.7936671918948,20,5,12
2025-12-27 21:00:00,14.7,74,1.7,991.2,137.8,138.3,356.124969138934,21,5,12
2025-12-27 22:00:00,13.6,79,2.0,991.3,147.6,148.1,353.5673972114684,22,5,12
2025-12-27 23:00:00,12.9,83,1.3,991.1,154.1,155.1,345.9428945414225,23,5,12
2025-12-28 00:00:00,12.0,86,1.3,991.0,154.6,155.5,342.85611812046596,0,6,12
2025-12-28 01:00:00,11.4,89,0.5,990.4,156.0,156.5,342.7853741782052,1,6,12
2025-12-28 02:00:00,10.8,91,0.9,990.6,156.9,157.9,336.22718625749854,2,6,12
2025-12-28 03:00:00,10.2,93,1.4,990.5,156.5,156.9,368.69062440054756,3,6,12
2025-12-28 04:00:00,9.5,93,2.7,990.0,154.6,155.1,415.6100551181369,4,6,12
2025-12-28 05:00:00,8.8,97,1.6,990.1,156.9,157.4,404.50422282748747,5,6,12
2025-12-28 06:00:00,7.7,100,0.7,990.5,159.7,160.2,363.1477349871681,6,6,12
2025-12-28 07:00:00,7.0,99,0.6,991.1,174.6,175.1,382.0254664950901,7,6,12
2025-12-28 08:00:00,6.9,99,1.3,991.8,191.4,192.8,329.62990327108474,8,6,12
2025-12-28 09:00:00,9.2,97,2.0,992.6,176.0,177.4,319.0859875542777,9,6,12
2025-12-28 10:00:00,12.3,86,1.8,993.5,152.3,152.7,299.7845679510207,10,6,12
2025-12-28 11:00:00,15.6,67,2.9,993.7,115.3,115.5,312.5112150757401,11,6,12
2025-12-28 12:00:00,17.6,57,2.8,993.3,86.6,86.8,324.81589382312916,12,6,12
2025-12-28 13:00:00,18.6,52,3.2,992.5,70.5,70.8,333.0052227444119,13,6,12
2025-12-28 14:00:00,19.0,49,3.4,991.8,62.6,62.9,351.8584762331039,14,6,12
2025-12-28 15:00:00,19.0,48,2.8,991.3,60.8,61.0,352.92512146985086,15,6,12
2025-12-28 16:00:00,18.5,55,1.5,991.3,71.9,72.2,354.31623714606656,16,6,12
2025-12-28 17:00:00,16.5,69,0.5,990.7,114.8,115.5,368.981947235834,17,6,12
2025-12-28 18:00:00,15.8,73,0.5,991.2,139.7,140.2,365.96145853315085,18,6,12
2025-12-28 19:00:00,14.9,78,0.5,991.6,162.5,163.0,358.7310430320311,19,6,12
2025-12-28 20:00:00,14.6,80,0.2,991.7,183.5,183.9,324.1518444242932,20,6,12
2025-12-28 21:00:00,13.3,84,0.9,992.0,193.7,194.2,294.93768880879895,21,6,12
2025-12-28 22:00:00,11.7,92,3.5,991.8,195.6,196.5,265.37569020589194,22,6,12
2025-12-28 23:00:00,10.4,96,2.9,991.5,183.9,185.3,267.00202378772553,23,6,12
2025-12-29 00:00:00,9.7,98,2.2,991.7,167.2,169.0,287.33348952536977,0,0,12
2025-12-29 01:00:00,8.9,100,3.8,991.4,156.5,157.4,296.73842893327986,1,0,12
2025-12-29 02:00:00,8.5,100,1.7,991.3,146.7,147.6,263.1018519446963,2,0,12
2025-12-29 03:00:00,7.8,100,0.4,990.9,138.3,139.2,310.63366775512696,3,0,12
2025-12-29 04:00:00,7.2,99,2.8,990.3,130.4,131.3,357.0486111619737,4,0,12
2025-12-29 05:00:00,7.5,98,1.7,990.2,130.4,130.9,354.436865234375,5,0,12
2025-12-29 06:00:00,7.3,98,2.7,990.5,126.7,127.1,396.78813750655564,6,0,12
2025-12-29 07:00:00,7.2,99,2.6,990.7,138.3,138.8,382.9091526879204,7,0,12
2025-12-29 08:00:00,7.9,98,1.4,991.4,154.6,155.1,342.130611038208,8,0,12
2025-12-29 09:00:00,9.2,97,2.9,992.5,145.3,145.3,271.44270212963374,9,0,12
2025-12-29 10:00:00,10.5,97,3.3,993.5,137.4,137.8,317.9633458051732,10,0,12
2025-12-29 11:00:00,12.1,90,1.2,993.3,119.7,120.1,306.98216637505425,11,0,12
2025-12-29 12:00:00,14.8,76,1.5,992.7,101.0,101.5,319.3780350049337,12,0,12
2025-12-29 13:00:00,16.6,66,2.0,991.9,85.9,86.6,338.3934279928402,13,0,12
2025-12-29 14:00:00,17.2,61,1.9,991.2,74.7,75.4,367.4370553334554,14,0,12
2025-12-29 15:00:00,17.1,61,2.6,990.7,71.2,71.9,381.0071906680152,15,0,12
2025-12-29 16:00:00,16.8,63,3.1,990.6,83.1,83.8,387.66968986874537,16,0,12
2025-12-29 17:00:00,15.4,74,1.5,989.9,134.6,135.0,393.6809284755162,17,0,12
2025-12-29 18:00:00,15.0,75,0.7,990.0,146.2,146.2,383.09543696812216,18,0,12
2025-12-29 19:00:00,13.6,79,0.6,990.7,167.6,167.6,349.21169545814473,19,0,12
2025-12-29 20:00:00,12.5,84,0.4,990.9,179.3,179.7,317.43346788315546,20,0,12
2025-12-29 21:00:00,11.2,90,2.0,990.9,193.2,193.2,299.6517846213447,21,0,12
2025-12-29 22:00:00,10.4,93,1.1,990.8,216.5,216.5,297.9468746609158,22,0,12
2025-12-29 23:00:00,10.2,94,0.4,991.1,233.3,233.3,279.4139512168037,23,0,12
2025-12-30 00:00:00,10.0,95,0.3,990.6,231.0,231.0,258.3092311576561,0,1,12
2025-12-30 01:00:00,9.9,95,0.2,990.4,221.2,221.2,247.89486100938583,1,1,12
2025-12-30 02:00:00,9.3,99,0.9,990.2,210.9,210.9,254.19038878546823,2,1,12
2025-12-30 03:00:00,8.7,100,1.4,989.8,204.0,204.0,264.8327221340603,3,1,12
2025-12-30 04:00:00,8.5,99,3.0,988.9,200.2,200.2,,4,1,12
2025-12-30 05:00:00,7.0,99,1.0,988.9,236.6,236.6,330.429273387364,5,1,12
2025-12-30 06:00:00,7.2,99,0.4,989.1,238.4,238.4,330.66567884172713,6,1,12
2025-12-30 07:00:00,8.0,99,1.8,989.6,261.7,261.7,341.15086454361204,7,1,12
2025-12-30 08:00:00,8.4,98,2.4,989.7,297.1,297.1,296.2155077616374,8,1,12
2025-12-30 09:00:00,9.7,98,1.5,990.4,280.3,280.3,248.01672727824288,9,1,12
2025-12-30 10:00:00,12.6,92,0.7,990.9,196.5,197.0,226.52044041951496,10,1,12
2025-12-30 11:00:00,14.1,83,1.4,990.6,146.2,146.7,253.77522231207953,11,1,12
2025-12-30 12:00:00,16.8,68,2.2,989.5,111.1,111.3,269.3229082507179,12,1,12
2025-12-30 13:00:00,18.1,62,4.8,988.5,93.1,93.4,294.36826240902855,13,1,12
2025-12-30 14:00:00,18.7,59,5.4,987.6,81.5,81.7,326.2954532078334,14,1,12
2025-12-30 15:00:00,18.8,59,6.2,987.0,75.7,75.9,375.0057397760232,15,1,12
2025-12-30 16:00:00,18.1,63,5.3,986.9,82.4,82.7,400.8974896809411,16,1,12
2025-12-30 17:00:00,15.9,76,5.0,986.6,106.6,107.3,397.2564325362917,17,1,12
2025-12-30 18:00:00,14.9,79,5.3,986.8,118.3,119.0,,18,1,12
2025-12-30 19:00:00,14.1,81,4.4,987.0,130.4,131.3,395.4398030780611,19,1,12
2025-12-30 20:00:00,13.3,83,3.1,987.1,144.4,145.3,404.1050000871931,20,1,12
2025-12-30 21:00:00,12.4,85,2.9,987.1,152.7,153.2,416.32063589550205,21,1,12
2025-12-30 22:00:00,11.4,88,3.6,987.1,158.3,159.3,410.89185060773576,22,1,12
2025-12-30 23:00:00,11.5,87,3.6,987.4,162.1,163.0,428.17651920731447,23,1,12
2025-12-31 00:00:00,11.4,87,4.6,986.9,159.3,159.7,448.37995561387805,0,2,12
2025-12-31 01:00:00,11.2,87,5.0,986.8,158.8,159.3,434.37263861762153,1,2,12
2025-12-31 02:00:00,10.8,87,3.7,986.4,158.8,159.3,416.7731380886501,2,2,12
2025-12-31 03:00:00,10.4,90,2.6,986.1,156.9,157.4,381.4392966497512,3,2,12
2025-12-31 04:00:00,10.0,91,2.4,985.4,156.9,157.9,338.72945840623646,4,2,12
2025-12-31 05:00:00,10.4,92,0.2,985.2,183.9,184.9,282.0947504679362,5,2,12
2025-12-31 06:00:00,9.9,94,2.3,985.4,191.4,192.3,248.25484720865884,6,2,12
2025-12-31 07:00:00,9.5,96,2.1,985.5,201.2,202.1,241.676680416531,7,2,12
2025-12-31 08:00:00,9.9,96,2.0,985.8,201.6,203.0,233.8778057946099,8,2,12
2025-12-31 09:00:00,11.3,92,4.3,986.7,190.5,190.9,228.4842962931073,9,2,12
2025-12-31 10:00:00,12.7,88,3.6,987.5,182.1,182.5,235.3731265022641,10,2,12
2025-12-31 11:00:00,14.3,82,2.0,987.8,161.1,161.6,246.73506558736167,11,2,12
2025-12-31 12:00:00,15.2,78,2.2,987.4,148.5,149.5,255.34725655147005,12,2,12
2025-12-31 13:00:00,15.1,80,4.7,986.6,143.0,143.4,257.1065319818164,13,2,12
2025-12-31 14:00:00,15.4,81,6.2,985.7,137.8,138.8,271.7946059393504,14,2,12
2025-12-31 15:00:00,15.2,82,7.6,985.1,128.5,129.5,281.0082617260161,15,2,12
2025-12-31 16:00:00,14.7,86,6.1,984.9,130.4,131.3,289.03430940052823,16,2,12
2025-12-31 17:00:00,13.3,92,6.9,985.4,151.8,152.3,290.9439699850041,17,2,12
2025-12-31 18:00:00,12.8,94,8.1,985.5,148.1,148.5,303.53779116708995,18,2,12
2025-12-31 19:00:00,12.6,94,9.4,985.9,146.2,146.7,309.0188217163086,19,2,12
2025-12-31 20:00:00,12.3,92,8.3,985.8,138.3,138.3,312.43860790918745,20,2,12
2025-12-31 21:00:00,11.9,94,4.3,986.6,126.2,126.7,309.61126420157296,21,2,12
2025-12-31 22:00:00,10.6,95,1.6,986.7,119.2,120.1,305.5439075106666,22,2,12
2025-12-31 23:00:00,11.0,98,3.3,986.8,115.3,116.2,297.77246237255275,23,2,12
2026-01-01 00:00:00,11.0,98,4.3,986.7,106.9,107.8,286.448307321942,0,3,1
2026-01-01 01:00:00,10.9,98,9.0,986.8,99.7,101.0,270.4140774499802,1,3,1
2026-01-01 02:00:00,11.0,98,9.5,986.7,94.1,95.7,257.4393396650042,2,3,1
2026-01-01 03:00:00,10.8,98,10.2,986.8,90.3,92.0,259.0870040954106,3,3,1
2026-01-01 04:00:00,10.6,99,8.8,986.4,81.3,83.1,259.14341590154737,4,3,1
2026-01-01 05:00:00,10.1,97,7.6,986.6,108.7,109.9,263.4863559563267,5,3,1
2026-01-01 06:00:00,10.1,97,5.4,987.1,111.1,112.5,274.47842691512335,6,3,1
2026-01-01 07:00:00,10.4,98,6.3,987.9,117.3,118.5,273.95343257964606,7,3,1
2026-01-01 08:00:00,11.0,97,9.3,988.3,123.4,124.3,267.5460497205219,8,3,1
2026-01-01 09:00:00,11.9,94,10.4,989.4,119.7,120.6,256.708490483723,9,3,1
2026-01-01 10:00:00,12.5,92,9.4,990.2,114.6,115.9,249.84237170835743,10,3,1
2026-01-01 11:00:00,12.4,87,9.9,990.9,101.0,102.9,247.236976258249,11,3,1
2026-01-01 12:00:00,12.7,86,8.9,990.4,96.4,98.7,253.95534197489422,12,3,1
2026-01-01 13:00:00,13.1,85,6.9,990.0,88.7,93.1,256.04001053704155,13,3,1
2026-01-01 14:00:00,13.5,84,4.8,989.7,77.8,82.4,248.87097942034404,14,3,1
2026-01-01 15:00:00,13.8,82,3.5,989.6,82.2,88.2,267.5770510979029,15,3,1
2026-01-01 16:00:00,13.9,82,3.2,989.4,85.2,92.2,274.6061870892843,16,3,1
2026-01-01 17:00:00,12.9,89,0.9,989.6,122.0,127.1,285.2512710730235,17,3,1
2026-01-01 18:00:00,12.7,93,3.8,990.2,150.4,155.5,270.59393043518065,18,3,1
2026-01-01 19:00:00,12.4,95,3.1,990.5,172.3,177.0,245.93711977799734,19,3,1
2026-01-01 20:00:00,10.9,98,1.8,990.8,184.9,189.1,248.30051800864086,20,3,1
2026-01-01 21:00:00,10.3,99,1.3,991.2,192.8,196.5,253.93585684640067,21,3,1
2026-01-01 22:00:00,9.0,100,4.1,991.2,200.2,203.5,256.29971458798366,22,3,1
2026-01-01 23:00:00,10.7,99,5.3,991.8,193.2,196.0,250.8965157160683,23,3,1
2026-01-02 00:00:00,10.7,99,6.2,991.9,179.3,182.1,275.01073790050685,0,4,1
2026-01-02 01:00:00,10.2,99,6.5,991.6,168.6,171.4,245.92800207894945,1,4,1
2026-01-02 02:00:00,10.0,97,5.6,991.6,162.1,164.4,255.35897246466743,2,4,1
2026-01-02 03:00:00,10.0,98,3.5,991.4,157.4,160.2,286.85144437759647,3,4,1
2026-01-02 04:00:00,9.8,98,1.4,990.9,155.5,158.3,289.5441964194888,4,4,1
2026-01-02 05:00:00,9.8,96,3.2,991.0,191.4,195.6,226.52722535504236,5,4,1
2026-01-02 06:00:00,9.8,96,3.6,991.6,187.7,191.4,187.15286795828078,6,4,1
2026-01-02 07:00:00,9.7,95,4.7,992.2,186.3,189.5,173.2029913134045,7,4,1
2026-01-02 08:00:00,9.8,94,5.8,992.7,180.2,183.5,158.36332628462048,8,4,1
2026-01-02 09:00:00,10.0,97,6.6,993.6,185.3,187.2,153.3907082716624,9,4,1
2026-01-02 10:00:00,11.1,93,7.3,994.5,166.2,169.0,150.18190966500177,10,4,1
2026-01-02 11:00:00,12.4,87,7.5,995.2,114.1,117.6,157.22620444875776,11,4,1
2026-01-02 12:00:00,13.2,85,6.1,994.3,70.8,75.2,195.51327092306954,12,4,1
2026-01-02 13:00:00,14.4,80,6.3,993.5,58.9,63.3,224.7995902803209,13,4,1
2026-01-02 14:00:00,15.3,74,5.6,992.9,56.6,61.2,219.45944126880528,14,4,1
2026-01-02 15:00:00,15.8,71,3.7,992.4,55.2,60.1,214.83088388707904,15,4,1
2026-01-02 16:00:00,15.8,71,4.0,992.1,59.8,64.3,208.53155584865146,16,4,1
2026-01-02 17:00:00,14.4,82,4.1,991.7,96.4,102.2,220.0206844753689,17,4,1
2026-01-02 18:00:00,13.2,85,4.0,991.5,124.8,130.9,215.5949165503184,18,4,1
2026-01-02 19:00:00,12.4,87,4.2,992.3,149.0,154.6,212.88448977470398,19,4,1
2026-01-02 20:00:00,11.8,89,4.5,992.5,149.0,154.1,201.02512458165486,20,4,1
2026-01-02 21:00:00,11.2,92,5.5,992.8,149.9,155.1,181.9733229001363,21,4,1
2026-01-02 22:00:00,10.8,93,5.2,992.7,156.0,161.6,180.66752590338388,22,4,1
2026-01-02 23:00:00,10.0,98,5.1,992.7,158.3,163.4,178.96254161198934,23,4,1
2026-01-03 00:00:00,10.0,97,5.2,992.6,151.8,156.5,197.97773610221014,0,5,1
2026-01-03 01:00:00,9.7,98,4.3,992.2,144.8,149.5,193.62594266732535,1,5,1
2026-01-03 02:00:00,9.2,99,5.0,992.2,141.6,146.2,193.7687015745375,2,5,1
2026-01-03 03:00:00,8.6,100,5.2,992.0,141.6,145.8,182.57610239717695,3,5,1
2026-01-03 04:00:00,8.6,100,4.9,991.3,142.5,146.2,164.07376390033298,4,5,1
2026-01-03 05:00:00,8.5,100,4.5,991.4,152.7,157.4,174.14129344887203,5,5,1
2026-01-03 06:00:00,8.3,100,4.0,991.4,158.3,163.0,166.63708166811202,6,5,1
2026-01-03 07:00:00,8.1,100,3.6,991.8,172.3,177.0,163.3433750152588,7,5,1
2026-01-03 08:00:00,9.2,99,4.5,992.6,187.7,190.9,176.90524622599284,8,5,1
2026-01-03 09:00:00,10.4,96,3.8,993.4,189.5,191.4,187.0463155019851,9,5,1
2026-01-03 10:00:00,12.4,89,2.6,993.9,163.9,165.8,180.3711782727923,10,5,1
2026-01-03 11:00:00,13.7,83,2.8,994.2,119.7,120.6,176.16216692243304,11,5,1
2026-01-03 12:00:00,15.3,77,3.4,993.6,80.3,81.0,181.37832973480224,12,5,1
2026-01-03 13:00:00,16.3,71,4.0,992.8,56.6,57.6,188.39312499818348,13,5,1
2026-01-03 14:00:00,16.9,65,4.8,992.3,46.1,48.0,203.88357115246,14,5,1
2026-01-03 15:00:00,17.0,63,5.0,991.8,41.6,44.1,232.41273752848306,15,5,1
2026-01-03 16:00:00,16.5,65,3.8,991.7,45.1,47.6,222.56098203204925,16,5,1
2026-01-03 17:00:00,14.5,78,1.8,991.7,86.1,90.6,215.80749607388935,17,5,1
2026-01-03 18:00:00,13.2,82,2.5,992.3,111.3,115.5,192.61313089643207,18,5,1
2026-01-03 19:00:00,12.0,86,4.6,992.6,135.0,139.2,181.36385716029577,19,5,1
2026-01-03 20:00:00,11.1,90,4.7,992.9,160.7,165.3,169.71854760306223,20,5,1
2026-01-03 21:00:00,10.5,92,3.7,993.4,185.3,190.0,147.14922028496153,21,5,1
2026-01-03 22:00:00,9.8,95,3.7,993.3,203.5,208.2,129.28623440265656,22,5,1
2026-01-03 23:00:00,9.4,100,3.6,993.7,205.4,210.5,126.43922222985162,23,5,1
2026-01-04 00:00:00,9.6,99,2.2,993.5,195.1,199.8,125.36135422388713,0,6,1
2026-01-04 01:00:00,9.2,100,2.2,993.2,188.1,193.2,131.50741659800212,1,6,1
2026-01-04 02:00:00,8.9,100,1.5,993.1,183.5,189.1,127.35845320224762,2,6,1
2026-01-04 03:00:00,8.7,100,1.1,992.9,178.3,183.5,126.93871424538749,3,6,1
2026-01-04 04:00:00,8.4,100,1.0,992.6,170.9,176.5,130.95609537760419,4,6,1
2026-01-04 05:00:00,8.6,100,3.8,992.7,162.1,167.2,126.17119060698009,5,6,1
2026-01-04 06:00:00,9.0,99,3.9,993.0,152.7,157.9,112.45042855398995,6,6,1
2026-01-04 07:00:00,9.0,100,3.0,993.5,155.5,160.7,106.16229167211624,7,6,1
2026-01-04 08:00:00,9.3,99,2.3,994.2,168.1,173.2,110.3468711338346,8,6,1
2026-01-04 09:00:00,10.0,98,2.5,995.1,162.5,165.8,120.54733341534933,9,6,1
2026-01-04 10:00:00,11.1,98,2.9,995.8,146.7,150.4,,10,6,1
2026-01-04 11:00:00,12.5,90,3.2,996.3,126.7,130.4,135.06856429047056,11,6,1
2026-01-04 12:00:00,14.6,79,4.5,995.5,106.9,110.6,135.8543958346049,12,6,1
2026-01-04 13:00:00,15.7,71,4.6,994.5,85.2,90.1,153.8651041984558,13,6,1
2026-01-04 14:00:00,16.2,67,4.3,994.0,74.0,79.2,155.26079173088073,14,6,1
2026-01-04 15:00:00,16.4,65,4.5,993.5,71.0,76.1,161.35284908536883,15,6,1
2026-01-04 16:00:00,16.1,66,3.8,993.3,77.8,82.0,168.7613571166992,16,6,1
2026-01-04 17:00:00,14.2,78,1.0,993.4,125.7,131.3,163.83540917929116,17,6,1
2026-01-04 18:00:00,13.2,81,0.0,994.0,152.7,157.9,176.53614283970424,18,6,1
2026-01-04 19:00:00,11.8,87,2.6,994.5,178.3,183.9,189.85766654241652,19,6,1
2026-01-04 20:00:00,10.6,91,3.3,994.9,208.2,213.7,205.2033333551316,20,6,1
2026-01-04 21:00:00,9.8,94,3.0,995.6,235.6,241.2,216.7502013565658,21,6,1
2026-01-04 22:00:00,9.1,96,2.8,995.5,260.8,267.3,219.36554776146298,22,6,1
2026-01-04 23:00:00,9.2,100,4.1,995.5,274.7,280.3,171.70261898949033,23,6,1
2026-01-05 00:00:00,9.6,100,3.1,995.6,271.0,276.6,129.48892854963032,0,0,1
2026-01-05 01:00:00,9.3,99,2.6,995.4,266.4,271.9,116.83359531220935,1,0,1
2026-01-05 02:00:00,9.2,99,1.8,995.2,265.4,271.9,123.25753566196987,2,0,1
2026-01-05 03:00:00,9.3,98,1.4,995.3,264.5,271.0,127.66073808215913,3,0,1
2026-01-05 04:00:00,9.3,100,2.2,995.3,250.5,257.0,112.37828565325056,4,0,1
2026-01-05 05:00:00,8.5,100,3.7,994.8,234.2,241.2,123.09596616411966,5,0,1
2026-01-05 06:00:00,8.7,99,4.0,995.1,236.1,242.1,123.37675394936214,6,0,1
2026-01-05 07:00:00,8.3,99,3.1,995.6,249.6,256.1,130.46332819461824,7,0,1
2026-01-05 08:00:00,8.8,98,1.8,996.1,266.4,271.0,134.5115238008045,8,0,1
2026-01-05 09:00:00,10.0,95,2.6,996.7,238.0,241.2,130.19311890375047,9,0,1
2026-01-05 10:00:00,11.1,98,3.6,997.2,221.7,225.4,123.51749399276007,10,0,1
2026-01-05 11:00:00,12.9,90,4.0,997.4,171.4,177.0,130.4279584566752,11,0,1
2026-01-05 12:00:00,14.9,81,6.1,996.7,124.8,130.9,132.6132440203712,12,0,1
2026-01-05 13:00:00,16.1,72,7.1,996.0,93.8,99.2,132.473047601609,13,0,1
2026-01-05 14:00:00,16.6,68,6.7,995.5,79.6,84.1,123.10199409666517,14,0,1
2026-01-05 15:00:00,16.6,65,6.5,994.9,72.2,76.1,116.14289063757116,15,0,1
2026-01-05 16:00:00,16.3,66,4.3,994.5,74.7,78.0,121.87784543302325,16,0,1
2026-01-05 17:00:00,14.3,77,2.7,994.4,141.1,146.7,131.05411801868016,17,0,1
2026-01-05 18:00:00,13.0,81,2.7,994.7,138.8,143.9,134.24678644339247,18,0,1
2026-01-05 19:00:00,12.3,85,2.9,995.0,149.0,154.6,147.82018744150798,19,0,1
2026-01-05 20:00:00,11.6,88,3.1,995.2,158.3,163.9,158.87716674804688,20,0,1
2026-01-05 21:00:00,11.0,89,2.2,995.3,164.8,170.9,169.56479187011718,21,0,1
2026-01-05 22:00:00,10.4,91,2.7,995.0,173.7,179.7,197.2078537940979,22,0,1
2026-01-05 23:00:00,9.8,93,4.8,994.8,177.4,183.9,215.137145614624,23,0,1
2026-01-06 00:00:00,9.6,93,3.1,994.5,175.6,182.1,183.94343748092652,0,1,1
2026-01-06 01:00:00,9.3,93,3.3,994.3,171.8,177.9,168.73204148610432,1,1,1
2026-01-06 02:00:00,8.8,94,3.4,994.0,167.2,173.2,186.45280883577135,2,1,1
2026-01-06 03:00:00,7.9,98,3.6,993.8,165.3,170.4,203.63472924232485,3,1,1
2026-01-06 04:00:00,7.4,100,2.7,993.7,161.6,166.7,186.47937375780134,4,1,1
2026-01-06 05:00:00,7.8,100,4.0,993.9,225.8,231.0,202.99803872020158,5,1,1
2026-01-06 06:00:00,7.9,100,0.8,994.4,222.1,226.3,198.53128389830542,6,1,1
2026-01-06 07:00:00,7.7,99,1.7,995.1,218.9,222.1,196.53476736810472,7,1,1
2026-01-06 08:00:00,8.3,98,1.0,995.8,215.1,217.5,198.56873646456785,8,1,1
2026-01-06 09:00:00,9.4,98,2.3,996.4,215.6,218.4,201.1608090268241,9,1,1
2026-01-06 10:00:00,10.9,97,1.5,997.0,216.1,218.9,182.717039932145,10,1,1
2026-01-06 11:00:00,12.7,87,3.3,997.6,207.2,210.5,164.4043176730474,11,1,1
2026-01-06 12:00:00,14.4,81,4.5,996.6,174.2,177.9,184.8547204838859,12,1,1
2026-01-06 13:00:00,15.5,75,3.7,995.6,137.4,141.6,200.74055210749307,13,1,1
2026-01-06 14:00:00,16.1,71,2.9,995.3,101.3,106.4,192.04108327229818,14,1,1
2026-01-06 15:00:00,16.2,69,3.1,995.0,87.8,92.9,182.76591843234166,15,1,1
2026-01-06 16:00:00,15.9,71,2.8,994.8,90.3,94.3,202.7878194279141,16,1,1
2026-01-06 17:00:00,13.8,80,4.1,995.0,119.0,124.3,229.21399978001912,17,1,1
2026-01-06 18:00:00,12.7,81,3.8,995.4,148.1,153.7,244.64590593973793,18,1,1
2026-01-06 19:00:00,12.0,82,3.4,995.8,171.4,177.0,269.1328750928243,19,1,1
2026-01-06 20:00:00,11.4,84,3.1,996.1,186.3,191.9,281.29573891049336,20,1,1
2026-01-06 21:00:00,10.6,87,2.7,996.4,194.2,199.8,265.41208328767254,21,1,1
2026-01-06 22:00:00,9.8,89,2.3,996.4,196.5,202.1,238.46820859909056,22,1,1
2026-01-06 23:00:00,9.7,95,1.0,996.3,196.0,202.1,216.29927094777423,23,1,1
2026-01-07 00:00:00,8.9,99,2.6,995.8,189.5,195.6,200.84498785071904,0,2,1
2026-01-07 01:00:00,8.5,100,1.6,995.8,183.0,189.1,193.9639791170756,1,2,1
2026-01-07 02:00:00,8.0,100,2.5,995.6,178.3,184.4,192.51662502288818,2,2,1
2026-01-07 03:00:00,7.8,100,2.6,995.6,176.0,182.1,181.0363230864207,3,2,1
2026-01-07 04:00:00,7.3,99,3.1,995.0,175.6,181.6,181.49893856654094,4,2,1
2026-01-07 05:00:00,7.3,100,4.2,995.5,202.1,204.9,188.86442252567835,5,2,1
2026-01-07 06:00:00,7.1,100,3.2,995.6,197.4,199.8,192.8861844471523,6,2,1
2026-01-07 07:00:00,7.2,99,3.1,996.3,196.0,199.3,205.6085397145105,7,2,1
2026-01-07 08:00:00,7.5,98,3.2,996.8,201.6,205.4,218.03204767136347,8,2,1
2026-01-07 09:00:00,8.3,95,2.6,997.6,203.0,207.2,207.60783295404343,9,2,1
2026-01-07 10:00:00,9.4,99,1.8,998.3,200.2,204.9,193.86048969813066,10,2,1
2026-01-07 11:00:00,10.1,96,0.2,998.8,204.0,208.2,214.56094036184865,11,2,1
2026-01-07 12:00:00,12.5,86,0.6,998.1,194.2,198.8,225.9461006032096,12,2,1
2026-01-07 13:00:00,14.1,78,1.5,997.1,166.2,171.8,228.07869055611746,13,2,1
2026-01-07 14:00:00,15.1,72,2.6,996.5,139.2,144.8,216.2056980609894,14,2,1
2026-01-07 15:00:00,15.4,70,3.3,996.0,112.2,117.8,188.64736461639404,15,2,1
2026-01-07 16:00:00,15.2,71,3.3,995.7,105.2,109.7,180.06865803665585,16,2,1
2026-01-07 17:00:00,12.8,82,1.2,996.0,169.5,177.4,204.32286464373271,17,2,1
2026-01-07 18:00:00,11.2,87,1.9,996.3,202.1,210.5,213.97506249745686,18,2,1
2026-01-07 19:00:00,10.2,90,2.6,996.4,236.1,244.0,203.18955210049947,19,2,1
2026-01-07 20:00:00,9.5,91,3.0,996.5,265.4,272.9,198.33402090072633,20,2,1
2026-01-07 21:00:00,8.9,93,2.1,996.7,288.7,297.1,200.42714068889617,21,2,1
2026-01-07 22:00:00,8.7,94,0.7,996.3,310.1,317.6,196.25181245803833,22,2,1
2026-01-07 23:00:00,7.6,100,3.4,996.5,326.0,334.3,184.37437496185302,23,2,1
2026-01-08 00:00:00,7.7,100,4.5,996.2,330.6,339.9,171.5801458676656,0,3,1
2026-01-08 01:00:00,7.5,100,4.1,996.1,329.7,339.0,163.0070832570394,1,3,1
2026-01-08 02:00:00,7.5,100,2.2,995.9,341.8,350.2,172.84931950039334,2,3,1
2026-01-08 03:00:00,7.4,99,0.7,995.7,333.4,339.9,170.218046274715,3,3,1
2026-01-08 04:00:00,6.9,100,1.4,995.4,290.6,298.0,189.51769175312734,4,3,1
2026-01-08 05:00:00,6.9,96,1.3,995.5,221.2,224.4,204.05233322201352,5,3,1
2026-01-08 06:00:00,7.0,98,1.6,995.9,208.2,210.9,207.6345786243015,6,3,1
2026-01-08 07:00:00,6.8,99,2.6,996.7,205.4,209.5,201.59682628843518,7,3,1
2026-01-08 08:00:00,7.0,98,3.8,997.6,204.9,209.1,189.4367084049043,8,3,1
2026-01-08 09:00:00,7.9,97,3.8,998.2,201.2,205.8,193.87749979231094,9,3,1
2026-01-08 10:00:00,9.1,97,4.0,998.7,185.8,190.9,185.07237304203093,10,3,1
2026-01-08 11:00:00,9.7,90,4.2,999.3,176.5,181.1,181.72237506139845,11,3,1
2026-01-08 12:00:00,11.2,84,2.8,998.7,150.4,155.5,223.69635725475493,12,3,1
2026-01-08 13:00:00,12.8,77,2.3,997.7,132.2,137.4,216.64516061147054,13,3,1
2026-01-08 14:00:00,13.5,75,2.2,996.9,118.5,123.9,223.38808912549698,14,3,1
2026-01-08 15:00:00,13.7,73,1.6,995.9,110.1,115.5,218.8240458412776,15,3,1
2026-01-08 16:00:00,13.6,73,1.6,995.3,111.5,116.4,221.46686388486393,16,3,1
2026-01-08 17:00:00,10.9,84,1.4,995.4,131.3,137.8,219.2095953805106,17,3,1
2026-01-08 18:00:00,9.8,86,0.2,995.3,166.2,172.8,220.48302385239373,18,3,1
2026-01-08 19:00:00,8.7,91,2.1,995.4,200.2,207.2,215.9396053465586,19,3,1
2026-01-08 20:00:00,7.6,94,3.5,995.5,230.5,237.5,210.44901197524297,20,3,1
2026-01-08 21:00:00,6.7,96,3.3,995.5,253.3,259.8,199.99816078004383,21,3,1
2026-01-08 22:00:00,6.0,99,3.8,995.3,266.4,272.9,184.12416068485805,22,3,1
2026-01-08 23:00:00,6.6,100,3.1,995.8,250.5,257.0,166.58933330717542,23,3,1
2026-01-09 00:00:00,6.9,100,2.8,995.4,225.8,232.4,149.49696314758035,0,4,1
2026-01-09 01:00:00,6.9,99,2.8,995.6,212.8,219.8,142.46526202247256,1,4,1
2026-01-09 02:00:00,7.3,100,4.2,995.6,208.6,215.6,132.890928540911,2,4,1
2026-01-09 03:00:00,7.7,99,4.0,995.8,203.5,210.5,134.49539893922352,3,4,1
2026-01-09 04:00:00,7.6,99,3.1,995.4,199.8,206.8,142.45235517289902,4,4,1
2026-01-09 05:00:00,5.8,100,3.1,995.6,203.0,208.2,151.45513402061644,5,4,1
2026-01-09 06:00:00,5.7,97,2.4,995.9,199.8,203.0,168.8496877265699,6,4,1
2026-01-09 07:00:00,5.8,98,2.9,996.7,200.7,203.0,144.0932857513428,7,4,1
2026-01-09 08:00:00,6.1,99,3.5,997.3,200.7,202.1,142.98073613908556,8,4,1
2026-01-09 09:00:00,6.9,98,3.3,997.9,169.0,170.0,149.1942837276156,9,4,1
2026-01-09 10:00:00,8.0,96,3.5,998.5,137.8,139.7,151.9219582239787,10,4,1
2026-01-09 11:00:00,8.4,92,3.3,999.0,138.8,143.0,165.29785303691077,11,4,1
2026-01-09 12:00:00,9.6,86,2.4,998.5,116.9,122.0,171.44785106295632,12,4,1
2026-01-09 13:00:00,11.3,77,0.8,997.9,99.7,105.0,208.07076819586376,13,4,1
2026-01-09 14:00:00,12.1,74,1.5,997.1,86.4,91.5,203.82235127706377,14,4,1
2026-01-09 15:00:00,12.5,74,2.2,996.4,79.6,84.5,217.95698403252499,15,4,1
2026-01-09 16:00:00,12.3,74,2.4,996.2,80.1,84.8,226.00447277492947,16,4,1
2026-01-09 17:00:00,11.3,80,1.1,995.7,103.4,108.3,223.38992818196613,17,4,1
2026-01-09 18:00:00,9.8,84,3.4,995.6,123.4,128.1,224.25445258730934,18,4,1
2026-01-09 19:00:00,8.9,86,4.7,995.5,133.6,137.4,237.3991728737241,19,4,1
2026-01-09 20:00:00,8.2,86,5.2,995.6,140.6,144.4,245.33529396112178,20,4,1
2026-01-09 21:00:00,7.6,87,5.3,995.7,148.1,151.8,233.9860710961478,21,4,1
2026-01-09 22:00:00,7.1,89,5.3,995.4,160.7,163.9,204.0749092683338,22,4,1
2026-01-09 23:00:00,6.5,95,5.4,995.3,173.7,177.0,206.9713526011545,23,4,1
2026-01-10 00:00:00,6.4,95,5.0,994.9,181.1,184.4,205.82565897436544,0,5,1
2026-01-10 01:00:00,5.9,96,4.6,994.5,185.8,189.1,184.52516661144438,1,5,1
2026-01-10 02:00:00,5.4,97,4.4,994.6,189.5,192.8,199.40083327520463,2,5,1
2026-01-10 03:00:00,4.9,98,4.1,994.3,192.3,195.6,194.32861898513065,3,5,1
2026-01-10 04:00:00,4.5,100,5.2,993.6,188.6,191.4,223.3758441809452,4,5,1
2026-01-10 05:00:00,4.6,99,5.1,994.1,164.8,167.6,236.53349990844728,5,5,1
2026-01-10 06:00:00,4.2,99,5.2,994.4,154.6,157.4,255.95008276984805,6,5,1
2026-01-10 07:00:00,4.1,98,4.2,994.8,166.7,169.5,227.59181538536433,7,5,1
2026-01-10 08:00:00,4.6,95,3.9,995.1,185.8,188.1,199.93515877193872,8,5,1
2026-01-10 09:00:00,5.0,95,1.7,995.8,185.8,187.7,195.54410123370943,9,5,1
2026-01-10 10:00:00,6.6,97,2.2,996.2,177.9,179.3,204.83042867751348,10,5,1
2026-01-10 11:00:00,7.8,90,5.7,996.7,148.5,150.4,200.9445830874973,11,5,1
2026-01-10 12:00:00,10.3,82,4.2,996.1,111.3,113.2,198.1631250911289,12,5,1
2026-01-10 13:00:00,11.7,76,4.4,995.3,91.7,94.1,226.5990808098405,13,5,1
2026-01-10 14:00:00,12.5,71,3.8,994.6,82.2,84.8,245.1613843975645,14,5,1
2026-01-10 15:00:00,12.8,69,4.0,994.2,76.6,79.4,262.79686499701603,15,5,1
2026-01-10 16:00:00,12.5,70,4.7,994.2,80.1,82.4,281.7988892449273,16,5,1
2026-01-10 17:00:00,10.1,84,3.5,994.1,107.3,109.9,275.9862786610921,17,5,1
2026-01-10 18:00:00,8.9,86,4.0,994.4,129.5,131.8,265.3456107245552,18,5,1
2026-01-10 19:00:00,8.3,87,4.8,994.9,141.6,143.9,274.88894483778216,19,5,1
2026-01-10 20:00:00,7.7,88,5.5,995.0,152.3,154.6,274.9637491861979,20,5,1
2026-01-10 21:00:00,7.1,90,5.5,995.5,161.6,163.9,291.5602222442627,21,5,1
2026-01-10 22:00:00,6.6,92,5.7,995.8,169.5,171.8,252.2210277981228,22,5,1
2026-01-10 23:00:00,6.1,96,5.2,995.9,179.3,181.6,221.81894454956057,23,5,1
2026-01-11 00:00:00,5.5,96,5.4,996.0,182.1,183.5,196.57433319091797,0,6,1
2026-01-11 01:00:00,5.6,95,6.1,996.2,169.0,170.9,179.88520137998793,1,6,1
2026-01-11 02:00:00,4.7,96,6.2,996.2,155.5,156.9,190.5787778218587,2,6,1
2026-01-11 03:00:00,4.1,97,5.9,996.1,147.1,148.5,235.2459165785048,3,6,1
2026-01-11 04:00:00,3.8,97,3.8,995.6,144.4,145.8,269.3631330871582,4,6,1
2026-01-11 05:00:00,3.7,100,4.4,995.7,163.4,165.3,285.2961332702636,5,6,1
2026-01-11 06:00:00,3.5,100,1.3,995.9,173.2,174.6,307.3772668457031,6,6,1
2026-01-11 07:00:00,3.4,99,2.4,996.3,198.8,200.2,284.27293365478516,7,6,1
2026-01-11 08:00:00,4.3,95,4.5,997.3,214.7,216.5,271.6956669108073,8,6,1
2026-01-11 09:00:00,5.4,97,4.9,998.8,171.4,172.3,251.36783345540366,9,6,1
2026-01-11 10:00:00,7.3,95,2.2,999.6,145.8,146.7,241.72604909280335,10,6,1
2026-01-11 11:00:00,9.1,84,4.0,999.7,117.8,119.0,236.8129163414541,11,6,1
2026-01-11 12:00:00,10.8,78,4.5,999.2,100.8,102.2,225.1199801611522,12,6,1
2026-01-11 13:00:00,12.0,74,4.7,997.9,93.1,94.5,239.98072187635634,13,6,1
2026-01-11 14:00:00,12.7,72,6.3,997.3,87.8,88.9,272.4944465036745,14,6,1
2026-01-11 15:00:00,13.0,71,5.5,996.6,84.1,85.4,294.241896004147,15,6,1
2026-01-11 16:00:00,12.6,74,5.4,996.1,88.2,89.2,302.99363214704726,16,6,1
2026-01-11 17:00:00,10.7,83,3.9,995.6,104.8,105.7,291.34899953206383,17,6,1
2026-01-11 18:00:00,9.4,85,4.7,995.9,122.9,123.9,294.80294486151803,18,6,1
2026-01-11 19:00:00,8.9,86,3.6,995.9,134.6,135.5,299.66458418104384,19,6,1
2026-01-11 20:00:00,8.1,88,3.8,995.8,141.6,143.0,317.1240275065104,20,6,1
2026-01-11 21:00:00,7.5,90,3.6,995.7,146.2,147.1,317.1909102757772,21,6,1
2026-01-11 22:00:00,6.7,93,3.6,995.6,149.9,150.9,345.12313885158966,22,6,1
2026-01-11 23:00:00,6.2,92,6.0,995.9,151.3,152.3,353.19380484686957,23,6,1
2026-01-12 00:00:00,5.5,93,4.9,995.3,147.6,148.5,344.2226109822591,0,0,1
2026-01-12 01:00:00,5.1,94,5.4,994.8,144.8,145.8,337.35757375646523,1,0,1
2026-01-12 02:00:00,4.9,94,4.3,994.6,142.5,143.4,334.8574167463515,2,0,1
2026-01-12 03:00:00,4.9,94,3.7,994.5,140.2,141.1,342.15600217183436,3,0,1
2026-01-12 04:00:00,4.9,94,3.2,994.0,139.7,140.6,368.82148787180586,4,0,1
2026-01-12 05:00:00,4.6,97,1.9,993.8,144.4,145.3,389.67623228285044,5,0,1
2026-01-12 06:00:00,4.1,100,2.3,994.3,153.2,154.6,374.8903275807698,6,0,1
2026-01-12 07:00:00,3.7,100,3.2,994.5,172.3,173.7,326.37209620097326,7,0,1
2026-01-12 08:00:00,4.6,99,4.0,995.0,193.7,195.1,270.61554375300335,8,0,1
2026-01-12 09:00:00,6.1,98,1.8,996.1,178.3,179.3,240.69465080745638,9,0,1
2026-01-12 10:00:00,8.5,90,1.2,996.8,161.1,162.5,222.25658543133977,10,0,1
2026-01-12 11:00:00,9.7,82,2.2,998.0,142.0,143.4,249.1673068233268,11,0,1
2026-01-12 12:00:00,11.4,77,1.9,997.4,120.6,122.0,294.44661263183315,12,0,1
2026-01-12 13:00:00,12.8,72,2.2,996.7,104.5,105.7,357.124643474155,13,0,1
2026-01-12 14:00:00,13.7,68,1.4,995.9,95.2,96.4,398.8846168203203,14,0,1
2026-01-12 15:00:00,14.0,67,0.4,995.5,92.4,93.4,419.8643999226888,15,0,1
2026-01-12 16:00:00,13.7,69,1.7,994.9,101.0,102.0,472.75900034586584,16,0,1
2026-01-12 17:00:00,11.4,79,3.9,995.1,135.0,136.0,409.7077010091146,17,0,1
2026-01-12 18:00:00,9.8,84,4.2,995.4,166.2,167.6,329.9611088689168,18,0,1
2026-01-12 19:00:00,8.6,88,4.3,995.8,199.3,200.7,275.85769983927406,19,0,1
2026-01-12 20:00:00,7.9,91,3.8,996.3,227.7,229.1,235.88549931844076,20,0,1
2026-01-12 21:00:00,7.2,94,2.3,996.8,238.0,240.3,219.7458994547526,21,0,1
2026-01-12 22:00:00,6.7,96,1.0,997.1,243.1,245.9,212.0331781838157,22,0,1
2026-01-12 23:00:00,6.5,97,2.2,997.5,246.8,251.5,193.66103307088216,23,0,1
2026-01-13 00:00:00,6.1,98,1.5,997.3,241.2,246.8,174.25286661783855,0,1,1
2026-01-13 01:00:00,5.5,100,2.2,997.0,234.7,239.3,168.1047167714437,1,1,1
2026-01-13 02:00:00,5.0,100,2.9,996.9,229.1,233.8,188.5076000467936,2,1,1
2026-01-13 03:00:00,4.7,100,2.7,996.5,224.4,228.6,220.7656667073568,3,1,1
2026-01-13 04:00:00,4.7,99,1.8,996.0,221.2,224.9,246.33501875287007,4,1,1
2026-01-13 05:00:00,4.3,99,1.1,995.8,218.4,219.8,248.68478360857281,5,1,1
2026-01-13 06:00:00,3.9,99,1.3,995.9,226.3,228.2,251.29623994675893,6,1,1
2026-01-13 07:00:00,4.2,99,1.1,996.4,253.3,257.0,289.39229404812767,7,1,1
2026-01-13 08:00:00,4.7,97,0.6,996.9,307.3,308.3,285.8522437746563,8,1,1
2026-01-13 09:00:00,5.7,97,1.5,997.4,315.7,316.6,293.4638568333217,9,1,1
2026-01-13 10:00:00,6.9,98,2.1,998.0,244.9,245.9,293.93082564823214,10,1,1
2026-01-13 11:00:00,8.2,93,1.9,998.1,160.2,161.6,304.37449960133387,11,1,1
2026-01-13 12:00:00,10.9,84,1.4,997.2,131.3,132.7,325.5880859943076,12,1,1
2026-01-13 13:00:00,12.5,77,2.7,995.8,117.8,118.7,338.3388689313616,13,1,1
2026-01-13 14:00:00,13.5,72,3.4,994.9,109.4,110.4,370.86584518674823,14,1,1
2026-01-13 15:00:00,13.8,71,3.5,994.2,103.6,104.3,410.0096333639962,15,1,1
2026-01-13 16:00:00,13.5,73,3.5,993.5,106.4,106.9,420.5211856201933,16,1,1
2026-01-13 17:00:00,11.5,81,0.4,993.0,163.9,165.3,373.13110736665277,17,1,1
2026-01-13 18:00:00,10.3,84,0.4,993.0,189.5,190.9,340.9313804142059,18,1,1
2026-01-13 19:00:00,9.7,87,0.4,993.0,221.7,222.6,332.8874303000313,19,1,1
2026-01-13 20:00:00,9.1,90,0.9,992.8,255.2,257.0,316.7366292620462,20,1,1
2026-01-13 21:00:00,8.4,92,1.9,992.7,283.1,284.1,315.590200642177,21,1,1
2026-01-13 22:00:00,7.8,94,3.4,992.5,300.8,301.7,316.71783676147464,22,1,1
2026-01-13 23:00:00,7.3,95,4.6,992.5,297.1,299.0,304.57422169276646,23,1,1
2026-01-14 00:00:00,7.0,96,5.1,992.2,266.4,268.2,291.95706368098183,0,2,1
2026-01-14 01:00:00,6.8,97,4.3,991.7,238.4,239.3,275.0400950477237,1,2,1
2026-01-14 02:00:00,6.4,97,2.9,991.6,223.5,224.4,262.16015534173874,2,2,1
2026-01-14 03:00:00,5.8,100,1.5,991.1,216.5,217.5,260.3708867179023,3,2,1
2026-01-14 04:00:00,5.4,100,1.4,990.7,213.3,214.2,284.33384191890127,4,2,1
2026-01-14 05:00:00,5.0,100,1.7,990.7,231.9,232.8,265.73908486614965,5,2,1
2026-01-14 06:00:00,4.8,98,0.8,990.9,232.8,233.8,279.1071920221502,6,2,1
2026-01-14 07:00:00,4.9,96,0.3,991.2,249.6,250.5,315.5558112459609,7,2,1
2026-01-14 08:00:00,4.8,96,0.2,991.7,265.4,266.4,311.01900378030444,8,2,1
2026-01-14 09:00:00,5.7,99,1.6,992.5,250.5,251.5,301.98721346113416,9,2,1
2026-01-14 10:00:00,7.5,95,1.8,993.2,230.5,231.0,297.44297594342913,10,2,1
2026-01-14 11:00:00,7.9,93,1.0,993.2,205.8,206.3,296.6268857474279,11,2,1
2026-01-14 12:00:00,10.8,85,1.5,992.8,173.2,173.7,321.37413996802434,12,2,1
2026-01-14 13:00:00,12.5,78,1.6,991.7,146.2,146.7,360.1153481210522,13,2,1
2026-01-14 14:00:00,13.6,74,1.8,991.0,129.5,129.9,353.8469524914347,14,2,1
2026-01-14 15:00:00,14.1,72,2.1,990.5,118.0,118.3,320.73171412150066,15,2,1
2026-01-14 16:00:00,13.8,73,2.5,990.1,117.8,118.3,299.2523653908382,16,2,1
2026-01-14 17:00:00,12.0,77,1.7,989.9,184.4,185.3,286.3344759986514,17,2,1
2026-01-14 18:00:00,10.8,78,1.5,990.3,205.8,206.8,261.37360283987863,18,2,1
2026-01-14 19:00:00,9.5,83,2.7,990.7,217.5,218.9,252.5810239156087,19,2,1
2026-01-14 20:00:00,8.0,90,3.8,991.0,224.4,225.8,255.6633666053651,20,2,1
2026-01-14 21:00:00,7.1,94,4.0,991.3,239.3,240.3,263.4035947920784,21,2,1
2026-01-14 22:00:00,6.5,96,3.4,991.6,258.0,258.9,253.31853001004174,22,2,1
2026-01-14 23:00:00,6.3,100,3.9,991.8,264.5,265.4,243.2779107775007,23,2,1
2026-01-15 00:00:00,5.9,100,3.9,992.0,251.5,252.4,227.7100001380557,0,3,1
2026-01-15 01:00:00,5.5,100,2.7,991.7,241.2,242.1,227.85250011625743,1,3,1
2026-01-15 02:00:00,5.1,99,2.0,991.3,234.2,235.6,227.48201201302663,2,3,1
2026-01-15 03:00:00,4.9,98,1.3,991.1,229.6,230.5,227.42859507969447,3,3,1
2026-01-15 04:00:00,4.8,98,0.9,991.1,228.2,229.1,238.5510829925537,4,3,1
2026-01-15 05:00:00,4.8,98,1.6,991.2,255.2,256.1,249.16298789978026,5,3,1
2026-01-15 06:00:00,5.1,99,0.6,991.6,256.1,257.0,254.17789301796566,6,3,1
2026-01-15 07:00:00,5.2,96,1.0,991.8,261.7,262.6,289.43375448802163,7,3,1
2026-01-15 08:00:00,5.8,90,1.5,992.3,271.9,272.9,288.57398535713315,8,3,1
2026-01-15 09:00:00,6.7,97,1.5,992.9,278.5,278.5,301.1884707799033,9,3,1
2026-01-15 10:00:00,7.6,92,0.9,993.5,271.9,271.9,304.07624221377904,10,3,1
2026-01-15 11:00:00,7.8,99,1.5,994.1,251.5,252.4,320.0658154240361,11,3,1
2026-01-15 12:00:00,10.1,93,1.0,994.0,219.8,220.3,333.9983898586697,12,3,1
2026-01-15 13:00:00,12.6,84,1.4,992.9,163.9,164.8,358.46061062282985,13,3,1
2026-01-15 14:00:00,14.1,76,1.2,991.7,124.3,125.3,363.4704861111111,14,3,1
2026-01-15 15:00:00,14.7,73,2.2,991.0,104.1,104.8,376.1846738815307,15,3,1
2026-01-15 16:00:00,14.5,73,2.9,990.7,101.0,101.5,384.3583891126844,16,3,1
2026-01-15 17:00:00,11.9,83,2.6,990.4,187.7,189.5,383.5279172261556,17,3,1
2026-01-15 18:00:00,10.6,86,1.9,990.5,216.1,217.9,367.89244384765624,18,3,1
2026-01-15 19:00:00,10.2,86,0.4,990.8,244.9,246.8,353.6962114430437,19,3,1
2026-01-15 20:00:00,9.0,91,1.3,990.9,271.9,273.8,321.23396697998044,20,3,1
2026-01-15 21:00:00,7.6,96,2.7,991.2,294.3,296.2,299.31123291015626,21,3,1
2026-01-15 22:00:00,6.8,99,2.6,991.3,312.0,313.9,281.4620668029785,22,3,1
2026-01-15 23:00:00,5.6,100,1.8,991.5,321.3,323.2,274.93670043945315,23,3,1
2026-01-16 00:00:00,4.2,100,1.3,991.0,311.1,312.9,253.02939961751298,0,4,1
2026-01-16 01:00:00,3.8,99,1.5,990.5,290.6,293.4,220.72783309936523,1,4,1
2026-01-16 02:00:00,3.9,99,1.8,990.3,272.9,274.7,211.4701665242513,2,4,1
2026-01-16 03:00:00,4.4,100,1.3,989.8,261.7,263.6,214.52839387835877,3,4,1
2026-01-16 04:00:00,4.2,99,1.3,989.4,258.0,259.8,260.7361903173273,4,4,1
2026-01-16 05:00:00,4.5,98,1.6,989.7,308.3,311.1,286.1667959337111,5,4,1
2026-01-16 06:00:00,4.9,99,1.7,989.8,305.5,309.2,300.5410538264683,6,4,1
2026-01-16 07:00:00,4.7,99,2.8,990.0,322.2,325.0,283.23572712357424,7,4,1
2026-01-16 08:00:00,5.2,97,3.8,990.7,353.9,357.6,229.98361943893104,8,4,1
2026-01-16 09:00:00,6.7,96,4.5,991.6,345.5,346.5,195.9547141302199,9,4,1
2026-01-16 10:00:00,7.3,96,3.1,991.8,270.1,271.9,193.24659843609965,10,4,1
2026-01-16 11:00:00,8.6,99,2.2,992.7,202.1,204.9,195.91615890018525,11,4,1
2026-01-16 12:00:00,10.9,92,2.6,992.2,173.2,176.0,234.902428654262,12,4,1
2026-01-16 13:00:00,12.6,87,2.6,991.6,155.5,159.3,301.10508726816323,13,4,1
2026-01-16 14:00:00,13.6,83,3.3,990.6,143.0,146.2,315.014300428118,14,4,1
2026-01-16 15:00:00,13.9,82,4.2,989.9,132.2,135.5,338.89085520789735,15,4,1
2026-01-16 16:00:00,13.7,83,4.3,989.6,140.2,143.0,357.470285542806,16,4,1
2026-01-16 17:00:00,12.6,89,0.5,989.2,170.0,172.3,337.5726664225261,17,4,1
2026-01-16 18:00:00,11.5,91,1.6,989.2,204.0,206.8,286.9181424095517,18,4,1
2026-01-16 19:00:00,10.2,95,2.9,989.5,239.3,242.1,257.5889044262114,19,4,1
2026-01-16 20:00:00,8.9,98,4.6,989.2,271.9,274.7,251.2849045526414,20,4,1
2026-01-16 21:00:00,7.9,100,4.7,989.3,298.0,301.7,241.83804773603168,21,4,1
2026-01-16 22:00:00,7.1,100,4.8,989.2,321.3,324.1,216.63496930588892,22,4,1
2026-01-16 23:00:00,7.3,100,4.8,989.4,337.1,340.9,199.61426191784085,23,4,1
2026-01-17 00:00:00,7.4,100,5.9,989.5,343.7,346.5,199.48009527297245,0,5,1
2026-01-17 01:00:00,6.9,99,4.6,989.3,343.7,347.4,210.90759546189082,1,5,1
2026-01-17 02:00:00,6.7,100,4.9,988.9,337.1,340.9,228.65695247650146,2,5,1
2026-01-17 03:00:00,5.7,100,2.7,988.8,326.0,329.7,247.59046316022997,3,5,1
2026-01-17 04:00:00,5.7,100,4.0,988.7,309.2,312.9,247.7079997834705,4,5,1
2026-01-17 05:00:00,5.7,99,5.1,989.0,263.6,266.4,278.7985478355771,5,5,1
2026-01-17 06:00:00,5.3,99,3.9,989.4,233.8,236.6,282.7046901157924,6,5,1
2026-01-17 07:00:00,5.3,100,3.3,990.0,231.4,233.8,285.7286013194493,7,5,1
2026-01-17 08:00:00,5.4,100,4.0,990.2,228.6,230.5,266.04863541618226,8,5,1
2026-01-17 09:00:00,6.5,97,4.3,991.1,229.1,231.0,201.2226667495001,9,5,1
2026-01-17 10:00:00,8.2,95,4.4,991.7,228.6,229.6,156.56758923303514,10,5,1
2026-01-17 11:00:00,10.2,93,2.9,992.2,208.2,210.0,158.13061901274182,11,5,1
2026-01-17 12:00:00,12.9,85,2.7,991.6,169.5,172.8,183.03442851475305,12,5,1
2026-01-17 13:00:00,14.9,77,2.2,990.4,129.0,132.2,257.8263813563755,13,5,1
2026-01-17 14:00:00,16.2,72,2.7,989.5,109.7,113.6,339.86888720194503,14,5,1
2026-01-17 15:00:00,16.7,69,3.1,988.8,98.3,102.4,385.91797630673364,15,5,1
2026-01-17 16:00:00,16.4,72,3.2,988.1,106.6,110.1,427.34800055367606,16,5,1
2026-01-17 17:00:00,14.9,80,2.0,987.7,138.8,143.9,456.4860126132057,17,5,1
2026-01-17 18:00:00,13.0,86,4.1,987.6,164.8,170.4,462.7342615400042,18,5,1
2026-01-17 19:00:00,11.7,89,5.2,987.7,188.1,194.2,472.6807851882208,19,5,1
2026-01-17 20:00:00,10.7,91,4.2,987.5,207.7,213.3,475.1541901361375,20,5,1
2026-01-17 21:00:00,9.6,95,5.0,987.6,221.7,227.7,464.4683095659529,21,5,1
2026-01-17 22:00:00,8.9,98,5.3,987.3,234.7,240.3,405.40666599576434,22,5,1
2026-01-17 23:00:00,8.3,99,4.0,987.2,242.1,247.7,383.559056854248,23,5,1
2026-01-18 00:00:00,8.0,99,2.9,986.9,236.6,242.1,421.7749718560113,0,6,1
2026-01-18 01:00:00,7.2,100,1.9,986.6,219.8,224.9,429.2565282185872,1,6,1
2026-01-18 02:00:00,6.2,100,2.4,986.2,195.6,200.7,392.16097178988986,2,6,1
2026-01-18 03:00:00,4.6,100,5.8,985.9,181.6,186.7,344.35446382149183,3,6,1
2026-01-18 04:00:00,5.4,100,5.8,985.6,173.2,177.9,348.6975283050537,4,6,1
2026-01-18 05:00:00,6.2,98,3.5,985.5,163.0,167.6,367.5398561435275,5,6,1
2026-01-18 06:00:00,6.2,96,2.7,985.8,163.4,167.6,323.57530534532333,6,6,1
2026-01-18 07:00:00,5.8,96,2.6,986.5,170.0,174.6,255.86699977450905,7,6,1
2026-01-18 08:00:00,6.0,100,2.7,987.5,183.9,188.1,183.39308331807456,8,6,1
2026-01-18 09:00:00,7.0,98,2.1,988.6,174.6,177.4,161.63346520529853,9,6,1
2026-01-18 10:00:00,8.6,98,2.3,989.4,168.6,170.9,151.89994796268522,10,6,1
2026-01-18 11:00:00,10.6,93,1.1,989.2,152.3,155.5,159.60303677315318,11,6,1
2026-01-18 12:00:00,13.9,85,1.1,988.6,133.2,136.4,209.72697583153132,12,6,1
2026-01-18 13:00:00,16.2,76,1.1,987.8,110.8,114.1,257.8185417356945,13,6,1
2026-01-18 14:00:00,17.5,69,1.4,987.1,95.7,99.0,330.7472383045015,14,6,1
2026-01-18 15:00:00,18.0,66,1.0,986.7,88.5,92.0,370.65928006853375,15,6,1
2026-01-18 16:00:00,17.8,67,0.9,986.5,105.7,108.5,431.71447684878393,16,6,1
2026-01-18 17:00:00,16.4,74,1.4,986.1,145.8,148.5,481.63964284261067,17,6,1
2026-01-18 18:00:00,14.4,82,3.9,986.4,179.7,182.5,491.2646242777506,18,6,1
2026-01-18 19:00:00,13.0,89,3.9,987.0,213.3,215.6,487.57900305248444,19,6,1
2026-01-18 20:00:00,12.0,92,2.0,987.5,241.2,243.1,446.2331682477679,20,6,1
2026-01-18 21:00:00,11.0,95,1.8,988.1,266.4,268.2,427.629333278111,21,6,1
2026-01-18 22:00:00,9.8,100,3.1,988.2,289.6,291.5,394.11973836989625,22,6,1
2026-01-18 23:00:00,9.7,99,3.1,988.4,304.5,307.3,344.46720754835343,23,6,1
2026-01-19 00:00:00,9.3,100,4.0,988.6,307.3,310.1,323.61838153657465,0,0,1
2026-01-19 01:00:00,8.9,100,4.7,988.6,307.3,309.2,324.1457370939709,1,0,1
2026-01-19 02:00:00,8.3,100,4.0,988.5,304.5,306.4,350.2241158258347,2,0,1
2026-01-19 03:00:00,7.8,99,4.3,988.5,287.8,290.6,397.7022824242002,3,0,1
2026-01-19 04:00:00,7.0,99,3.2,988.4,253.3,255.2,363.79705096290223,4,0,1
2026-01-19 05:00:00,6.8,100,2.7,988.6,227.7,229.6,300.79969431861997,5,0,1
2026-01-19 06:00:00,6.5,99,3.8,989.1,234.7,236.6,248.62650615147183,6,0,1
2026-01-19 07:00:00,6.3,95,3.8,989.7,253.3,255.2,197.98953968835255,7,0,1
2026-01-19 08:00:00,7.2,95,5.7,990.3,284.1,285.9,156.0772223094153,8,0,1
2026-01-19 09:00:00,7.9,94,4.0,991.0,271.0,271.9,120.19328591482979,9,0,1
2026-01-19 10:00:00,9.3,96,2.7,991.6,267.3,269.2,119.45764280046735,10,0,1
2026-01-19 11:00:00,11.6,99,2.7,991.9,224.0,225.8,122.13363093421572,11,0,1
2026-01-19 12:00:00,14.5,88,2.1,991.7,181.1,183.9,157.07805369240896,12,0,1
2026-01-19 13:00:00,16.9,78,1.5,991.0,150.4,154.1,215.47526183355424,13,0,1
2026-01-19 14:00:00,18.3,70,0.3,990.2,128.1,132.2,263.85473770868214,14,0,1
2026-01-19 15:00:00,18.8,66,1.1,989.9,117.8,122.0,349.19112000238323,15,0,1
2026-01-19 16:00:00,18.7,66,1.9,989.6,125.3,128.5,407.35899532863067,16,0,1
2026-01-19 17:00:00,17.4,72,1.6,988.9,131.8,134.6,424.2145716349284,17,0,1
2026-01-19 18:00:00,15.3,80,3.4,988.9,153.2,155.5,441.27576228550504,18,0,1
2026-01-19 19:00:00,13.8,85,4.9,989.1,172.8,175.6,490.21554827008924,19,0,1
2026-01-19 20:00:00,12.7,88,5.0,989.5,190.0,192.3,521.0209755307152,20,0,1
2026-01-19 21:00:00,11.9,90,4.9,989.5,204.0,206.3,509.6629229046049,21,0,1
2026-01-19 22:00:00,11.2,92,3.6,989.7,217.5,219.8,475.46130886986145,22,0,1
2026-01-19 23:00:00,11.3,93,1.5,989.7,230.0,232.4,468.4530008225214,23,0,1
2026-01-20 00:00:00,10.7,96,1.8,989.4,236.1,238.4,455.56440473284044,0,1,1
2026-01-20 01:00:00,10.0,98,2.5,989.4,238.4,241.2,459.40209503173827,1,1,1
2026-01-20 02:00:00,9.5,98,4.0,989.1,237.5,240.3,411.09692818777904,2,1,1
2026-01-20 03:00:00,9.1,96,5.9,989.1,233.3,235.6,383.2057624937996,3,1,1
2026-01-20 04:00:00,9.1,96,6.7,988.7,224.4,226.8,314.49133908408027,4,1,1
2026-01-20 05:00:00,7.3,100,4.0,988.8,267.3,268.2,275.1325415293376,5,1,1
2026-01-20 06:00:00,7.1,100,5.4,989.3,230.0,231.4,287.8532158109877,6,1,1
2026-01-20 07:00:00,7.7,100,5.6,990.0,212.3,213.7,212.58394436306423,7,1,1
2026-01-20 08:00:00,8.8,99,7.0,990.8,210.9,212.3,191.90180547502305,8,1,1
2026-01-20 09:00:00,10.3,98,5.8,991.6,210.0,210.9,175.1124005317688,9,1,1
2026-01-20 10:00:00,11.8,96,3.2,992.5,214.2,214.7,199.29971238696385,10,1,1
2026-01-20 11:00:00,14.1,90,1.9,992.8,209.1,210.5,185.2702888827854,11,1,1
2026-01-20 12:00:00,17.7,73,1.9,992.5,182.1,184.4,203.03738894992406,12,1,1
2026-01-20 13:00:00,19.6,57,2.3,991.9,151.8,155.5,253.87177736494277,13,1,1
2026-01-20 14:00:00,20.4,49,3.0,991.2,116.9,122.5,304.33398312462697,14,1,1
2026-01-20 15:00:00,20.5,48,4.8,990.8,98.3,105.0,341.5702500943785,15,1,1
2026-01-20 16:00:00,19.9,53,4.7,990.6,105.2,111.1,367.7209726969401,16,1,1
2026-01-20 17:00:00,17.9,66,4.1,990.3,103.1,104.3,393.00477828979496,17,1,1
2026-01-20 18:00:00,16.2,73,4.6,990.7,128.1,129.5,434.24208314683705,18,1,1
2026-01-20 19:00:00,14.9,79,4.4,991.0,150.9,152.3,469.8261102464464,19,1,1
2026-01-20 20:00:00,13.9,82,4.6,991.3,172.3,174.2,459.8405271742079,20,1,1
2026-01-20 21:00:00,13.0,85,4.8,991.6,191.4,193.2,392.5493045383029,21,1,1
2026-01-20 22:00:00,12.2,87,4.6,991.5,210.5,212.3,360.43551385667587,22,1,1
2026-01-20 23:00:00,11.6,88,4.7,991.4,225.4,227.7,368.255221218533,23,1,1
2026-01-21 00:00:00,10.9,90,3.6,991.6,231.0,233.3,381.6470481660631,0,2,1
2026-01-21 01:00:00,10.0,93,4.5,991.5,229.1,231.4,368.3139178805881,1,2,1
2026-01-21 02:00:00,9.6,93,5.2,991.5,220.3,222.1,370.74266488816994,2,2,1
2026-01-21 03:00:00,9.3,92,4.3,991.1,199.8,201.6,380.3291387769911,3,2,1
2026-01-21 04:00:00,8.8,92,4.9,990.8,183.5,185.3,330.72691701253257,4,2,1
2026-01-21 05:00:00,8.0,92,5.1,990.9,239.3,240.3,239.6198609246148,5,2,1
2026-01-21 06:00:00,7.2,94,4.4,991.2,210.9,211.9,196.75816680060493,6,2,1
2026-01-21 07:00:00,6.9,95,3.3,992.0,209.5,210.0,166.73933563585635,7,2,1
2026-01-21 08:00:00,8.0,94,3.5,992.8,219.8,220.3,128.58412970083734,8,2,1
2026-01-21 09:00:00,10.4,87,3.0,993.6,217.9,217.9,96.19317187778533,9,2,1
2026-01-21 10:00:00,13.4,77,1.5,994.0,216.1,217.0,87.36903566632952,10,2,1
2026-01-21 11:00:00,16.4,62,2.3,994.1,188.1,189.5,86.15933127465188,11,2,1
2026-01-21 12:00:00,18.8,51,2.9,993.6,147.6,150.4,116.22126188732328,12,2,1
2026-01-21 13:00:00,20.0,46,4.2,992.8,112.2,116.2,165.56383332752048,13,2,1
2026-01-21 14:00:00,20.6,44,5.4,992.2,88.2,93.4,228.34877970559253,14,2,1
2026-01-21 15:00:00,20.6,41,6.3,991.6,79.4,85.0,295.2773809160505,15,2,1
2026-01-21 16:00:00,20.0,43,5.3,991.2,85.0,89.4,344.2944701240176,16,2,1
2026-01-21 17:00:00,18.0,59,2.4,990.8,79.2,81.5,372.805445988973,17,2,1
2026-01-21 18:00:00,16.4,63,2.2,991.2,108.7,111.3,357.11054720197404,18,2,1
2026-01-21 19:00:00,15.2,68,1.3,991.6,141.1,143.9,398.7799098060245,19,2,1
2026-01-21 20:00:00,13.6,76,1.1,991.8,175.1,177.9,429.4534523373558,20,2,1
2026-01-21 21:00:00,12.0,84,2.1,992.1,205.8,208.6,437.1546185448056,21,2,1
2026-01-21 22:00:00,10.8,90,3.2,991.9,229.6,232.8,402.7252140590123,22,2,1
2026-01-21 23:00:00,10.2,94,3.2,992.0,239.3,243.1,377.66407194591704,23,2,1
2026-01-22 00:00:00,9.7,96,3.7,991.9,236.6,240.3,358.4817141049868,0,3,1
2026-01-22 01:00:00,9.1,97,3.6,991.4,224.0,227.2,326.60623797462097,1,3,1
2026-01-22 02:00:00,8.6,98,3.1,991.5,215.1,217.9,297.1091188703264,2,3,1
2026-01-22 03:00:00,8.0,99,2.6,990.9,211.4,214.2,256.1383927965921,3,3,1
2026-01-22 04:00:00,7.3,100,4.0,990.0,209.1,211.4,198.61971902756463,4,3,1
2026-01-22 05:00:00,7.0,100,6.5,989.5,204.0,208.2,153.28719053722563,5,3,1
2026-01-22 06:00:00,6.5,100,5.5,989.2,164.8,166.2,110.36254158020022,6,3,1
2026-01-22 07:00:00,6.2,100,5.4,989.2,161.1,162.5,77.46636445915658,7,3,1
2026-01-22 08:00:00,6.8,100,7.9,989.9,164.4,165.3,65.54059258920175,8,3,1
2026-01-22 09:00:00,9.1,92,7.8,990.4,152.7,154.1,65.28464388991847,9,3,1
2026-01-22 10:00:00,10.4,90,7.2,990.7,145.3,146.2,91.19059253410057,10,3,1
2026-01-22 11:00:00,12.3,84,5.2,990.8,118.5,119.7,102.28797219401658,11,3,1
2026-01-22 12:00:00,16.6,65,7.0,990.3,82.4,84.3,95.04678012353402,12,3,1
2026-01-22 13:00:00,19.0,51,10.7,988.9,65.4,67.1,106.33819984436033,13,3,1
2026-01-22 14:00:00,19.8,46,12.9,987.9,59.1,61.0,116.99910594131009,14,3,1
2026-01-22 15:00:00,19.6,47,14.1,986.7,57.3,58.9,88.2122334798177,15,3,1
2026-01-22 16:00:00,18.7,55,13.8,985.7,57.4,58.9,95.42396657307943,16,3,1
2026-01-22 17:00:00,17.7,62,13.7,985.5,50.1,51.2,78.01049995422363,17,3,1
2026-01-22 18:00:00,17.3,61,17.9,985.4,50.2,51.3,142.51484650675457,18,3,1
2026-01-22 19:00:00,17.0,59,18.2,984.9,51.7,52.7,84.97154165903727,19,3,1
2026-01-22 20:00:00,17.3,55,20.6,984.3,52.2,53.1,61.950304899669824,20,3,1
2026-01-22 21:00:00,15.7,67,12.2,984.5,53.8,54.7,62.551375007629396,21,3,1
2026-01-22 22:00:00,14.1,81,13.2,985.1,54.8,55.8,57.7615077047637,22,3,1
2026-01-22 23:00:00,14.2,82,15.1,984.4,58.8,59.6,48.182124900817875,23,3,1
2026-01-23 00:00:00,14.4,82,20.2,984.8,71.7,73.1,42.860458310445146,0,4,1
2026-01-23 01:00:00,13.8,91,12.1,984.9,72.4,73.3,41.69621444702149,1,4,1
2026-01-23 02:00:00,13.3,93,9.1,984.5,68.0,68.9,44.82876673380534,2,4,1
2026-01-23 03:00:00,13.2,94,11.4,983.8,64.7,65.9,49.19063329060873,3,4,1
2026-01-23 04:00:00,13.4,89,14.3,983.1,62.9,65.2,61.42059534708659,4,4,1
2026-01-23 05:00:00,12.6,88,19.7,983.6,63.3,68.5,65.06856653849283,5,4,1
2026-01-23 06:00:00,12.6,82,20.4,983.4,57.4,66.1,58.40356553395589,6,4,1
2026-01-23 07:00:00,12.4,83,16.0,983.9,50.4,61.5,49.32399212670704,7,4,1
2026-01-23 08:00:00,12.6,84,14.3,985.2,45.5,56.9,42.71776190258208,8,4,1
2026-01-23 09:00:00,13.1,83,13.4,986.4,37.6,48.3,43.02571432931082,9,4,1
2026-01-23 10:00:00,13.5,73,12.7,986.7,27.8,34.1,44.10053563799177,10,4,1
2026-01-23 11:00:00,14.0,60,15.9,987.7,24.4,27.0,44.16974745250883,11,4,1
2026-01-23 12:00:00,14.5,50,16.0,986.8,23.5,25.7,47.95033713900854,12,4,1
2026-01-23 13:00:00,14.8,49,16.3,986.5,22.2,24.5,46.70704767136347,13,4,1
2026-01-23 14:00:00,14.6,49,15.3,986.1,21.2,24.2,50.192702538626534,14,4,1
2026-01-23 15:00:00,14.3,45,16.8,985.9,20.6,25.8,64.4591666448684,15,4,1
2026-01-23 16:00:00,13.8,46,13.8,986.4,20.9,29.2,87.06691074371338,16,4,1
2026-01-23 17:00:00,12.4,54,11.8,987.5,31.8,43.1,84.70609510512578,17,4,1
2026-01-23 18:00:00,11.1,58,12.6,988.9,43.4,50.1,89.74930946713403,18,4,1
2026-01-23 19:00:00,10.1,60,9.8,989.9,57.9,64.0,82.24629357958598,19,4,1
2026-01-23 20:00:00,9.0,62,7.8,990.8,58.9,68.7,76.94213888380263,20,4,1
2026-01-23 21:00:00,8.1,65,7.4,992.0,53.4,68.2,88.45114649636405,21,4,1
2026-01-23 22:00:00,6.9,72,5.2,993.0,53.7,72.9,98.62092862810407,22,4,1
2026-01-23 23:00:00,7.0,71,6.8,993.7,58.9,81.0,114.39045239403136,23,4,1
2026-01-24 00:00:00,6.9,70,6.1,994.7,61.9,85.9,111.54711903163366,0,5,1
2026-01-24 01:00:00,6.1,74,1.9,995.3,62.6,87.3,122.74876193091983,1,5,1
2026-01-24 02:00:00,5.8,74,0.5,995.9,65.2,90.3,152.91540458315896,2,5,1
2026-01-24 03:00:00,5.4,77,3.4,996.2,69.8,96.4,204.825298055013,3,5,1
2026-01-24 04:00:00,4.4,82,3.7,996.3,75.9,103.4,190.95930964152018,4,5,1
2026-01-24 05:00:00,3.9,86,2.1,996.4,65.4,87.8,176.8089048839751,5,5,1
2026-01-24 06:00:00,3.7,89,4.5,997.5,76.1,99.4,124.75381545112246,6,5,1
2026-01-24 07:00:00,3.3,90,1.2,998.7,96.9,119.2,65.92627376374745,7,5,1
2026-01-24 08:00:00,4.3,90,2.8,999.9,110.6,130.9,47.27314280555362,8,5,1
2026-01-24 09:00:00,6.7,82,2.2,1000.9,93.8,109.4,53.11045236133394,9,5,1
2026-01-24 10:00:00,9.2,70,3.6,1001.5,77.3,98.5,47.508500126429965,10,5,1
2026-01-24 11:00:00,11.1,55,5.4,1001.7,62.6,89.9,49.653547632126575,11,5,1
2026-01-24 12:00:00,12.2,49,7.3,1001.0,40.7,72.4,69.20889102445881,12,5,1
2026-01-24 13:00:00,12.9,44,10.6,999.6,36.4,64.3,105.96528560093472,13,5,1
2026-01-24 14:00:00,13.2,45,10.0,999.0,34.7,58.7,136.47002978551956,14,5,1
2026-01-24 15:00:00,13.2,45,8.6,998.3,33.6,54.4,147.58496629926893,15,5,1
2026-01-24 16:00:00,12.7,48,8.1,997.4,33.5,51.3,154.64035720825197,16,5,1
2026-01-24 17:00:00,11.7,61,6.1,997.0,33.1,39.7,145.5118650890532,17,5,1
2026-01-24 18:00:00,10.3,68,6.2,997.0,46.3,52.9,134.66804773239863,18,5,1
2026-01-24 19:00:00,9.5,73,5.9,997.1,49.4,54.5,136.60392859322684,19,5,1
2026-01-24 20:00:00,8.8,75,5.5,997.3,48.5,52.5,141.88286897568474,20,5,1
2026-01-24 21:00:00,8.1,78,5.0,997.3,47.8,51.0,150.5687986479865,21,5,1
2026-01-24 22:00:00,8.8,77,6.7,996.9,48.2,50.5,170.54416681925454,22,5,1
2026-01-24 23:00:00,9.1,75,7.9,996.7,48.3,49.9,185.06997222900392,23,5,1
2026-01-25 00:00:00,8.8,78,5.2,996.2,47.6,48.9,213.24372266133628,0,6,1
2026-01-25 01:00:00,8.4,80,4.6,995.5,48.3,49.2,206.67291662428113,1,6,1
2026-01-25 02:00:00,8.2,79,6.2,994.8,49.8,50.6,163.1660557217068,2,6,1
2026-01-25 03:00:00,8.4,77,6.3,994.2,50.9,51.7,140.099249903361,3,6,1
2026-01-25 04:00:00,7.9,78,6.2,993.9,51.3,52.2,102.99663335164387,4,6,1
2026-01-25 05:00:00,6.6,83,5.9,993.5,57.9,58.9,90.0340998840332,5,6,1
2026-01-25 06:00:00,6.6,83,6.3,993.8,57.4,58.6,89.58700012207032,6,6,1
2026-01-25 07:00:00,6.2,85,6.4,994.4,63.6,64.7,84.3781667582194,7,6,1
2026-01-25 08:00:00,7.1,83,8.5,994.9,69.6,71.0,76.77666666666667,8,6,1
2026-01-25 09:00:00,9.0,80,8.0,995.5,71.0,72.2,64.76320007324219,9,6,1
2026-01-25 10:00:00,11.2,73,7.1,995.7,68.0,69.6,68.0592063782707,10,6,1
2026-01-25 11:00:00,13.5,66,5.3,995.6,66.6,68.5,66.012160664513,11,6,1
2026-01-25 12:00:00,15.3,60,4.9,994.8,64.5,66.4,81.84842261359805,12,6,1
2026-01-25 13:00:00,16.5,54,4.7,993.8,61.7,63.8,127.28794645581927,13,6,1
2026-01-25 14:00:00,17.1,51,4.5,993.0,57.5,59.6,161.0337046741304,14,6,1
2026-01-25 15:00:00,17.2,50,4.5,992.6,54.9,57.3,179.16297607421873,15,6,1
2026-01-25 16:00:00,16.8,54,4.2,992.4,58.1,60.1,217.8702661484007,16,6,1
2026-01-25 17:00:00,15.3,68,2.3,992.5,65.2,66.4,224.0389520191011,17,6,1
2026-01-25 18:00:00,13.7,73,2.6,992.6,79.4,80.6,225.30162521543954,18,6,1
2026-01-25 19:00:00,12.5,78,3.3,992.8,89.9,90.6,208.67045273553757,19,6,1
2026-01-25 20:00:00,11.6,81,4.0,993.1,92.4,93.1,202.45949626498754,20,6,1
2026-01-25 21:00:00,10.8,83,4.0,993.2,94.5,95.5,217.29166663033624,21,6,1
2026-01-25 22:00:00,10.2,84,3.2,992.7,104.5,105.5,245.79474375588552,22,6,1
2026-01-25 23:00:00,9.6,87,4.6,992.8,110.6,112.5,263.804001485085,23,6,1
2026-01-26 00:00:00,9.7,85,5.8,992.9,105.5,107.8,284.13045189267115,0,0,1
2026-01-26 01:00:00,9.4,85,4.2,992.4,100.8,103.1,274.94095219203405,1,0,1
2026-01-26 02:00:00,8.8,86,3.1,992.0,96.9,99.4,293.5328914097377,2,0,1
2026-01-26 03:00:00,8.6,88,2.8,991.2,93.4,96.2,317.20670871431867,3,0,1
2026-01-26 04:00:00,8.2,89,3.4,991.4,90.6,93.8,344.50245426319265,4,0,1
2026-01-26 05:00:00,7.8,90,4.9,992.2,105.7,110.8,307.0598637474908,5,0,1
2026-01-26 06:00:00,7.8,90,4.1,992.5,110.4,115.7,233.08154440985783,6,0,1
2026-01-26 07:00:00,7.8,89,4.1,992.9,129.9,135.5,182.83555333455405,7,0,1
2026-01-26 08:00:00,8.6,85,3.6,994.0,153.2,157.9,151.62029158274333,8,0,1
2026-01-26 09:00:00,9.7,86,7.7,994.0,131.8,135.5,172.9978342183431,9,0,1
2026-01-26 10:00:00,10.5,86,6.8,994.4,112.9,117.3,193.7555576960246,10,0,1
2026-01-26 11:00:00,11.9,82,2.7,995.0,104.8,108.0,212.00399993896485,11,0,1
2026-01-26 12:00:00,15.2,68,3.5,994.5,95.9,97.3,226.99946683247884,12,0,1
2026-01-26 13:00:00,16.8,60,3.7,993.6,86.8,88.2,240.98164180755617,13,0,1
2026-01-26 14:00:00,17.5,57,2.3,993.0,78.7,80.6,282.2527331542969,14,0,1
2026-01-26 15:00:00,17.1,58,1.2,992.6,79.9,82.4,251.75058310768821,15,0,1
2026-01-26 16:00:00,16.7,65,2.3,992.3,90.8,93.4,147.30439982096354,16,0,1
2026-01-26 17:00:00,15.0,75,3.5,992.6,111.3,112.9,124.66672494252525,17,0,1
2026-01-26 18:00:00,14.5,76,1.2,993.5,112.5,113.9,106.77849990844724,18,0,1
2026-01-26 19:00:00,14.0,78,1.7,994.6,122.5,124.3,84.59066660563151,19,0,1
2026-01-26 20:00:00,13.6,80,1.3,994.4,126.2,128.5,73.77333333333334,20,0,1
2026-01-26 21:00:00,12.9,83,8.2,993.2,128.5,132.2,103.7207167307536,21,0,1
2026-01-26 22:00:00,12.2,87,5.4,993.5,125.3,128.5,130.74693326314292,22,0,1
2026-01-26 23:00:00,12.5,86,5.8,993.7,109.4,111.8,152.74326670328776,23,0,1
2026-01-27 00:00:00,12.8,85,5.9,993.8,90.8,93.8,143.43626658121744,0,1,1
2026-01-27 01:00:00,12.7,85,6.2,993.4,77.5,81.3,135.28556666056315,1,1,1
2026-01-27 02:00:00,12.0,87,6.6,992.9,66.4,70.3,134.82569992065427,2,1,1
2026-01-27 03:00:00,11.2,90,7.3,993.1,57.4,61.5,114.44865149295691,3,1,1
2026-01-27 04:00:00,11.0,89,8.4,992.3,52.0,56.1,116.25363892449273,4,1,1
2026-01-27 05:00:00,11.4,94,6.2,992.1,56.0,62.6,87.4396667904324,5,1,1
2026-01-27 06:00:00,10.7,95,4.5,992.4,53.6,60.5,77.79322727087772,6,1,1
2026-01-27 07:00:00,10.9,94,8.3,992.4,55.6,62.4,62.88676616174204,7,1,1
2026-01-27 08:00:00,11.3,93,8.3,992.9,56.5,62.6,71.35053334554037,8,1,1
2026-01-27 09:00:00,12.4,92,5.6,993.7,55.2,60.5,90.15415828704835,9,1,1
2026-01-27 10:00:00,13.8,85,6.5,993.9,51.5,57.3,102.96305560641818,10,1,1
2026-01-27 11:00:00,14.9,76,8.7,994.2,45.1,51.6,118.47687572594846,11,1,1
2026-01-27 12:00:00,14.9,70,8.5,993.0,42.0,48.7,134.7491390652127,12,1,1
2026-01-27 13:00:00,15.3,69,4.2,992.4,39.3,44.5,139.71199997795952,13,1,1
2026-01-27 14:00:00,15.0,71,3.4,991.9,42.4,48.1,148.0631317668491,14,1,1
2026-01-27 15:00:00,14.5,75,4.8,991.3,46.1,52.5,149.62476931677924,15,1,1
2026-01-27 16:00:00,14.9,74,4.6,991.4,48.5,55.1,156.37506940629746,16,1,1
2026-01-27 17:00:00,14.3,80,6.0,991.6,73.6,77.1,173.19191930558944,17,1,1
2026-01-27 18:00:00,12.6,89,5.1,992.1,88.7,92.0,151.4986666361491,18,1,1
2026-01-27 19:00:00,12.0,92,5.2,992.9,100.6,103.1,177.97063903808592,19,1,1
2026-01-27 20:00:00,11.6,93,5.6,993.0,108.0,110.1,189.53255545298256,20,1,1
2026-01-27 21:00:00,11.0,94,4.3,993.1,113.4,115.3,202.13705554538305,21,1,1
2026-01-27 22:00:00,10.4,94,5.5,993.5,119.0,120.6,184.4131116019355,22,1,1
2026-01-27 23:00:00,9.6,98,4.8,993.8,109.7,111.3,178.9410555521647,23,1,1
2026-01-28 00:00:00,9.5,100,3.3,994.0,96.6,98.3,161.12294438680013,0,2,1
2026-01-28 01:00:00,9.6,99,4.8,994.0,91.3,93.1,144.74099994235567,1,2,1
2026-01-28 02:00:00,9.5,98,5.9,994.0,91.3,93.4,163.39097247653535,2,2,1
2026-01-28 03:00:00,9.2,97,4.6,994.0,92.2,94.8,183.66469451056585,3,2,1
2026-01-28 04:00:00,9.3,96,5.1,993.8,92.2,95.2,161.93229995727538,4,2,1
2026-01-28 05:00:00,7.7,100,5.2,993.2,78.0,80.8,96.85220001220702,5,2,1
2026-01-28 06:00:00,7.6,100,4.3,993.9,78.0,81.3,87.18094560102983,6,2,1
2026-01-28 07:00:00,7.5,100,2.6,994.6,91.3,95.0,63.19318414794074,7,2,1
2026-01-28 08:00:00,8.3,97,1.7,995.1,104.3,107.6,55.93904521200392,8,2,1
2026-01-28 09:00:00,9.6,95,2.3,996.1,91.0,93.8,53.980749893188474,9,2,1
2026-01-28 10:00:00,11.2,92,2.2,996.8,80.1,83.8,50.78059044943915,10,2,1
2026-01-28 11:00:00,13.8,83,2.1,996.7,66.6,71.0,55.27795823415121,11,2,1
2026-01-28 12:00:00,15.9,70,3.3,996.4,57.5,62.4,67.42516663060044,12,2,1
2026-01-28 13:00:00,16.9,64,4.1,995.7,53.4,58.7,85.25108350118,13,2,1
2026-01-28 14:00:00,17.5,60,4.6,995.4,50.3,55.5,143.0359664408366,14,2,1
2026-01-28 15:00:00,17.6,59,3.6,995.0,48.4,53.4,159.48793311225046,15,2,1
2026-01-28 16:00:00,17.4,59,2.7,994.4,48.2,53.0,188.33049715254043,16,2,1
2026-01-28 17:00:00,16.3,73,3.1,994.6,52.7,54.5,227.09954734378388,17,2,1
2026-01-28 18:00:00,14.6,75,2.7,994.6,80.8,82.7,252.1320994567871,18,2,1
2026-01-28 19:00:00,13.4,80,2.8,995.1,108.5,110.4,265.7875458919641,19,2,1
2026-01-28 20:00:00,12.4,83,4.1,995.1,130.9,133.2,303.6685000101725,20,2,1
2026-01-28 21:00:00,11.6,85,5.4,995.3,140.6,144.8,347.27169439527717,21,2,1
2026-01-28 22:00:00,11.2,85,5.5,995.3,141.6,147.1,277.7623607635498,22,2,1
2026-01-28 23:00:00,10.9,86,5.8,995.4,129.0,133.6,239.56798333415273,23,2,1
2026-01-29 00:00:00,10.5,87,5.1,995.0,110.8,114.6,272.79730550977916,0,3,1
2026-01-29 01:00:00,9.8,88,5.0,994.9,97.6,100.4,250.73552742004395,1,3,1
2026-01-29 02:00:00,9.3,89,4.8,994.4,87.1,89.2,300.25804836485116,2,3,1
2026-01-29 03:00:00,8.9,88,4.7,994.3,81.0,82.7,291.08672239515516,3,3,1
2026-01-29 04:00:00,8.3,88,5.3,993.7,77.3,78.7,231.4328333960639,4,3,1
2026-01-29 05:00:00,8.0,88,5.5,993.4,72.9,74.0,148.3151390499539,5,3,1
2026-01-29 06:00:00,8.0,88,5.4,993.5,73.1,74.5,79.76344445546468,6,3,1
2026-01-29 07:00:00,8.0,88,6.1,994.2,77.8,79.6,72.87185518961103,7,3,1
2026-01-29 08:00:00,9.1,86,7.3,994.8,82.0,84.5,66.38712688281693,8,3,1
2026-01-29 09:00:00,11.1,81,6.3,996.0,74.0,75.9,67.4234346026466,9,3,1
2026-01-29 10:00:00,13.5,72,4.3,996.5,60.1,60.8,63.283506021045504,10,3,1
2026-01-29 11:00:00,15.6,62,5.1,996.6,48.8,49.4,57.444033628796774,11,3,1
2026-01-29 12:00:00,17.1,55,5.7,995.7,39.5,40.5,67.76321422031947,12,3,1
2026-01-29 13:00:00,17.9,50,6.2,994.9,33.5,34.6,93.03635122208368,13,3,1
2026-01-29 14:00:00,18.3,49,6.1,994.2,29.9,31.0,113.28395225888207,14,3,1
2026-01-29 15:00:00,18.3,49,6.6,993.8,28.6,29.7,158.99315860082234,15,3,1
2026-01-29 16:00:00,17.8,51,5.5,993.6,29.7,30.7,192.26432757604692,16,3,1
2026-01-29 17:00:00,16.4,66,2.8,993.2,39.7,40.3,197.1680953979492,17,3,1
2026-01-29 18:00:00,14.7,67,3.1,993.3,61.2,61.9,180.90969042096822,18,3,1
2026-01-29 19:00:00,13.7,71,2.7,993.9,81.7,82.2,189.23573819115046,19,3,1
2026-01-29 20:00:00,13.1,72,1.1,993.6,92.7,93.8,187.03016662597656,20,3,1
2026-01-29 21:00:00,12.6,75,2.5,994.2,94.1,95.9,188.06269018990653,21,3,1
2026-01-29 22:00:00,12.5,76,2.0,994.3,96.6,99.0,204.9958575657436,22,3,1
2026-01-29 23:00:00,11.8,77,3.1,994.3,95.5,98.0,198.68211877732048,23,3,1
2026-01-30 00:00:00,11.5,77,3.5,994.1,86.1,88.9,166.41135700770786,0,4,1
2026-01-30 01:00:00,11.5,76,2.4,993.8,81.0,84.3,167.8623096284412,1,4,1
2026-01-30 02:00:00,10.8,78,3.0,993.0,79.4,82.7,192.38733320690338,2,4,1
2026-01-30 03:00:00,10.7,80,1.9,992.7,79.6,82.9,208.37920948485447,3,4,1
2026-01-30 04:00:00,9.6,83,2.3,992.6,81.7,85.0,207.19519594828287,4,4,1
2026-01-30 05:00:00,10.5,87,2.6,992.8,71.9,73.3,205.8719205523294,5,4,1
2026-01-30 06:00:00,10.1,86,3.0,993.3,73.8,75.9,144.65500977531312,6,4,1
2026-01-30 07:00:00,9.8,85,3.3,993.5,77.3,79.9,96.48405346643358,7,4,1
2026-01-30 08:00:00,10.7,82,5.5,994.1,79.6,82.7,76.40191270131913,8,4,1
2026-01-30 09:00:00,12.9,75,3.8,994.6,78.2,81.3,69.29584146529909,9,4,1
2026-01-30 10:00:00,15.5,65,2.3,995.0,72.4,75.0,62.789190583002,10,4,1
2026-01-30 11:00:00,17.7,54,2.6,995.0,60.5,61.2,63.855666605631505,11,4,1
2026-01-30 12:00:00,19.2,46,3.2,994.6,48.8,49.0,82.14833337692987,12,4,1
2026-01-30 13:00:00,20.0,43,2.8,993.5,42.1,42.8,115.07137502942767,13,4,1
2026-01-30 14:00:00,20.3,42,2.4,992.3,39.9,41.1,138.63551774706158,14,4,1
2026-01-30 15:00:00,20.3,42,2.3,991.4,39.5,40.9,192.59847026098345,15,4,1
2026-01-30 16:00:00,19.8,44,1.7,991.3,40.2,41.7,228.18970844632105,16,4,1
2026-01-30 17:00:00,18.2,66,0.9,991.1,58.9,60.1,229.11964656890385,17,4,1
2026-01-30 18:00:00,16.0,72,1.3,991.2,86.6,87.5,235.60921412876675,18,4,1
2026-01-30 19:00:00,14.6,78,1.9,991.3,109.7,110.6,239.86026186261856,19,4,1
2026-01-30 20:00:00,13.7,82,1.5,991.4,129.5,131.3,247.136095283145,20,4,1
2026-01-30 21:00:00,13.0,84,2.0,991.8,148.5,152.3,269.8062618800572,21,4,1
2026-01-30 22:00:00,12.2,85,2.7,991.9,163.0,168.1,274.33376587156266,22,4,1
2026-01-30 23:00:00,11.6,84,4.3,992.0,170.0,176.0,274.5487224942162,23,4,1
2026-01-31 00:00:00,11.8,82,2.5,992.1,166.2,171.4,280.29964305332726,0,5,1
2026-01-31 01:00:00,11.3,83,1.4,991.8,156.0,160.7,283.30068987891786,1,5,1
2026-01-31 02:00:00,10.4,87,2.3,991.6,151.8,156.0,278.2711425417946,2,5,1
2026-01-31 03:00:00,9.6,91,3.2,991.5,151.3,155.5,288.2526165685612,3,5,1
2026-01-31 04:00:00,8.9,93,2.3,991.3,152.3,156.5,258.0934583482288,4,5,1
2026-01-31 05:00:00,9.2,88,2.0,991.3,139.2,140.6,172.55590455191472,5,5,1
2026-01-31 06:00:00,8.4,90,1.4,991.6,156.9,157.9,130.39011902582078,6,5,1
2026-01-31 07:00:00,7.5,94,2.0,992.2,171.8,172.8,133.91783323742095,7,5,1
2026-01-31 08:00:00,8.4,93,3.6,993.1,189.5,190.0,139.91466068994433,8,5,1
2026-01-31 09:00:00,11.6,82,2.3,994.0,197.0,197.4,132.4314959874229,9,5,1
2026-01-31 10:00:00,15.0,70,2.3,994.7,186.7,187.2,141.36992496490478,10,5,1
2026-01-31 11:00:00,17.0,60,2.7,995.0,161.6,162.5,111.80754172007244,11,5,1
2026-01-31 12:00:00,18.4,54,2.9,994.3,127.6,128.5,133.28712478213842,12,5,1
2026-01-31 13:00:00,18.9,51,4.1,993.3,94.1,95.7,155.4304050904733,13,5,1
2026-01-31 14:00:00,19.2,48,4.8,992.4,78.2,80.3,151.83136841456096,14,5,1
2026-01-31 15:00:00,19.0,48,5.6,992.0,74.5,76.6,154.00062501695422,15,5,1
2026-01-31 16:00:00,18.5,50,6.9,991.8,74.7,76.6,161.61615269978842,16,5,1
2026-01-31 17:00:00,16.9,60,8.3,991.6,102.0,103.8,164.83602553120366,17,5,1
2026-01-31 18:00:00,15.1,68,6.4,991.9,124.3,126.2,181.86658337204548,18,5,1
2026-01-31 19:00:00,13.5,77,5.1,992.6,137.8,139.2,197.35386102464463,19,5,1
2026-01-31 20:00:00,12.7,81,4.9,993.0,151.3,152.7,210.5601112789578,20,5,1
2026-01-31 21:00:00,12.3,84,4.9,993.2,171.8,173.7,219.978277375963,21,5,1
2026-01-31 22:00:00,11.6,88,4.5,993.1,189.5,191.4,206.21405550638835,22,5,1
2026-01-31 23:00:00,11.5,90,4.1,993.5,200.2,202.1,210.48009102561255,23,5,1
2026-02-01 00:00:00,11.6,92,4.6,993.2,204.4,205.8,222.40586080763077,0,6,2
2026-02-01 01:00:00,11.4,92,5.2,992.9,206.3,207.7,221.28363863627115,1,6,2
2026-02-01 02:00:00,10.7,94,5.5,992.5,197.4,198.8,243.49482135348848,2,6,2
2026-02-01 03:00:00,10.0,95,5.2,992.4,189.1,190.5,277.49823293050133,3,6,2
2026-02-01 04:00:00,9.6,95,3.5,992.0,183.9,184.9,220.0268890380859,4,6,2
2026-02-01 05:00:00,9.5,97,1.0,992.5,175.1,176.5,174.9695554945204,5,6,2
2026-02-01 06:00:00,9.5,96,0.5,992.7,187.2,188.1,155.0112778133816,6,6,2
2026-02-01 07:00:00,9.3,96,0.7,993.0,189.1,190.0,152.9463333129883,7,6,2
2026-02-01 08:00:00,10.1,97,8.3,993.9,190.0,190.9,143.53337486267088,8,6,2
2026-02-01 09:00:00,12.0,92,3.2,994.7,190.5,190.9,116.59520829518635,9,6,2
2026-02-01 10:00:00,14.6,81,3.5,995.3,183.9,185.3,122.09310683477493,10,6,2
2026-02-01 11:00:00,16.7,72,0.8,995.6,166.7,168.6,136.89899993896483,11,6,2
2026-02-01 12:00:00,18.5,61,2.2,995.3,142.5,145.3,164.0271826305087,12,6,2
2026-02-01 13:00:00,19.3,53,3.3,994.5,116.4,120.6,191.82732404779506,13,6,2
2026-02-01 14:00:00,19.9,49,3.6,993.6,100.1,104.3,218.13440484294188,14,6,2
2026-02-01 15:00:00,20.0,48,2.8,993.5,91.5,95.7,240.10054862764147,15,6,2
2026-02-01 16:00:00,19.7,47,5.2,993.5,85.2,88.9,256.60886164417974,16,6,2
2026-02-01 17:00:00,18.5,56,6.3,993.0,106.2,110.6,271.149652311537,17,6,2
2026-02-01 18:00:00,16.5,63,6.9,993.5,117.8,122.0,265.3484514342414,18,6,2
2026-02-01 19:00:00,15.8,67,7.2,993.9,129.5,133.6,276.66747921837697,19,6,2
2026-02-01 20:00:00,14.4,74,7.0,994.2,138.8,142.5,296.63036244710287,20,6,2
2026-02-01 21:00:00,12.8,86,5.4,995.1,145.3,149.0,274.74911113315164,21,6,2
2026-02-01 22:00:00,11.5,92,3.0,995.5,153.2,156.9,260.19485404756335,22,6,2
2026-02-01 23:00:00,11.3,96,3.2,995.5,159.7,163.4,227.11980527242022,23,6,2
2026-02-02 00:00:00,11.3,97,1.2,995.7,158.3,162.1,207.39755541483558,0,0,2
2026-02-02 01:00:00,10.8,99,0.6,995.3,158.3,162.1,198.09947221544053,1,0,2
2026-02-02 02:00:00,10.3,100,0.7,994.8,158.8,162.5,248.60878451665243,2,0,2
2026-02-02 03:00:00,9.7,100,1.0,995.0,170.9,174.6,278.4101295188621,3,0,2
2026-02-02 04:00:00,9.7,99,5.5,995.1,174.6,177.9,284.0678335571289,4,0,2
2026-02-02 05:00:00,9.8,98,3.8,994.9,133.6,136.4,247.81769434611007,5,0,2
2026-02-02 06:00:00,9.6,97,3.9,995.1,133.6,136.0,221.1749054039849,6,0,2
2026-02-02 07:00:00,9.5,97,3.6,995.6,139.2,141.6,185.70525923128483,7,0,2
2026-02-02 08:00:00,9.9,97,2.3,996.2,150.9,152.3,144.60969445970326,8,0,2
2026-02-02 09:00:00,10.9,97,3.5,996.7,155.5,156.9,131.11469451056587,9,0,2
2026-02-02 10:00:00,13.1,89,1.9,997.0,144.8,146.7,127.34536799324883,10,0,2
2026-02-02 11:00:00,15.7,79,3.8,997.1,114.6,117.6,128.65930553012424,11,0,2
2026-02-02 12:00:00,17.5,69,4.0,996.2,93.8,97.6,150.60747218661837,12,0,2
2026-02-02 13:00:00,18.5,62,4.0,994.9,77.5,81.7,174.36688876681856,13,0,2
2026-02-02 14:00:00,19.1,58,3.8,994.2,69.2,73.8,189.09636116027832,14,0,2
2026-02-02 15:00:00,19.3,55,3.7,993.5,64.7,69.8,196.21095130708485,15,0,2
2026-02-02 16:00:00,19.1,55,4.0,993.3,63.8,68.9,212.6084167480469,16,0,2
2026-02-02 17:00:00,18.2,60,4.2,992.9,67.1,70.8,224.60853450563218,17,0,2
2026-02-02 18:00:00,16.4,68,5.1,992.7,85.4,89.4,241.3005417717828,18,0,2
2026-02-02 19:00:00,15.7,72,5.1,992.9,98.7,102.7,242.2843335469564,19,0,2
2026-02-02 20:00:00,15.1,75,5.2,992.9,102.9,106.9,245.50170675772208,20,0,2
2026-02-02 21:00:00,14.2,79,5.6,993.0,97.8,101.7,251.3999508433872,21,0,2
2026-02-02 22:00:00,13.9,79,3.9,992.8,93.6,97.3,253.19450877860743,22,0,2
2026-02-02 23:00:00,13.3,80,4.0,992.9,92.4,96.2,255.96413892110186,23,0,2
2026-02-03 00:00:00,12.9,80,4.5,992.5,92.7,96.4,264.4201950497097,0,1,2
2026-02-03 01:00:00,12.5,81,5.1,992.5,94.3,98.3,292.12696787869487,1,1,2
2026-02-03 02:00:00,11.6,83,5.8,992.3,96.4,100.6,312.0508887820774,2,1,2
2026-02-03 03:00:00,11.1,84,5.6,992.1,98.5,102.7,334.9407779269748,3,1,2
2026-02-03 04:00:00,10.5,84,5.8,991.9,101.0,105.2,312.53427793714735,4,1,2
2026-02-03 05:00:00,10.1,83,4.9,992.3,118.7,122.9,252.86549231211345,5,1,2
2026-02-03 06:00:00,9.8,82,2.5,992.7,121.5,125.7,178.0267497168647,6,1,2
2026-02-03 07:00:00,9.4,84,0.0,993.5,129.5,133.2,147.0299028184679,7,1,2
2026-02-03 08:00:00,10.2,85,1.3,994.3,139.2,142.5,126.01493941798356,8,1,2
2026-02-03 09:00:00,12.6,75,2.2,995.4,142.0,144.8,119.1804028193156,9,1,2
2026-02-03 10:00:00,15.2,64,2.9,996.4,133.2,136.4,117.77688095456077,10,1,2
2026-02-03 11:00:00,17.4,54,2.9,996.6,117.8,121.5,121.99690665774877,11,1,2
2026-02-03 12:00:00,19.6,46,2.4,996.3,102.4,106.6,150.20675987667508,12,1,2
2026-02-03 13:00:00,20.8,38,2.6,995.3,88.9,93.6,181.2857619694301,13,1,2
2026-02-03 14:00:00,21.1,35,3.3,994.5,80.1,85.7,199.27413492354134,14,1,2
2026-02-03 15:00:00,21.2,35,4.6,994.1,73.6,79.6,226.22564290364582,15,1,2
2026-02-03 16:00:00,20.7,37,6.6,994.3,73.1,78.9,246.76111715737878,16,1,2
2026-02-03 17:00:00,19.1,51,5.3,994.2,80.1,83.6,231.23964262462798,17,1,2
2026-02-03 18:00:00,16.8,61,4.9,994.4,108.5,112.2,204.26899382273356,18,1,2
2026-02-03 19:00:00,15.4,68,4.9,995.2,136.9,140.6,215.28100011916385,19,1,2
2026-02-03 20:00:00,14.1,74,4.9,995.5,156.0,159.7,233.40347582499186,20,1,2
2026-02-03 21:00:00,12.9,81,5.4,996.0,150.9,154.1,252.11866658528646,21,1,2
2026-02-03 22:00:00,12.2,83,3.2,996.2,146.2,149.9,284.76413459172323,22,1,2
2026-02-03 23:00:00,11.8,86,3.6,996.4,145.3,149.0,320.5092863900321,23,1,2
2026-02-04 00:00:00,11.5,86,3.9,996.5,146.7,150.9,327.2640949067615,0,2,2
2026-02-04 01:00:00,11.0,87,2.9,996.5,150.9,155.5,283.7922964449282,1,2,2
2026-02-04 02:00:00,10.4,90,1.9,996.4,159.7,164.4,311.79978473451405,2,2,2
2026-02-04 03:00:00,9.8,93,0.7,996.2,172.3,177.0,336.3015372767593,3,2,2
2026-02-04 04:00:00,9.0,96,3.1,996.2,182.1,186.7,313.9264659627279,4,2,2
2026-02-04 05:00:00,8.8,95,3.0,996.1,180.2,184.4,213.36608155684038,5,2,2
2026-02-04 06:00:00,8.1,99,3.7,996.5,183.5,187.7,171.9578888999091,6,2,2
2026-02-04 07:00:00,7.9,100,3.3,996.9,177.9,181.6,139.827071596075,7,2,2
2026-02-04 08:00:00,9.3,97,4.4,997.3,176.5,179.3,80.28500235169024,8,2,2
2026-02-04 09:00:00,12.1,87,2.4,998.1,176.5,178.8,66.8690834681193,9,2,2
2026-02-04 10:00:00,16.3,67,1.3,998.9,173.7,175.6,69.58141670227052,10,2,2
2026-02-04 11:00:00,19.1,51,4.5,998.9,129.0,132.7,71.79974306954277,11,2,2
2026-02-04 12:00:00,21.1,40,8.8,998.3,85.7,91.5,89.88769433763292,12,2,2
2026-02-04 13:00:00,21.9,36,10.8,997.2,54.0,62.4,131.4189444647895,13,2,2
2026-02-04 14:00:00,22.2,34,10.9,996.4,42.6,51.6,154.92067815639354,14,2,2
2026-02-04 15:00:00,22.2,32,10.2,995.9,37.8,46.8,165.00133340623645,15,2,2
2026-02-04 16:00:00,21.7,32,9.9,995.6,38.1,45.5,159.5045832739936,16,2,2
2026-02-04 17:00:00,20.7,37,8.2,995.2,41.3,45.4,156.09172219170463,17,2,2
2026-02-04 18:00:00,18.9,46,5.2,994.7,57.7,61.9,166.94038899739584,18,2,2
2026-02-04 19:00:00,17.9,50,5.6,994.7,67.1,70.8,171.52630577087402,19,2,2
2026-02-04 20:00:00,17.1,52,6.0,995.0,66.1,69.4,163.44356928931342,20,2,2
2026-02-04 21:00:00,15.9,56,6.3,994.9,62.9,65.4,170.46747228834366,21,2,2
2026-02-04 22:00:00,15.5,57,7.7,994.8,61.2,63.1,185.58305993256747,22,2,2
2026-02-04 23:00:00,14.8,64,7.7,995.0,58.8,60.3,211.74631196127999,23,2,2
2026-02-05 00:00:00,14.1,63,7.5,994.7,55.2,56.5,206.10486106872563,0,3,2
2026-02-05 01:00:00,13.3,62,6.7,994.3,52.7,54.2,219.10150707032946,1,3,2
2026-02-05 02:00:00,12.7,61,6.7,993.9,51.3,53.2,230.53516654968266,2,3,2
2026-02-05 03:00:00,12.0,61,6.8,993.4,50.3,52.7,239.3405552334256,3,3,2
2026-02-05 04:00:00,11.0,64,6.1,993.1,49.2,52.3,223.71447270711266,4,3,2
2026-02-05 05:00:00,10.3,73,5.9,993.1,60.5,63.1,171.9583001200358,5,3,2
2026-02-05 06:00:00,9.8,75,5.4,993.1,63.1,66.1,108.83356653849282,6,3,2
2026-02-05 07:00:00,9.4,76,3.9,993.6,67.8,71.0,88.0713665262858,7,3,2
2026-02-05 08:00:00,11.0,69,3.9,994.2,72.4,76.1,74.4777333577474,8,3,2
2026-02-05 09:00:00,13.4,59,2.3,995.0,72.9,75.9,68.64353342692057,9,3,2
2026-02-05 10:00:00,16.3,49,2.1,995.8,67.1,71.0,61.10736663818359,10,3,2
2026-02-05 11:00:00,19.1,39,3.6,995.9,58.9,63.8,54.71981956905789,11,3,2
2026-02-05 12:00:00,21.4,31,4.6,995.5,50.8,56.0,67.0940335591634,12,3,2
2026-02-05 13:00:00,22.6,27,6.2,994.5,42.4,47.5,103.5723636419123,13,3,2
2026-02-05 14:00:00,23.1,24,7.2,993.6,36.1,41.0,140.0605002339681,14,3,2
2026-02-05 15:00:00,23.2,23,7.2,993.1,32.7,37.4,178.18950506422254,15,3,2
2026-02-05 16:00:00,22.7,25,8.2,993.1,34.7,38.6,219.46337717550773,16,3,2
2026-02-05 17:00:00,21.5,28,6.6,993.3,58.8,61.7,251.27408324347604,17,3,2
2026-02-05 18:00:00,19.3,34,4.5,993.4,73.6,76.6,266.7305831061469,18,3,2
2026-02-05 19:00:00,18.5,38,2.2,993.9,89.9,92.7,239.86201734013025,19,3,2
2026-02-05 20:00:00,17.0,45,2.0,993.8,105.7,108.3,253.25136099921335,20,3,2
2026-02-05 21:00:00,15.1,55,1.4,993.9,116.4,119.7,258.62641648186576,21,3,2
2026-02-05 22:00:00,13.4,67,1.5,993.9,120.6,125.3,255.92149997287325,22,3,2
2026-02-05 23:00:00,13.0,75,0.8,994.0,116.9,122.9,259.7884724087185,23,3,2
2026-02-06 00:00:00,12.4,80,0.2,993.9,105.2,111.1,247.17030529446072,0,4,2
2026-02-06 01:00:00,11.4,84,0.3,993.8,94.1,99.4,256.84358325534396,1,4,2
2026-02-06 02:00:00,10.9,87,0.6,993.3,87.5,92.4,307.025693766276,2,4,2
2026-02-06 03:00:00,10.5,87,1.1,992.7,85.7,90.6,312.51855540805394,3,4,2
2026-02-06 04:00:00,10.1,87,3.3,992.3,85.7,90.8,254.43238860236272,4,4,2
2026-02-06 05:00:00,10.5,80,5.8,992.6,117.8,122.5,175.14411070081925,5,4,2
2026-02-06 06:00:00,10.7,74,5.7,992.9,112.2,116.6,120.60583343505861,6,4,2
2026-02-06 07:00:00,10.4,74,5.5,993.4,113.6,118.0,110.00145554436578,7,4,2
2026-02-06 08:00:00,12.4,65,5.7,994.2,126.2,130.4,75.12259733412002,8,4,2
2026-02-06 09:00:00,15.1,55,4.7,995.0,96.4,100.1,59.151138899061415,9,4,2
2026-02-06 10:00:00,18.0,47,1.3,995.5,75.0,78.2,56.98610404332479,10,4,2
2026-02-06 11:00:00,20.4,40,1.4,995.3,60.1,61.5,61.93020839691162,11,4,2
2026-02-06 12:00:00,22.6,34,2.8,994.7,54.0,55.3,86.2379050300235,12,4,2
2026-02-06 13:00:00,23.7,33,5.4,993.7,47.7,49.6,107.8030834197998,13,4,2
2026-02-06 14:00:00,24.1,34,7.2,992.8,45.1,47.7,149.9009307437473,14,4,2
2026-02-06 15:00:00,24.2,35,7.5,992.2,45.6,49.1,193.58328941839713,15,4,2
2026-02-06 16:00:00,23.9,35,6.6,991.5,50.8,54.2,228.75270839267307,16,4,2
2026-02-06 17:00:00,22.9,38,4.8,991.6,67.1,69.2,229.96930525037976,17,4,2
2026-02-06 18:00:00,20.3,47,2.4,991.6,92.9,95.2,266.2157499101427,18,4,2
2026-02-06 19:00:00,18.5,57,4.1,992.1,116.4,118.7,279.50044470893016,19,4,2
2026-02-06 20:00:00,16.9,66,3.6,992.4,136.9,139.7,326.2445829603407,20,4,2
2026-02-06 21:00:00,15.5,74,3.9,992.8,151.8,154.6,238.81722306145562,21,4,2
2026-02-06 22:00:00,14.4,80,4.0,992.8,162.1,165.8,194.2628264957004,22,4,2
2026-02-06 23:00:00,14.6,83,2.3,992.9,166.2,170.9,163.371129488062,23,4,2
2026-02-07 00:00:00,14.5,83,2.0,992.8,159.7,164.4,159.8776388168335,0,5,2
2026-02-07 01:00:00,14.6,81,0.2,992.6,140.2,144.4,131.9881110297309,1,5,2
2026-02-07 02:00:00,14.3,81,7.1,992.6,111.3,115.0,103.43799997965495,2,5,2
2026-02-07 03:00:00,13.7,77,5.5,992.1,82.9,89.6,91.06491661071777,3,5,2
2026-02-07 04:00:00,13.5,77,5.6,991.6,63.3,77.5,68.35758323669434,4,5,2
2026-02-07 05:00:00,13.9,78,5.6,991.7,43.5,71.0,51.368472247653536,5,5,2
2026-02-07 06:00:00,13.4,80,6.6,991.9,34.9,70.1,43.39577079878913,6,5,2
2026-02-07 07:00:00,12.3,84,5.9,992.4,34.2,71.2,34.093097212579515,7,5,2
2026-02-07 08:00:00,13.1,75,7.9,993.0,37.1,71.9,28.17111114925808,8,5,2
2026-02-07 09:00:00,15.1,57,6.5,993.5,39.0,65.9,23.50280549261305,9,5,2
2026-02-07 10:00:00,18.1,44,6.9,993.4,38.3,71.9,27.994643903019455,10,5,2
2026-02-07 11:00:00,20.4,35,10.4,993.6,37.1,76.1,31.32258469104767,11,5,2
2026-02-07 12:00:00,22.1,28,11.8,993.2,31.7,64.5,39.77862442388163,12,5,2
2026-02-07 13:00:00,22.9,25,11.7,992.2,24.5,49.0,55.212044934276896,13,5,2
2026-02-07 14:00:00,23.3,24,11.6,991.1,20.4,39.7,77.15663674672444,14,5,2
2026-02-07 15:00:00,23.3,21,12.2,990.6,18.3,34.7,91.14119051978703,15,5,2
2026-02-07 16:00:00,22.4,24,11.3,990.4,18.1,32.6,120.25123211996898,16,5,2
2026-02-07 17:00:00,21.3,29,11.3,989.8,21.6,26.1,132.99045239403134,17,5,2
2026-02-07 18:00:00,20.0,33,8.5,990.0,31.4,37.1,136.703835550944,18,5,2
2026-02-07 19:00:00,19.2,36,7.6,990.4,36.3,43.0,142.116797601609,19,5,2
2026-02-07 20:00:00,18.4,37,7.4,990.7,40.3,48.2,153.03719053722563,20,5,2
2026-02-07 21:00:00,17.4,38,7.0,991.1,44.8,54.5,172.05810239882697,21,5,2
2026-02-07 22:00:00,16.4,39,6.6,991.4,50.6,61.5,194.76546413784936,22,5,2
2026-02-07 23:00:00,15.3,48,6.4,991.2,53.2,65.0,191.15083920615058,23,5,2
2026-02-08 00:00:00,15.3,48,6.3,991.1,52.2,64.3,191.65333324614025,0,6,2
2026-02-08 01:00:00,14.4,52,6.2,990.8,51.3,63.1,217.98211916968935,1,6,2
2026-02-08 02:00:00,13.2,58,5.6,990.1,51.6,63.3,228.48675557999383,2,6,2
2026-02-08 03:00:00,12.3,63,5.7,989.7,52.6,63.8,233.02631558917818,3,6,2
2026-02-08 04:00:00,11.4,66,5.6,989.1,53.7,64.3,172.1695953732445,4,6,2
2026-02-08 05:00:00,10.5,75,4.8,989.2,55.9,65.2,140.7865198528956,5,6,2
2026-02-08 06:00:00,10.0,76,4.0,989.3,56.1,64.3,95.47132741837275,6,6,2
2026-02-08 07:00:00,9.4,78,4.8,989.8,60.5,68.2,77.82667262667701,7,6,2
2026-02-08 08:00:00,11.4,68,6.4,990.5,61.7,67.8,69.79754765828451,8,6,2
2026-02-08 09:00:00,14.0,57,4.0,991.3,58.2,62.4,57.11548467033354,9,6,2
2026-02-08 10:00:00,17.2,43,3.7,991.9,50.5,54.4,51.64172687438774,10,6,2
2026-02-08 11:00:00,20.0,34,4.6,992.1,41.9,44.7,50.12810748762211,11,6,2
2026-02-08 12:00:00,22.4,26,5.4,991.8,32.5,35.5,50.095658717079765,12,6,2
2026-02-08 13:00:00,23.7,21,6.2,990.6,25.0,28.8,69.50966860756041,13,6,2
2026-02-08 14:00:00,24.4,18,6.5,989.4,21.7,25.9,94.19910709744408,14,6,2
2026-02-08 15:00:00,24.5,18,6.1,988.7,20.5,25.0,104.35659532092868,15,6,2
2026-02-08 16:00:00,24.0,19,6.0,988.3,21.1,25.4,117.38028564453124,16,6,2
2026-02-08 17:00:00,22.9,22,5.2,988.1,35.7,39.1,131.34961903889976,17,6,2
2026-02-08 18:00:00,20.4,26,4.1,987.9,56.9,60.3,147.54902390979584,18,6,2
2026-02-08 19:00:00,19.5,29,4.1,988.2,72.6,76.1,158.43699994768414,19,6,2
2026-02-08 20:00:00,19.2,32,3.1,988.4,78.2,82.4,172.62411909557522,20,6,2
2026-02-08 21:00:00,18.7,35,3.2,988.7,76.1,80.6,192.2161905924479,21,6,2
2026-02-08 22:00:00,18.2,37,3.3,988.5,78.0,83.1,198.01999419984364,22,6,2
2026-02-08 23:00:00,17.3,45,3.3,988.6,84.3,90.1,210.62813923548137,23,6,2
2026-02-09 00:00:00,16.9,47,1.2,988.6,88.0,94.1,225.03701819465275,0,0,2
2026-02-09 01:00:00,16.4,52,0.7,988.4,89.4,95.9,229.69202412196566,1,0,2
2026-02-09 02:00:00,15.5,54,0.6,988.3,90.3,97.3,234.85604760306225,2,0,2
2026-02-09 03:00:00,14.3,55,0.3,988.2,94.3,101.7,244.57666673206148,3,0,2
2026-02-09 04:00:00,13.2,60,1.5,987.2,100.4,108.0,202.38863496931774,4,0,2
2026-02-09 05:00:00,12.0,72,2.3,987.3,118.0,125.3,151.8683512787592,5,0,2
2026-02-09 06:00:00,11.5,74,2.6,987.7,127.1,134.1,121.96575977771315,6,0,2
2026-02-09 07:00:00,11.4,73,2.9,988.2,144.8,151.8,121.50169840615892,7,0,2
2026-02-09 08:00:00,12.9,65,5.7,988.9,163.4,169.5,105.20301143844407,8,0,2
2026-02-09 09:00:00,15.8,54,3.5,989.9,122.9,128.5,95.84711708492704,9,0,2
2026-02-09 10:00:00,19.0,45,3.2,990.4,95.9,101.7,94.67124012841118,10,0,2
2026-02-09 11:00:00,21.4,39,3.8,991.0,73.1,77.8,90.59018057263087,11,0,2
2026-02-09 12:00:00,23.3,33,3.6,990.8,64.0,67.5,93.45488683609736,12,0,2
2026-02-09 13:00:00,24.3,29,1.9,989.9,52.6,56.7,103.11011708274721,13,0,2
2026-02-09 14:00:00,24.8,27,2.7,989.1,45.9,50.8,116.30119042169481,14,0,2
2026-02-09 15:00:00,24.4,29,6.2,988.7,42.1,47.3,129.27515076531304,15,0,2
2026-02-09 16:00:00,23.0,41,11.0,988.6,43.1,48.0,151.38220779617112,16,0,2
2026-02-09 17:00:00,20.8,53,11.7,988.4,61.9,66.4,172.19185110727946,17,0,2
2026-02-09 18:00:00,19.6,57,8.7,988.8,75.0,78.7,173.78857547215054,18,0,2
2026-02-09 19:00:00,19.1,62,7.9,989.5,85.2,88.9,172.68696841285345,19,0,2
2026-02-09 20:00:00,18.7,64,7.1,989.7,95.5,98.7,177.65918447403683,20,0,2
2026-02-09 21:00:00,17.6,69,7.4,990.2,103.4,106.4,189.47674017709397,21,0,2
2026-02-09 22:00:00,16.0,76,4.7,990.2,110.4,114.3,191.67072030022032,22,0,2
2026-02-09 23:00:00,15.4,78,5.2,990.2,116.6,121.5,197.76853610447475,23,0,2
2026-02-10 00:00:00,15.3,78,6.5,990.1,115.3,120.6,207.1177498227074,0,1,2
2026-02-10 01:00:00,14.9,79,7.4,989.8,105.5,110.1,211.6509939375378,1,1,2
2026-02-10 02:00:00,13.8,85,7.6,989.0,99.2,103.6,227.88133265177407,2,1,2
2026-02-10 03:00:00,13.4,86,7.7,988.6,97.8,102.7,244.10035333482048,3,1,2
2026-02-10 04:00:00,12.6,89,5.6,988.5,100.4,106.6,242.2510358356294,4,1,2
2026-02-10 05:00:00,12.0,92,4.1,989.2,110.4,117.3,219.00579169137137,5,1,2
2026-02-10 06:00:00,11.9,93,4.2,989.5,113.6,121.1,191.04652974264965,6,1,2
2026-02-10 07:00:00,11.6,94,2.2,990.7,126.2,133.6,140.48349032023597,7,1,2
2026-02-10 08:00:00,12.7,88,4.4,991.3,140.6,147.1,117.9843017093719,8,1,2
2026-02-10 09:00:00,15.0,76,3.1,992.0,131.3,136.9,104.64612105536082,9,1,2
2026-02-10 10:00:00,17.8,65,3.7,992.3,112.7,120.1,101.53393180153587,10,1,2
2026-02-10 11:00:00,19.8,58,7.3,993.1,95.7,100.6,102.01356942918567,11,1,2
2026-02-10 12:00:00,21.3,50,7.9,992.6,79.6,84.8,113.34446665445962,12,1,2
2026-02-10 13:00:00,22.3,43,7.8,992.0,64.5,70.3,119.44865502604732,13,1,2
2026-02-10 14:00:00,22.9,40,7.3,991.2,51.5,57.9,110.57326613885385,14,1,2
2026-02-10 15:00:00,22.9,38,8.5,991.2,43.2,49.6,106.44025926943179,15,1,2
2026-02-10 16:00:00,22.3,39,12.3,991.1,34.5,41.4,127.18872231377496,16,1,2
2026-02-10 17:00:00,21.9,43,8.5,990.8,28.9,36.0,133.5382945803394,17,1,2
2026-02-10 18:00:00,20.0,53,6.4,991.6,28.5,36.0,146.04571826268756,18,1,2
2026-02-10 19:00:00,18.5,60,9.3,992.7,28.2,37.0,131.39524013277085,19,1,2
2026-02-10 20:00:00,17.2,68,9.6,993.4,27.6,36.9,135.95073794410342,20,1,2
2026-02-10 21:00:00,16.3,73,7.1,994.1,26.8,35.4,105.8723491729252,21,1,2
2026-02-10 22:00:00,15.8,74,8.2,994.3,27.5,35.6,94.91196436200822,22,1,2
2026-02-10 23:00:00,15.8,77,5.7,994.0,29.0,37.3,88.4591248673278,23,1,2
2026-02-11 00:00:00,15.6,75,6.2,993.9,29.6,38.5,80.2544047401065,0,2,2
2026-02-11 01:00:00,14.8,75,5.0,993.9,32.4,42.7,90.11375975175338,1,2,2
2026-02-11 02:00:00,14.0,77,7.4,993.8,36.1,46.4,101.23316670372374,2,2,2
2026-02-11 03:00:00,13.4,76,9.5,993.9,36.3,44.8,94.7167619317125,3,2,2
2026-02-11 04:00:00,12.9,75,10.1,993.4,34.6,41.7,89.37335711887904,4,2,2
2026-02-11 05:00:00,12.8,65,11.2,993.9,34.7,40.3,72.62744657425654,5,2,2
2026-02-11 06:00:00,12.7,69,11.7,994.3,32.7,38.0,63.70162506103515,6,2,2
2026-02-11 07:00:00,12.4,73,11.2,994.8,34.6,39.7,48.088264020284015,7,2,2
2026-02-11 08:00:00,13.4,68,10.7,995.3,37.1,41.9,41.007583374447286,8,2,2
2026-02-11 09:00:00,15.6,59,7.6,996.0,38.3,42.7,41.943954361809624,9,2,2
2026-02-11 10:00:00,18.4,49,7.1,996.4,36.3,41.3,42.38732945881192,10,2,2
2026-02-11 11:00:00,21.3,42,9.3,996.7,34.1,39.1,45.162755975269135,11,2,2
2026-02-11 12:00:00,23.4,34,12.1,996.1,28.2,34.0,61.03176089657678,12,2,2
2026-02-11 13:00:00,24.4,30,12.8,995.2,27.0,35.7,77.96506698589133,13,2,2
2026-02-11 14:00:00,24.8,29,12.4,994.4,28.0,39.8,98.34324304792617,14,2,2
2026-02-11 15:00:00,24.6,29,11.2,993.9,27.3,38.9,104.17902017169527,15,2,2
2026-02-11 16:00:00,24.1,30,10.3,993.6,25.4,35.2,114.22748537858328,16,2,2
2026-02-11 17:00:00,23.0,34,8.8,993.5,23.6,29.6,124.48489876701719,17,2,2
2026-02-11 18:00:00,21.3,39,4.8,993.8,31.8,36.3,125.41789278302873,18,2,2
2026-02-11 19:00:00,20.3,42,5.2,994.1,41.0,44.7,132.91238085428873,19,2,2
2026-02-11 20:00:00,19.2,47,5.6,993.8,46.0,49.0,162.95166676839193,20,2,2
2026-02-11 21:00:00,18.2,52,5.9,994.0,46.7,49.0,178.7551667349679,21,2,2
2026-02-11 22:00:00,17.7,54,6.9,993.8,44.9,46.6,178.74024412064324,22,2,2
2026-02-11 23:00:00,17.3,60,8.0,994.1,42.1,43.3,207.0901666913714,23,2,2
2026-02-12 00:00:00,16.5,59,8.1,993.6,38.8,39.7,209.80583318074542,0,3,2
2026-02-12 01:00:00,15.1,63,6.0,993.4,36.8,37.6,205.43746848938957,1,3,2
2026-02-12 02:00:00,13.8,67,5.1,992.9,36.6,37.3,217.569662723844,2,3,2
2026-02-12 03:00:00,13.0,71,4.6,992.4,38.1,38.8,242.1496210945977,3,3,2
2026-02-12 04:00:00,12.2,74,4.4,991.8,39.9,41.0,211.58223031059146,4,3,2
2026-02-12 05:00:00,11.6,80,4.7,991.8,45.4,46.7,162.91439657317267,5,3,2
2026-02-12 06:00:00,11.5,81,5.2,991.9,45.5,47.4,86.95032624138726,6,3,2
2026-02-12 07:00:00,11.0,83,5.5,992.1,49.6,51.8,81.36054738073638,7,3,2
2026-02-12 08:00:00,13.0,71,7.3,992.6,52.4,54.7,68.84740110238394,8,3,2
2026-02-12 09:00:00,15.5,60,3.9,993.6,50.4,52.6,61.49990974002414,9,3,2
2026-02-12 10:00:00,18.4,49,3.0,993.8,42.3,43.9,54.39659719996982,10,3,2
2026-02-12 11:00:00,21.1,40,2.6,994.2,32.0,32.9,54.136291631062825,11,3,2
2026-02-12 12:00:00,23.5,32,3.2,993.7,20.4,22.2,75.08425697750515,12,3,2
2026-02-12 13:00:00,24.7,28,5.2,992.7,17.9,21.1,100.70155199368796,13,3,2
2026-02-12 14:00:00,25.4,25,5.6,992.0,17.1,21.5,131.6784113486608,14,3,2
2026-02-12 15:00:00,25.7,23,4.6,991.2,16.9,21.7,155.8880337025696,15,3,2
2026-02-12 16:00:00,25.5,23,4.3,990.8,17.1,21.8,178.15992057877358,16,3,2
2026-02-12 17:00:00,24.2,26,5.8,990.5,23.4,27.0,182.68700587863012,17,3,2
2026-02-12 18:00:00,22.4,30,5.4,990.5,41.0,44.1,187.98707151867094,18,3,2
2026-02-12 19:00:00,21.4,34,5.4,990.9,55.9,58.7,195.3542678378877,19,3,2
2026-02-12 20:00:00,20.2,38,5.0,990.9,67.8,70.3,191.42992243993848,20,3,2
2026-02-12 21:00:00,19.5,39,3.3,991.2,76.4,78.9,191.95411896478564,21,3,2
2026-02-12 22:00:00,18.8,41,1.5,991.0,85.0,88.2,201.8511667342413,22,3,2
2026-02-12 23:00:00,18.3,47,1.7,991.0,91.7,96.2,205.37804150354296,23,3,2
2026-02-13 00:00:00,17.2,50,2.0,991.0,95.2,100.1,215.1414586021787,0,4,2
2026-02-13 01:00:00,16.3,54,1.5,990.6,98.3,103.4,227.71449191381063,1,4,2
2026-02-13 02:00:00,15.3,57,2.0,990.2,100.1,105.2,236.17589880625408,2,4,2
2026-02-13 03:00:00,14.3,61,3.2,989.6,98.0,103.1,235.84426592985787,3,4,2
2026-02-13 04:00:00,13.5,65,3.6,988.8,96.4,101.3,228.88155568440754,4,4,2
2026-02-13 05:00:00,12.8,71,4.2,988.7,69.6,71.9,144.1358688899449,5,4,2
2026-02-13 06:00:00,12.5,72,3.5,988.7,72.9,75.9,74.46020817529588,6,4,2
2026-02-13 07:00:00,12.1,74,3.8,989.3,82.0,85.7,52.013613512553874,7,4,2
2026-02-13 08:00:00,13.9,66,6.2,990.1,94.1,98.7,42.7448591126336,8,4,2
2026-02-13 09:00:00,17.0,55,3.8,991.1,85.4,88.9,40.58692652535817,9,4,2
2026-02-13 10:00:00,19.9,47,3.4,991.5,74.0,76.4,42.77781155752757,10,4,2
2026-02-13 11:00:00,22.5,40,5.8,991.7,58.3,59.0,53.10775596073696,11,4,2
2026-02-13 12:00:00,24.7,31,7.0,991.3,36.8,37.3,92.27967257726759,12,4,2
2026-02-13 13:00:00,25.8,26,7.5,990.3,23.7,24.2,116.29349994114466,13,4,2
2026-02-13 14:00:00,26.4,22,7.4,989.3,20.0,20.5,129.25129568614656,14,4,2
2026-02-13 15:00:00,26.5,21,7.9,989.0,19.0,19.4,138.34849402109782,15,4,2
2026-02-13 16:00:00,26.0,22,7.5,988.5,18.7,19.2,144.29434523809525,16,4,2
2026-02-13 17:00:00,24.7,24,6.3,988.2,29.2,30.5,164.77076183500745,17,4,2
2026-02-13 18:00:00,22.7,30,5.4,988.5,49.4,50.6,197.49390480404807,18,4,2
2026-02-13 19:00:00,22.2,35,6.6,989.1,67.1,68.2,221.4504761105492,19,4,2
2026-02-13 20:00:00,20.8,40,5.2,989.6,76.4,77.5,227.03926159086683,20,4,2
2026-02-13 21:00:00,19.3,45,2.3,989.9,80.6,82.0,231.9024287269229,21,4,2
2026-02-13 22:00:00,17.3,52,5.3,990.1,88.0,89.6,256.37318448566253,22,4,2
2026-02-13 23:00:00,16.2,62,4.5,990.1,95.7,97.3,266.20340525309246,23,4,2
2026-02-14 00:00:00,16.0,66,3.3,990.3,101.5,103.1,267.04571467808313,0,5,2
2026-02-14 01:00:00,15.1,74,3.3,989.9,107.3,109.4,283.6231183733259,1,5,2
2026-02-14 02:00:00,14.0,82,3.5,989.6,112.0,115.7,318.1619523911249,2,5,2
2026-02-14 03:00:00,13.0,91,3.6,989.2,115.3,120.1,344.3804284232004,3,5,2
2026-02-14 04:00:00,12.4,95,3.2,988.8,116.4,122.0,283.1588961919149,4,5,2
2026-02-14 05:00:00,12.2,94,0.5,988.8,118.7,123.4,214.66900398875728,5,5,2
2026-02-14 06:00:00,11.9,95,0.2,989.0,121.1,126.2,139.323143869217,6,5,2
2026-02-14 07:00:00,11.4,97,0.2,989.4,130.4,136.0,88.63985087269485,7,5,2
2026-02-14 08:00:00,13.1,89,1.1,990.1,144.4,150.4,101.54977835645579,8,5,2
2026-02-14 09:00:00,17.5,68,1.6,991.0,122.0,125.7,91.66218458130245,9,5,2
2026-02-14 10:00:00,21.4,49,2.2,991.2,89.4,90.8,91.41853561401366,10,5,2
2026-02-14 11:00:00,23.8,40,5.2,991.6,66.6,68.7,95.09733327229819,11,5,2
2026-02-14 12:00:00,25.5,34,6.7,990.6,39.7,42.0,101.130916758946,12,5,2
2026-02-14 13:00:00,26.4,30,7.4,989.8,26.5,28.9,121.9414560918455,13,5,2
2026-02-14 14:00:00,26.9,28,7.6,988.9,23.3,25.7,149.30536281948997,14,5,2
2026-02-14 15:00:00,27.1,27,6.8,988.3,21.6,24.2,174.15414086901953,15,5,2
2026-02-14 16:00:00,26.7,28,7.2,987.7,20.6,23.5,183.6905596910617,16,5,2
2026-02-14 17:00:00,25.2,33,5.9,987.7,32.4,38.5,183.4959962613655,17,5,2
2026-02-14 18:00:00,23.4,38,5.3,988.0,42.7,47.7,200.71438082740423,18,5,2
2026-02-14 19:00:00,22.7,41,7.1,988.2,53.4,57.7,218.63366659255254,19,5,2
2026-02-14 20:00:00,21.6,45,5.8,988.4,58.7,62.6,209.3201491492135,20,5,2
2026-02-14 21:00:00,20.3,48,5.4,988.6,60.3,64.3,208.85592057969833,21,5,2
2026-02-14 22:00:00,19.4,50,5.5,988.2,62.9,67.1,229.82528561183386,22,5,2
2026-02-14 23:00:00,18.8,60,5.4,988.7,66.1,70.8,258.0055002848307,23,5,2
2026-02-15 00:00:00,18.4,61,4.5,988.3,68.9,73.8,278.0644514537993,0,6,2
2026-02-15 01:00:00,17.4,65,5.6,988.1,70.8,75.9,285.89147654942104,1,6,2
2026-02-15 02:00:00,16.6,68,6.0,988.1,71.0,76.1,295.00154735020226,2,6,2
2026-02-15 03:00:00,16.1,70,6.1,988.1,70.1,75.0,311.82366297337916,3,6,2
2026-02-15 04:00:00,14.7,76,5.0,987.7,69.8,74.5,260.05571349815085,4,6,2
2026-02-15 05:00:00,13.8,79,2.0,987.6,119.0,125.3,205.16445596129805,5,6,2
2026-02-15 06:00:00,13.2,82,1.1,987.7,117.1,123.9,142.483386460057,6,6,2
2026-02-15 07:00:00,12.6,85,0.3,987.9,127.6,134.1,90.80158322652181,7,6,2
2026-02-15 08:00:00,14.1,77,3.4,988.6,141.1,147.6,70.59063894483778,8,6,2
2026-02-15 09:00:00,17.6,62,1.8,989.6,117.1,122.0,62.2535912998139,9,6,2
2026-02-15 10:00:00,21.1,50,1.6,989.9,92.0,97.6,60.97841381708781,10,6,2
2026-02-15 11:00:00,23.7,43,4.2,990.2,64.7,71.2,59.27476978604756,11,6,2
2026-02-15 12:00:00,26.1,34,6.3,989.7,35.4,44.8,66.48377651820108,12,6,2
2026-02-15 13:00:00,27.3,26,9.0,988.9,23.3,35.7,92.25798206329345,13,6,2
2026-02-15 14:00:00,27.8,22,9.3,988.2,20.0,33.9,127.97819239601257,14,6,2
2026-02-15 15:00:00,27.8,23,8.4,987.6,18.7,32.9,169.74188659304664,15,6,2
2026-02-15 16:00:00,27.5,23,7.4,987.1,18.5,32.5,183.54448394472638,16,6,2
2026-02-15 17:00:00,26.6,25,6.3,987.1,23.2,36.1,179.35295228503998,17,6,2
2026-02-15 18:00:00,24.0,30,3.9,987.3,32.1,42.8,197.64590465000697,18,6,2
2026-02-15 19:00:00,23.0,33,2.1,987.6,44.9,55.6,205.12826760609946,19,6,2
2026-02-15 20:00:00,22.0,38,1.0,987.9,56.5,67.5,205.1161469959077,20,6,2
2026-02-15 21:00:00,20.2,40,0.9,988.1,68.2,79.9,211.07031046549477,21,6,2
2026-02-15 22:00:00,17.9,48,5.2,988.2,80.6,93.6,227.47881937178354,22,6,2
2026-02-15 23:00:00,16.8,61,5.4,988.1,91.3,106.6,223.31511898949034,23,6,2
2026-02-16 00:00:00,16.2,69,5.1,988.2,101.5,117.8,237.92773858933222,0,0,2
2026-02-16 01:00:00,15.2,79,4.7,987.7,111.5,127.6,254.07950032552085,1,0,2
2026-02-16 02:00:00,14.3,88,4.7,987.3,116.9,131.3,261.56895206996376,2,0,2
2026-02-16 03:00:00,13.7,92,3.4,987.0,111.1,125.3,273.33719717964294,3,0,2
2026-02-16 04:00:00,12.8,96,2.7,986.5,109.4,123.4,241.87372228834366,4,0,2
2026-02-16 05:00:00,12.4,97,2.9,986.6,102.4,115.3,157.275263871087,5,0,2
2026-02-16 06:00:00,11.8,100,2.5,986.8,107.8,121.5,132.7202060452214,6,0,2
2026-02-16 07:00:00,11.3,100,2.7,987.3,122.0,136.9,112.39547766791449,7,0,2
2026-02-16 08:00:00,12.5,97,4.3,987.6,134.6,145.8,99.28746476496796,8,0,2
2026-02-16 09:00:00,17.0,76,3.5,988.5,110.6,118.7,112.32913306402781,9,0,2
2026-02-16 10:00:00,21.7,55,3.5,989.3,85.9,95.5,116.48515892634316,10,0,2
2026-02-16 11:00:00,24.4,42,1.8,989.4,60.5,71.2,107.32869041079566,11,0,2
2026-02-16 12:00:00,26.7,31,0.9,989.1,40.0,50.5,111.69938094729469,12,0,2
2026-02-16 13:00:00,27.7,25,0.6,988.3,29.8,40.3,134.40341069357737,13,0,2
2026-02-16 14:00:00,28.0,23,1.5,987.1,27.7,38.1,157.9963750294277,14,0,2
2026-02-16 15:00:00,28.1,22,2.5,986.4,27.5,37.7,185.813069152832,15,0,2
2026-02-16 16:00:00,27.6,24,5.4,985.9,27.6,37.6,200.81697616577148,16,0,2
2026-02-16 17:00:00,25.5,39,8.4,985.6,39.3,52.2,215.87905330657958,17,0,2
2026-02-16 18:00:00,22.9,52,7.7,985.8,56.7,68.5,231.39190430414106,18,0,2
2026-02-16 19:00:00,21.3,58,4.5,986.4,75.9,87.1,219.39306580679755,19,0,2
2026-02-16 20:00:00,19.8,66,3.9,986.8,86.4,96.6,220.02210392146915,20,0,2
2026-02-16 21:00:00,18.9,70,3.9,987.5,91.0,100.6,222.95628560384117,21,0,2
2026-02-16 22:00:00,18.0,75,4.9,987.7,92.4,100.8,211.35523192087808,22,0,2
2026-02-16 23:00:00,17.2,86,5.0,987.9,91.5,99.2,207.66413619631814,23,0,2
2026-02-17 00:00:00,17.1,85,6.1,987.9,88.0,95.5,199.7285991487049,0,1,2
2026-02-17 01:00:00,16.6,83,6.0,987.8,87.1,95.0,196.922752289545,1,1,2
2026-02-17 02:00:00,16.0,83,6.1,987.4,88.2,96.2,188.69257144019716,2,1,2
2026-02-17 03:00:00,15.4,86,7.6,987.4,89.4,96.9,180.56783733065166,3,1,2
2026-02-17 04:00:00,14.6,90,5.2,987.6,90.1,96.6,174.7688330150786,4,1,2
2026-02-17 05:00:00,14.4,90,5.5,987.9,79.6,85.2,149.63461932227725,5,1,2
2026-02-17 06:00:00,14.0,91,5.2,988.4,79.6,85.0,127.94641263447112,6,1,2
2026-02-17 07:00:00,13.9,89,5.4,988.9,83.6,88.7,124.68489775224165,7,1,2
2026-02-17 08:00:00,15.4,79,7.6,989.8,87.8,92.4,119.40609194172754,8,1,2
2026-02-17 09:00:00,17.9,68,5.4,990.9,89.9,94.5,112.62844369958948,9,1,2
2026-02-17 10:00:00,20.6,58,6.5,991.4,84.8,91.0,111.29093327840171,10,1,2
2026-02-17 11:00:00,22.6,54,6.8,991.9,70.1,78.0,129.46452420022752,11,1,2
2026-02-17 12:00:00,23.9,50,8.6,991.7,51.6,60.5,133.22748784754012,12,1,2
2026-02-17 13:00:00,24.5,47,9.3,991.0,41.6,50.8,151.96721873283386,13,1,2
2026-02-17 14:00:00,25.1,43,10.1,990.0,38.6,47.7,173.53367700576783,14,1,2
2026-02-17 15:00:00,25.4,39,10.1,989.2,37.4,46.3,194.74688031673432,15,1,2
2026-02-17 16:00:00,25.0,39,7.7,989.1,36.7,45.4,188.56234708362155,16,1,2
2026-02-17 17:00:00,21.3,57,19.5,990.1,41.6,50.8,202.13909727126833,17,1,2
2026-02-17 18:00:00,20.0,60,3.8,989.1,49.7,57.2,203.6323847422524,18,1,2
2026-02-17 19:00:00,20.2,62,0.9,989.2,56.7,63.1,222.81103251073267,19,1,2
2026-02-17 20:00:00,19.7,63,0.9,989.4,61.0,66.8,225.05510076795306,20,1,2
2026-02-17 21:00:00,19.4,63,1.7,989.5,67.3,73.3,248.87111128549728,21,1,2
2026-02-17 22:00:00,19.2,63,6.4,989.3,77.8,84.5,221.57930944533578,22,1,2
2026-02-17 23:00:00,17.2,80,4.2,988.9,92.0,99.0,249.41976165771484,23,1,2
2026-02-18 00:00:00,17.0,82,1.5,988.4,104.1,111.1,266.4684153371043,0,2,2
2026-02-18 01:00:00,16.4,85,0.6,988.8,109.2,116.2,271.2880542028518,1,2,2
2026-02-18 02:00:00,15.8,88,1.8,988.3,113.2,120.1,268.7270008722941,2,2,2
2026-02-18 03:00:00,15.1,92,1.7,988.3,117.6,124.8,229.08590451195124,3,2,2
2026-02-18 04:00:00,14.5,93,2.4,987.9,123.4,130.9,203.21328575497583,4,2,2
2026-02-18 05:00:00,15.5,80,3.9,988.0,53.1,57.3,152.86293171969325,5,2,2
2026-02-18 06:00:00,15.6,80,1.5,989.4,52.4,56.6,121.24013750076294,6,2,2
2026-02-18 07:00:00,15.2,82,2.8,990.2,56.3,60.3,73.31596684773763,7,2,2
2026-02-18 08:00:00,17.0,74,7.1,991.1,55.2,58.7,74.21929987589519,8,2,2
2026-02-18 09:00:00,19.4,62,2.9,991.6,53.2,56.2,75.54963413924767,9,2,2
2026-02-18 10:00:00,22.4,46,4.7,991.7,51.1,54.5,77.33115192140852,10,2,2
2026-02-18 11:00:00,24.5,40,6.1,992.3,43.9,48.8,80.46008932022822,11,2,2
2026-02-18 12:00:00,23.6,41,6.7,992.1,36.4,42.7,95.53032127606748,12,2,2
2026-02-18 13:00:00,24.2,34,2.1,991.5,34.7,41.7,112.17862807223293,13,2,2
2026-02-18 14:00:00,24.5,35,6.6,990.7,33.9,40.9,152.8071909321679,14,2,2
2026-02-18 15:00:00,23.5,40,9.9,990.5,33.5,40.4,186.69309041765,15,2,2
2026-02-18 16:00:00,22.9,44,5.9,990.2,33.9,41.0,210.98075586046494,16,2,2
2026-02-18 17:00:00,23.4,44,3.4,989.6,30.5,36.8,232.06782627518558,17,2,2
2026-02-18 18:00:00,22.0,51,0.5,989.7,48.3,53.6,251.8615232921782,18,2,2
2026-02-18 19:00:00,20.6,56,1.0,990.3,66.6,71.7,270.7633093334379,19,2,2
2026-02-18 20:00:00,19.4,62,2.5,990.6,79.2,84.3,265.49723819551014,20,2,2
2026-02-18 21:00:00,18.8,65,1.5,990.5,93.1,98.5,252.3522381373814,21,2,2
2026-02-18 22:00:00,18.0,69,0.9,990.8,104.5,109.7,239.7098184164468,22,2,2
2026-02-18 23:00:00,18.5,73,1.0,990.8,107.3,112.7,233.04465308113706,23,2,2
2026-02-19 00:00:00,17.6,76,1.3,990.9,105.2,110.6,243.72869055611747,0,3,2
2026-02-19 01:00:00,16.2,83,1.3,990.7,103.1,108.7,245.87088110787528,1,3,2
2026-02-19 02:00:00,15.6,86,0.9,990.4,101.0,106.9,281.0067319688343,2,3,2
2026-02-19 03:00:00,15.2,87,0.3,990.7,99.9,105.9,275.3182249069214,3,3,2
2026-02-19 04:00:00,14.6,89,0.0,990.6,99.9,105.9,223.15880867110357,4,3,2
2026-02-19 05:00:00,14.3,90,6.0,991.2,128.1,133.2,175.9505451761111,5,3,2
2026-02-19 06:00:00,13.3,94,4.3,991.4,122.9,127.1,133.83492364353603,6,3,2
2026-02-19 07:00:00,13.0,95,3.1,991.8,130.4,134.6,106.7181499862671,7,3,2
2026-02-19 08:00:00,14.8,88,4.2,992.6,140.2,143.4,89.8536754263772,8,3,2
2026-02-19 09:00:00,18.3,73,2.7,993.4,115.3,117.6,86.66055959065754,9,3,2
2026-02-19 10:00:00,21.4,58,1.8,993.9,82.7,87.3,94.22719443790496,10,3,2
2026-02-19 11:00:00,23.0,49,2.7,993.7,68.5,74.5,101.6683154787336,11,3,2
2026-02-19 12:00:00,25.1,39,3.4,993.1,54.7,61.9,139.37373800731842,12,3,2
2026-02-19 13:00:00,26.3,34,3.0,992.2,48.8,55.5,164.1413572220575,13,3,2
2026-02-19 14:00:00,26.9,31,3.6,991.6,44.8,51.0,162.16177382696242,14,3,2
2026-02-19 15:00:00,27.0,29,3.9,991.1,41.6,47.0,179.7913868949527,15,3,2
2026-02-19 16:00:00,26.7,30,4.5,990.5,40.2,45.1,195.1300207879808,16,3,2
2026-02-19 17:00:00,26.3,31,5.5,990.8,33.6,36.7,213.706166627672,17,3,2
2026-02-19 18:00:00,24.0,39,3.4,991.1,54.4,57.2,219.29284716712107,18,3,2
2026-02-19 19:00:00,22.6,47,1.4,991.6,75.7,78.5,246.57063415527347,19,3,2
2026-02-19 20:00:00,21.4,52,0.5,992.3,88.0,90.3,253.91276723225914,20,3,2
2026-02-19 21:00:00,20.7,59,0.2,992.8,91.5,93.6,255.87786666870116,21,3,2
2026-02-19 22:00:00,19.1,61,3.5,993.0,93.4,95.2,236.5356396993001,22,3,2
2026-02-19 23:00:00,18.7,70,2.8,993.3,95.5,97.6,238.44161097208658,23,3,2
2026-02-20 00:00:00,18.1,73,2.0,993.3,96.9,99.2,271.09924675623574,0,4,2
2026-02-20 01:00:00,17.1,78,1.8,993.2,99.2,101.3,258.7150553385416,1,4,2
2026-02-20 02:00:00,16.1,83,2.6,993.0,102.7,105.0,291.3801666259766,2,4,2
2026-02-20 03:00:00,15.3,86,2.9,992.7,107.8,110.1,303.09042856125603,3,4,2
2026-02-20 04:00:00,15.1,87,1.4,992.5,112.9,115.5,279.946722539266,4,4,2
2026-02-20 05:00:00,14.0,90,0.5,992.8,105.5,108.5,249.61733791828155,5,4,2
2026-02-20 06:00:00,14.1,88,2.4,993.1,107.1,110.6,170.07774081759982,6,4,2
2026-02-20 07:00:00,14.4,86,3.3,993.8,120.1,123.9,145.9330667695545,7,4,2
2026-02-20 08:00:00,16.6,75,5.1,994.8,136.0,139.2,149.1980018124436,8,4,2
2026-02-20 09:00:00,19.7,63,2.6,995.7,117.3,120.6,146.2747656583786,9,4,2
2026-02-20 10:00:00,22.9,51,1.8,996.1,97.1,101.0,124.26754364134773,10,4,2
2026-02-20 11:00:00,24.4,45,3.6,996.4,81.7,85.7,112.45399799952432,11,4,2
2026-02-20 12:00:00,26.2,39,4.2,995.7,56.7,60.3,101.99812670018939,12,4,2
2026-02-20 13:00:00,27.1,35,5.1,994.7,44.5,47.8,113.81783337593079,13,4,2
2026-02-20 14:00:00,27.6,32,5.6,993.6,42.6,46.0,135.24944446351793,14,4,2
2026-02-20 15:00:00,27.8,31,6.7,992.8,42.4,45.8,143.17131242752075,15,4,2
2026-02-20 16:00:00,27.5,30,8.2,992.1,42.5,45.8,155.51761896042598,16,4,2
2026-02-20 17:00:00,26.6,33,9.0,991.7,45.5,48.9,170.66899407704673,17,4,2
2026-02-20 18:00:00,25.1,37,7.3,991.6,50.9,53.2,186.8094582421439,18,4,2
2026-02-20 19:00:00,23.9,42,7.6,991.7,56.0,58.0,199.1,19,4,2
2026-02-20 20:00:00,22.9,45,6.8,991.7,57.7,59.6,214.9640236627488,20,4,2
2026-02-20 21:00:00,21.8,47,5.4,991.5,58.0,59.8,216.36792849586124,21,4,2
2026-02-20 22:00:00,20.9,50,5.6,991.0,60.1,61.9,210.255059723627,22,4,2
2026-02-20 23:00:00,19.9,65,6.1,990.8,63.1,65.2,212.12009520757766,23,4,2
2026-02-21 00:00:00,19.8,65,7.1,990.5,64.3,66.4,200.28591697329566,0,5,2
2026-02-21 01:00:00,18.9,68,8.1,990.2,65.2,67.3,204.28028560820078,1,5,2
2026-02-21 02:00:00,18.3,67,7.8,989.5,66.8,69.2,210.08430926005047,2,5,2
2026-02-21 03:00:00,17.8,66,8.0,989.0,69.2,71.5,186.56428185114785,3,5,2
2026-02-21 04:00:00,17.2,66,7.5,988.6,71.5,73.8,160.30228576660153,4,5,2
2026-02-21 05:00:00,16.3,68,7.1,988.3,79.9,82.2,131.91472227308486,5,5,2
2026-02-21 06:00:00,15.7,71,6.3,988.2,82.0,84.1,114.37038900587294,6,5,2
2026-02-21 07:00:00,15.1,74,5.2,988.5,85.4,87.5,84.99671072203014,7,5,2
2026-02-21 08:00:00,16.7,67,5.5,989.1,84.5,86.4,71.21717839922223,8,5,2
2026-02-21 09:00:00,19.3,57,1.4,989.7,79.2,80.6,62.30592855725969,9,5,2
2026-02-21 10:00:00,22.0,48,0.9,990.1,67.1,68.9,62.18945310115815,10,5,2
2026-02-21 11:00:00,24.0,43,2.3,990.2,49.1,51.2,71.14720225561233,11,5,2
2026-02-21 12:00:00,26.2,35,4.0,989.5,36.4,38.8,81.25083344777426,12,5,2
2026-02-21 13:00:00,27.4,30,5.3,988.6,31.8,33.9,93.43476836299484,13,5,2
2026-02-21 14:00:00,27.9,27,5.9,987.2,29.5,31.7,118.30187293158637,14,5,2
2026-02-21 15:00:00,28.0,25,6.5,986.2,28.9,31.2,123.55863895719014,15,5,2
2026-02-21 16:00:00,27.5,25,7.6,985.5,28.5,30.9,139.48395831698463,16,5,2
2026-02-21 17:00:00,27.0,25,8.3,985.2,32.2,34.2,165.73873810541062,17,5,2
2026-02-21 18:00:00,25.1,30,5.0,985.4,43.2,44.7,178.8628032411848,18,5,2
2026-02-21 19:00:00,23.5,37,4.1,985.7,57.9,59.4,191.25997860863097,19,5,2
2026-02-21 20:00:00,22.7,42,1.2,985.5,69.6,71.5,212.32786915188743,20,5,2
2026-02-21 21:00:00,21.1,45,1.3,985.5,81.5,83.1,204.87383342319063,21,5,2
2026-02-21 22:00:00,19.3,56,1.7,985.2,94.8,96.4,205.0551111433241,22,5,2
2026-02-21 23:00:00,19.1,60,0.5,985.1,108.3,110.1,208.61708337692988,23,5,2
2026-02-22 00:00:00,18.8,61,0.4,985.0,117.1,119.2,244.4102080390567,0,6,2
2026-02-22 01:00:00,18.3,64,0.7,984.6,122.5,124.3,249.01290508451916,1,6,2
2026-02-22 02:00:00,17.6,65,1.0,984.4,126.7,128.5,260.2638808840797,2,6,2
2026-02-22 03:00:00,17.2,68,0.7,983.8,130.4,132.2,278.3473571414039,3,6,2
2026-02-22 04:00:00,16.7,71,0.5,983.3,134.1,136.0,210.09851163228356,4,6,2
2026-02-22 05:00:00,15.4,81,0.5,983.2,115.5,118.0,131.99956254381124,5,6,2
2026-02-22 06:00:00,14.7,85,0.6,983.3,123.4,125.7,110.99600009918214,6,6,2
2026-02-22 07:00:00,14.1,87,1.1,983.8,138.8,141.1,95.09170840581258,7,6,2
2026-02-22 08:00:00,15.9,78,3.3,984.5,158.3,160.7,78.11464392344158,8,6,2
2026-02-22 09:00:00,20.0,60,2.6,985.3,122.0,124.3,71.14518400298225,9,6,2
2026-02-22 10:00:00,23.4,47,2.3,985.8,97.1,100.1,64.60821360747019,10,6,2
2026-02-22 11:00:00,25.5,39,2.4,985.8,75.9,79.9,64.16307298342387,11,6,2
2026-02-22 12:00:00,27.4,32,3.3,985.3,53.8,57.9,70.90654761904761,12,6,2
2026-02-22 13:00:00,28.3,28,4.6,984.6,45.1,48.7,94.98530952816918,13,6,2
2026-02-22 14:00:00,28.5,26,5.9,983.6,38.9,42.5,121.1303631282988,14,6,2
2026-02-22 15:00:00,28.6,25,7.5,983.3,35.6,39.9,131.59574586171954,15,6,2
2026-02-22 16:00:00,28.2,26,8.8,983.1,34.1,38.6,134.63861108204676,16,6,2
2026-02-22 17:00:00,27.4,28,5.7,982.9,43.5,48.8,141.04007136027016,17,6,2
2026-02-22 18:00:00,24.6,37,2.5,983.3,65.7,70.3,147.97574993315197,18,6,2
2026-02-22 19:00:00,22.8,49,4.2,984.0,91.0,95.7,143.36026193527945,19,6,2
2026-02-22 20:00:00,21.1,61,6.3,984.1,109.7,114.3,147.98849988664898,20,6,2
2026-02-22 21:00:00,20.0,69,5.1,984.4,122.0,125.7,168.2984522138323,21,6,2
2026-02-22 22:00:00,19.3,74,4.6,984.5,122.5,125.7,201.6917250959388,22,6,2
2026-02-22 23:00:00,18.8,80,4.5,984.3,118.3,121.5,227.14372602190292,23,6,2
2026-02-23 00:00:00,18.3,81,4.5,983.8,115.0,117.8,244.36300031873915,0,0,2
2026-02-23 01:00:00,17.3,85,4.3,983.6,112.9,115.3,222.02607607160294,1,0,2
2026-02-23 02:00:00,16.4,89,4.0,983.2,112.0,114.6,221.36806252002714,2,0,2
2026-02-23 03:00:00,15.6,92,3.4,982.7,113.2,115.7,203.6486477586958,3,0,2
2026-02-23 04:00:00,15.1,93,2.2,982.5,115.3,118.0,147.77902767658233,4,0,2
2026-02-23 05:00:00,14.4,95,2.3,982.8,110.4,112.5,116.88878466818068,5,0,2
2026-02-23 06:00:00,14.0,96,3.4,983.2,111.8,114.1,103.70219444698758,6,0,2
2026-02-23 07:00:00,13.9,97,3.9,984.0,112.2,114.6,91.48178964039634,7,0,2
2026-02-23 08:00:00,16.4,86,4.4,985.1,104.8,106.9,93.55472621009463,8,0,2
2026-02-23 09:00:00,20.0,70,3.4,986.1,92.7,95.0,85.91325356695387,9,0,2
2026-02-23 10:00:00,23.3,54,3.6,986.4,75.9,79.4,81.91417016877068,10,0,2
2026-02-23 11:00:00,25.2,44,2.7,986.8,55.1,59.3,87.68908427079518,11,0,2
2026-02-23 12:00:00,27.2,34,0.7,986.2,42.5,47.7,107.48253121376038,12,0,2
2026-02-23 13:00:00,28.2,29,2.4,985.6,39.3,45.8,118.58722387154897,13,0,2
2026-02-23 14:00:00,28.8,25,4.9,984.7,35.0,41.4,143.22025610605877,14,0,2
2026-02-23 15:00:00,28.7,23,6.7,984.4,33.5,39.7,173.75023140939726,15,0,2
2026-02-23 16:00:00,28.2,24,7.1,984.0,32.7,38.6,192.46335381071634,16,0,2
2026-02-23 17:00:00,27.5,25,6.5,984.1,43.5,50.4,187.28602037682106,17,0,2
2026-02-23 18:00:00,25.1,32,4.1,984.1,55.9,62.2,201.95967343648275,18,0,2
2026-02-23 19:00:00,23.4,41,3.4,984.8,73.6,80.1,186.0705696105957,19,0,2
2026-02-23 20:00:00,21.6,50,1.8,985.2,86.8,93.4,156.07684705522325,20,0,2
2026-02-23 21:00:00,20.0,61,3.7,985.6,97.6,103.8,141.53388883802626,21,0,2
2026-02-23 22:00:00,19.2,67,1.6,985.6,106.9,113.4,138.11475003560383,22,0,2
2026-02-23 23:00:00,18.7,76,1.5,985.6,115.0,122.0,139.04994447496202,23,0,2
2026-02-24 00:00:00,17.6,83,1.3,985.5,121.5,128.5,151.18849995930987,0,1,2
2026-02-24 01:00:00,16.7,87,1.7,985.4,133.2,140.6,167.53566635594223,1,1,2
2026-02-24 02:00:00,16.2,89,1.5,984.8,144.4,151.3,165.31230951944985,2,1,2
2026-02-24 03:00:00,15.8,90,2.4,984.5,152.3,159.3,169.18203579130628,3,1,2
2026-02-24 04:00:00,15.2,92,0.3,984.3,157.9,164.4,152.12500411139595,4,1,2
2026-02-24 05:00:00,15.0,94,0.8,984.4,130.4,135.0,147.30297911961875,5,1,2
2026-02-24 06:00:00,13.9,99,1.1,984.7,130.4,135.5,138.01166592491998,6,1,2
2026-02-24 07:00:00,13.3,100,2.6,985.8,136.9,142.5,115.09732809861501,7,1,2
2026-02-24 08:00:00,14.5,97,4.3,986.9,137.8,142.0,106.6125,8,1,2
2026-02-24 09:00:00,18.8,75,3.0,987.8,120.1,123.9,84.9,9,1,2
2026-02-24 10:00:00,22.8,56,3.2,988.3,94.3,99.0,81.475,10,1,2
2026-02-24 11:00:00,24.9,45,2.1,988.8,71.2,77.1,77.51428571428572,11,1,2
2026-02-24 12:00:00,27.1,34,0.7,988.5,49.7,56.1,82.35,12,1,2
2026-02-24 13:00:00,28.1,28,2.7,987.6,41.8,48.1,97.3,13,1,2
2026-02-24 14:00:00,28.6,24,4.7,986.8,37.1,43.3,112.98571428571428,14,1,2
2026-02-24 15:00:00,28.7,22,6.5,986.3,34.9,40.9,152.3857142857143,15,1,2
2026-02-24 16:00:00,28.3,22,7.3,986.1,34.1,39.8,190.18571428571428,16,1,2
2026-02-24 17:00:00,27.3,23,7.6,986.0,51.3,58.8,217.0142857142857,17,1,2
2026-02-24 18:00:00,24.9,30,1.8,986.4,66.6,73.6,220.84285714285716,18,1,2
2026-02-24 19:00:00,23.4,35,0.4,987.0,86.4,93.8,220.5142857142857,19,1,2
2026-02-24 20:00:00,21.6,45,3.1,987.4,102.9,110.4,208.6,20,1,2
2026-02-24 21:00:00,20.1,58,4.0,987.6,117.1,124.8,167.58571428571426,21,1,2
2026-02-24 22:00:00,19.0,66,3.7,987.6,131.3,139.2,178.92857142857142,22,1,2
2026-02-24 23:00:00,18.7,78,2.6,987.7,147.1,155.5,189.05714285714288,23,1,2
2026-02-25 00:00:00,18.2,83,1.9,987.6,157.9,165.8,195.5285714285714,0,2,2
2026-02-25 01:00:00,17.5,86,1.1,987.3,161.6,168.6,199.3166666666667,1,2,2
2026-02-25 02:00:00,17.0,87,1.0,987.1,162.1,169.0,208.0666666666667,2,2,2
2026-02-25 03:00:00,15.9,92,1.5,986.7,162.1,169.0,223.16666666666666,3,2,2
2026-02-25 04:00:00,14.9,95,2.8,986.3,162.5,169.5,209.85,4,2,2
2026-02-25 05:00:00,14.2,99,1.8,986.3,145.8,151.3,158.8857142857143,5,2,2
2026-02-25 06:00:00,13.9,99,2.8,986.7,142.5,148.1,131.7875,6,2,2
2026-02-25 07:00:00,13.5,99,2.3,987.2,143.0,147.6,105.5,7,2,2
2026-02-25 08:00:00,14.5,97,2.0,988.1,131.3,134.6,85.4,8,2,2
2026-02-25 09:00:00,18.9,78,1.8,989.0,123.4,125.7,72.3125,9,2,2
2026-02-25 10:00:00,23.2,56,1.9,989.5,99.7,102.2,60.9,10,2,2
2026-02-25 11:00:00,26.1,41,3.8,989.5,73.1,76.1,58.275000000000006,11,2,2
2026-02-25 12:00:00,28.1,30,5.6,988.9,46.0,49.8,64.6,12,2,2
2026-02-25 13:00:00,28.8,26,7.5,988.0,38.1,42.5,81.6,13,2,2
2026-02-25 14:00:00,29.2,22,9.1,987.1,33.3,37.5,101.4375,14,2,2
2026-02-25 15:00:00,29.1,21,9.4,986.6,31.2,35.3,117.6375,15,2,2
2026-02-25 16:00:00,28.7,21,9.4,986.2,30.2,34.1,125.2875,16,2,2
2026-02-25 17:00:00,27.5,25,10.3,986.2,41.2,45.9,139.55,17,2,2
2026-02-25 18:00:00,26.1,30,8.4,986.4,49.4,53.8,154.7625,18,2,2
2026-02-25 19:00:00,25.0,35,6.4,986.9,59.5,63.8,198.2375,19,2,2
2026-02-25 20:00:00,23.7,40,4.6,987.2,67.1,71.5,194.1625,20,2,2
2026-02-25 21:00:00,22.6,45,0.7,987.5,73.8,78.5,165.0,21,2,2
2026-02-25 22:00:00,20.8,49,3.6,987.9,81.7,86.1,172.8,22,2,2
2026-02-25 23:00:00,20.1,58,2.9,987.8,88.5,93.4,189.375,23,2,2
2026-02-26 00:00:00,20.0,59,2.0,987.7,94.1,99.0,205.2,0,3,2
2026-02-26 01:00:00,18.9,63,0.3,987.4,98.3,102.7,221.5875,1,3,2
2026-02-26 02:00:00,17.2,68,3.8,986.9,100.4,104.5,258.6375,2,3,2
2026-02-26 03:00:00,16.2,73,2.7,986.3,100.1,104.1,282.7625,3,3,2
2026-02-26 04:00:00,15.3,79,2.5,985.7,97.8,101.5,264.2375,4,3,2
2026-02-26 05:00:00,15.2,85,2.0,985.3,138.8,143.4,184.55,5,3,2
2026-02-26 06:00:00,15.0,86,0.0,985.3,140.6,145.3,128.65,6,3,2
2026-02-26 07:00:00,14.8,87,2.6,985.5,153.2,158.3,101.4,7,3,2
2026-02-26 08:00:00,17.3,74,3.8,986.3,160.2,163.4,96.175,8,3,2
2026-02-26 09:00:00,21.4,58,1.3,986.9,127.1,130.4,76.6625,9,3,2
2026-02-26 10:00:00,24.5,45,0.7,986.9,92.0,95.9,51.325,10,3,2
2026-02-26 11:00:00,26.3,34,4.8,986.9,66.4,70.3,48.55,11,3,2
2026-02-26 12:00:00,28.3,26,7.3,986.4,44.1,48.2,71.325,12,3,2
2026-02-26 13:00:00,29.1,23,8.6,985.3,37.1,41.6,81.6125,13,3,2
2026-02-26 14:00:00,29.4,21,9.7,984.3,32.5,37.6,94.3375,14,3,2
2026-02-26 15:00:00,29.3,22,10.5,983.6,30.2,35.5,102.15,15,3,2
2026-02-26 16:00:00,28.6,23,11.0,983.0,29.6,34.9,114.5,16,3,2
2026-02-26 17:00:00,27.7,25,11.4,982.6,34.9,39.6,128.17142857142855,17,3,2
2026-02-26 18:00:00,26.4,29,7.3,982.6,41.9,45.3,140.425,18,3,2
2026-02-26 19:00:00,25.0,33,5.1,982.9,48.5,51.7,153.08571428571426,19,3,2
2026-02-26 20:00:00,23.5,38,3.9,983.1,56.1,59.5,169.15714285714284,20,3,2
2026-02-26 21:00:00,22.3,43,1.9,983.4,64.5,68.0,208.0,21,3,2
2026-02-26 22:00:00,20.6,49,2.2,983.3,74.3,78.0,209.9857142857143,22,3,2
2026-02-26 23:00:00,20.0,53,3.8,983.1,84.5,88.5,175.75714285714284,23,3,2
2026-02-27 00:00:00,19.1,55,3.6,982.8,92.0,96.2,164.3375,0,4,2
2026-02-27 01:00:00,17.8,59,4.5,982.7,97.3,101.5,152.95,1,4,2
2026-02-27 02:00:00,17.5,60,2.3,982.6,99.9,103.6,154.575,2,4,2
2026-02-27 03:00:00,16.2,65,6.1,982.3,100.4,103.6,141.1,3,4,2
2026-02-27 04:00:00,15.1,72,4.7,981.8,99.9,102.9,149.1625,4,4,2
2026-02-27 05:00:00,15.3,80,1.5,982.1,105.7,108.5,101.725,5,4,2
2026-02-27 06:00:00,14.8,83,3.7,982.2,110.8,114.1,71.875,6,4,2
2026-02-27 07:00:00,14.8,82,5.2,982.8,119.7,122.9,66.7375,7,4,2
2026-02-27 08:00:00,17.3,70,6.5,983.5,119.7,122.5,62.925,8,4,2
2026-02-27 09:00:00,21.0,57,3.9,984.4,104.5,106.9,66.575,9,4,2
2026-02-27 10:00:00,24.3,44,5.5,984.6,80.3,83.6,63.9375,10,4,2
2026-02-27 11:00:00,26.3,37,3.2,984.6,58.3,63.8,79.15,11,4,2
2026-02-27 12:00:00,28.4,30,1.5,984.2,42.4,55.3,91.075,12,4,2
2026-02-27 13:00:00,29.3,26,0.6,983.4,38.5,58.1,106.96249999999999,13,4,2
2026-02-27 14:00:00,28.5,24,9.4,982.9,37.6,60.3,131.05714285714285,14,4,2
2026-02-27 15:00:00,28.9,22,5.8,982.2,38.0,62.2,139.275,15,4,2
2026-02-27 16:00:00,28.7,23,4.4,981.4,39.1,64.0,135.075,16,4,2
2026-02-27 17:00:00,28.2,25,4.9,981.1,32.1,78.0,153.1625,17,4,2
2026-02-27 18:00:00,26.5,28,5.6,981.3,50.3,93.1,175.4125,18,4,2
2026-02-27 19:00:00,25.2,32,3.9,982.0,74.5,118.5,181.4625,19,4,2
2026-02-27 20:00:00,24.5,35,1.2,982.1,90.1,135.5,198.725,20,4,2
2026-02-27 21:00:00,22.8,37,4.4,982.3,97.8,143.4,225.025,21,4,2
2026-02-27 22:00:00,21.4,42,5.6,982.0,96.9,135.0,224.9875,22,4,2
2026-02-27 23:00:00,21.3,51,8.8,982.0,88.5,118.5,237.85,23,4,2
2026-02-28 00:00:00,20.5,64,8.7,981.9,83.1,107.8,259.45,0,5,2
2026-02-28 01:00:00,19.7,76,6.6,982.1,82.9,103.1,260.8,1,5,2
2026-02-28 02:00:00,19.1,80,6.3,982.2,84.5,101.3,218.1625,2,5,2
2026-02-28 03:00:00,18.3,83,5.1,981.9,86.6,100.8,181.7625,3,5,2
2026-02-28 04:00:00,17.4,84,4.4,981.7,89.4,102.0,153.975,4,5,2
2026-02-28 05:00:00,17.2,89,0.9,981.6,76.8,95.5,128.4125,5,5,2
2026-02-28 06:00:00,17.0,90,0.6,981.9,83.6,102.2,79.1625,6,5,2
2026-02-28 07:00:00,16.4,94,2.6,982.5,94.8,113.2,45.11666666666667,7,5,2
2026-02-28 08:00:00,18.3,85,6.5,983.8,105.0,118.3,39.4,8,5,2
2026-02-28 09:00:00,21.1,72,4.8,984.7,88.5,101.0,42.15,9,5,2
2026-02-28 10:00:00,24.2,59,5.0,984.9,62.4,80.1,41.65,10,5,2
2026-02-28 11:00:00,26.4,46,5.1,985.2,39.1,66.8,46.36666666666667,11,5,2
2026-02-28 12:00:00,28.3,36,5.0,984.7,32.2,65.4,63.34285714285714,12,5,2
2026-02-28 13:00:00,29.2,29,5.4,983.8,28.8,66.4,74.88571428571429,13,5,2
2026-02-28 14:00:00,29.5,25,6.8,982.7,25.8,61.7,105.71428571428571,14,5,2
2026-02-28 15:00:00,29.6,24,8.3,982.5,23.7,56.8,125.34285714285714,15,5,2
2026-02-28 16:00:00,29.2,24,9.4,982.0,23.0,53.9,115.37142857142858,16,5,2
2026-02-28 17:00:00,28.5,24,10.0,982.1,26.8,55.1,120.15714285714286,17,5,2
2026-02-28 18:00:00,26.9,29,8.2,982.4,34.3,55.3,131.77142857142857,18,5,2
2026-02-28 19:00:00,25.3,40,8.6,982.9,40.4,60.3,149.57142857142858,19,5,2
2026-02-28 20:00:00,24.0,46,7.5,983.1,43.9,64.3,170.27142857142857,20,5,2
2026-02-28 21:00:00,22.9,49,5.8,983.4,46.0,67.5,178.4,21,5,2
2026-02-28 22:00:00,22.1,51,5.8,983.5,49.5,71.7,185.6142857142857,22,5,2
2026-02-28 23:00:00,21.2,59,6.0,983.3,52.2,75.0,181.72857142857143,23,5,2
2026-03-01 00:00:00,21.2,58,6.8,983.3,53.4,77.1,201.67142857142858,0,6,3
2026-03-01 01:00:00,20.5,60,7.1,983.3,55.3,79.4,200.0,1,6,3
2026-03-01 02:00:00,19.8,64,8.1,983.0,58.2,83.8,186.27142857142857,2,6,3
2026-03-01 03:00:00,19.2,65,8.2,982.9,61.0,88.7,153.74285714285716,3,6,3
2026-03-01 04:00:00,18.2,68,7.9,982.5,62.9,92.4,123.84285714285714,4,6,3
2026-03-01 05:00:00,17.5,69,5.8,982.3,63.6,89.4,119.42857142857143,5,6,3
2026-03-01 06:00:00,17.0,70,5.5,982.8,66.4,94.3,81.21428571428571,6,6,3
2026-03-01 07:00:00,16.3,73,4.9,983.2,73.3,102.7,56.1,7,6,3
2026-03-01 08:00:00,18.1,64,7.5,983.9,76.4,98.3,48.81428571428571,8,6,3
2026-03-01 09:00:00,21.2,52,3.0,984.7,69.8,91.7,45.4,9,6,3
2026-03-01 10:00:00,24.1,40,2.8,985.2,57.7,86.1,44.75714285714286,10,6,3
2026-03-01 11:00:00,27.1,30,5.5,985.4,39.6,70.1,49.42857142857143,11,6,3
2026-03-01 12:00:00,29.1,22,8.2,985.2,27.9,54.1,56.314285714285724,12,6,3
2026-03-01 13:00:00,29.9,18,10.7,984.6,23.9,47.7,69.42857142857143,13,6,3
2026-03-01 14:00:00,30.2,18,11.2,984.0,22.6,46.2,92.07142857142857,14,6,3
2026-03-01 15:00:00,30.1,18,11.2,983.7,23.7,48.9,109.11428571428571,15,6,3
2026-03-01 16:00:00,29.5,20,11.7,983.3,26.1,51.7,118.38571428571429,16,6,3
2026-03-01 17:00:00,28.7,21,11.0,983.3,30.9,58.4,125.62857142857142,17,6,3
2026-03-01 18:00:00,27.2,25,7.7,983.7,38.4,58.3,129.62857142857143,18,6,3
2026-03-01 19:00:00,25.5,31,4.7,984.3,43.3,62.4,131.87142857142857,19,6,3
2026-03-01 20:00:00,24.7,35,2.3,984.6,46.0,67.1,134.57142857142858,20,6,3
2026-03-01 21:00:00,23.8,37,2.4,984.9,49.1,73.3,164.22857142857143,21,6,3
2026-03-01 22:00:00,22.8,39,3.3,985.1,55.5,83.4,213.41428571428574,22,6,3
2026-03-01 23:00:00,21.9,47,6.9,985.2,62.2,92.0,230.52857142857144,23,6,3
2026-03-02 00:00:00,21.5,49,6.0,985.2,65.0,94.8,229.1142857142857,0,0,3
2026-03-02 01:00:00,20.6,52,6.1,985.2,65.4,94.8,216.71428571428572,1,0,3
2026-03-02 02:00:00,19.4,57,4.4,984.5,66.8,95.5,222.25714285714284,2,0,3
2026-03-02 03:00:00,18.5,60,3.1,984.3,68.7,96.9,214.37142857142857,3,0,3
2026-03-02 04:00:00,17.2,65,4.7,984.4,70.5,98.5,137.85714285714286,4,0,3
2026-03-02 05:00:00,17.0,72,5.9,984.3,78.7,109.7,95.89999999999999,5,0,3
2026-03-02 06:00:00,17.4,68,6.1,984.9,81.5,112.5,77.88571428571429,6,0,3
2026-03-02 07:00:00,17.6,64,6.7,985.3,87.8,117.8,66.4,7,0,3
2026-03-02 08:00:00,18.8,57,7.6,986.2,88.9,110.4,60.871428571428574,8,0,3
2026-03-02 09:00:00,21.4,45,4.6,987.4,79.4,98.0,52.9,9,0,3
2026-03-02 10:00:00,24.6,33,4.4,988.0,61.7,84.1,53.199999999999996,10,0,3
2026-03-02 11:00:00,26.8,27,6.0,988.5,43.4,65.9,48.48571428571428,11,0,3
2026-03-02 12:00:00,28.9,23,7.2,988.3,27.1,45.8,57.07142857142857,12,0,3
2026-03-02 13:00:00,29.9,20,9.6,987.6,21.3,36.2,70.0,13,0,3
2026-03-02 14:00:00,30.3,19,10.7,986.8,18.7,31.0,86.15714285714286,14,0,3
2026-03-02 15:00:00,30.5,17,11.3,986.1,17.5,28.3,89.0,15,0,3
2026-03-02 16:00:00,30.1,16,13.0,985.7,16.9,26.7,98.57142857142857,16,0,3
2026-03-02 17:00:00,29.1,17,11.9,985.7,20.8,30.0,110.7,17,0,3
2026-03-02 18:00:00,27.2,27,10.5,986.0,24.7,32.6,137.34285714285713,18,0,3
2026-03-02 19:00:00,25.8,32,9.9,986.2,28.6,36.2,155.37142857142857,19,0,3
2026-03-02 20:00:00,25.3,33,9.9,986.5,30.5,38.2,154.79999999999998,20,0,3
2026-03-02 21:00:00,24.6,36,7.9,986.9,30.7,38.4,179.85714285714286,21,0,3
2026-03-02 22:00:00,23.8,38,8.1,987.4,30.7,38.4,195.92857142857142,22,0,3
2026-03-02 23:00:00,22.6,47,7.1,987.1,30.7,38.3,202.72857142857143,23,0,3
2026-03-03 00:00:00,22.0,48,7.8,987.1,30.9,38.4,204.97142857142856,0,1,3
2026-03-03 01:00:00,21.2,50,8.6,986.8,31.5,39.1,209.77142857142857,1,1,3
2026-03-03 02:00:00,20.6,51,9.2,986.5,33.4,40.5,199.32857142857142,2,1,3
2026-03-03 03:00:00,20.0,52,9.0,986.0,35.4,42.1,172.925,3,1,3
2026-03-03 04:00:00,19.4,53,10.1,985.4,37.0,43.5,138.2875,4,1,3
2026-03-03 05:00:00,18.7,57,10.2,985.6,45.2,52.7,105.4625,5,1,3
2026-03-03 06:00:00,18.1,59,7.9,985.9,47.0,54.8,78.2625,6,1,3
2026-03-03 07:00:00,18.0,59,7.2,986.1,50.2,58.1,63.3125,7,1,3
2026-03-03 08:00:00,19.7,54,7.7,986.6,50.6,58.1,44.95,8,1,3
2026-03-03 09:00:00,22.5,45,4.5,987.4,48.8,55.3,36.225,9,1,3
2026-03-03 10:00:00,25.6,35,5.2,987.8,38.5,46.0,35.0125,10,1,3
2026-03-03 11:00:00,28.1,27,6.8,988.1,27.5,34.2,36.625,11,1,3
2026-03-03 12:00:00,30.5,21,8.7,987.8,20.0,25.6,51.05,12,1,3
2026-03-03 13:00:00,31.7,19,10.5,987.2,16.9,22.7,69.825,13,1,3
2026-03-03 14:00:00,32.5,17,11.0,986.2,16.6,23.1,84.0875,14,1,3
2026-03-03 15:00:00,32.6,15,11.8,985.5,18.2,25.4,99.9125,15,1,3
2026-03-03 16:00:00,31.8,17,12.6,985.1,22.0,30.5,109.8375,16,1,3
2026-03-03 17:00:00,30.3,21,11.4,985.2,19.9,26.5,105.8125,17,1,3
2026-03-03 18:00:00,28.7,26,9.0,985.7,27.0,31.5,112.8625,18,1,3
2026-03-03 19:00:00,27.1,32,6.6,985.7,33.8,38.5,139.1,19,1,3
2026-03-03 20:00:00,26.1,36,6.8,986.0,38.9,44.7,154.0625,20,1,3
2026-03-03 21:00:00,25.3,38,6.1,986.5,46.6,53.9,184.725,21,1,3
2026-03-03 22:00:00,24.2,41,6.1,986.9,54.6,63.3,202.925,22,1,3
2026-03-03 23:00:00,23.6,45,2.6,987.1,61.5,72.4,207.7625,23,1,3
2026-03-04 00:00:00,22.4,47,4.8,987.1,65.4,78.2,203.7375,0,2,3
2026-03-04 01:00:00,21.2,51,2.5,987.3,66.8,81.7,210.15,1,2,3
2026-03-04 02:00:00,19.9,57,6.4,987.1,68.0,84.3,239.575,2,2,3
2026-03-04 03:00:00,18.6,63,4.6,986.5,69.4,86.4,243.925,3,2,3
2026-03-04 04:00:00,18.0,67,1.5,986.1,71.0,88.7,243.4875,4,2,3
2026-03-04 05:00:00,17.9,74,0.9,986.6,69.2,89.4,206.3,5,2,3
2026-03-04 06:00:00,17.3,76,1.3,987.2,73.3,94.5,165.2875,6,2,3
2026-03-04 07:00:00,17.3,76,0.3,987.6,82.9,104.1,142.9,7,2,3
2026-03-04 08:00:00,19.6,67,1.1,988.5,91.3,106.4,98.9,8,2,3
2026-03-04 09:00:00,23.9,51,0.7,989.2,83.8,101.3,65.475,9,2,3
2026-03-04 10:00:00,27.2,40,0.9,989.5,75.0,96.2,58.85,10,2,3
2026-03-04 11:00:00,29.0,35,2.2,989.5,58.6,80.8,58.2,11,2,3
2026-03-04 12:00:00,31.8,26,2.8,989.3,46.4,68.0,63.35,12,2,3
2026-03-04 13:00:00,33.3,22,6.3,988.6,39.7,61.2,81.1125,13,2,3
2026-03-04 14:00:00,33.9,21,8.7,987.6,35.0,57.5,96.975,14,2,3
2026-03-04 15:00:00,33.9,22,8.7,986.7,32.6,55.6,128.0125,15,2,3
2026-03-04 16:00:00,33.4,23,9.0,986.2,32.4,54.8,128.8875,16,2,3
2026-03-04 17:00:00,32.0,27,9.9,985.8,40.7,64.0,121.425,17,2,3
2026-03-04 18:00:00,30.2,33,8.4,986.0,48.5,68.5,131.1375,18,2,3
2026-03-04 19:00:00,28.9,39,7.1,986.4,55.8,75.7,156.45,19,2,3
2026-03-04 20:00:00,27.5,44,6.0,986.5,62.9,84.1,184.01250000000002,20,2,3
2026-03-04 21:00:00,26.3,48,5.6,986.8,69.8,92.4,202.8125,21,2,3
2026-03-04 22:00:00,26.0,48,6.7,986.7,75.9,99.0,218.55,22,2,3
2026-03-04 23:00:00,25.7,51,7.0,986.5,80.1,104.3,233.3375,23,2,3
2026-03-05 00:00:00,24.7,55,6.5,986.4,82.7,107.6,224.0625,0,3,3
2026-03-05 01:00:00,23.9,58,6.5,986.2,83.8,109.2,249.35000000000002,1,3,3
2026-03-05 02:00:00,23.0,61,7.1,985.9,84.5,109.2,221.14999999999998,2,3,3
2026-03-05 03:00:00,22.4,63,7.9,985.5,83.6,105.7,220.4125,3,3,3
2026-03-05 04:00:00,21.6,66,7.8,985.1,80.8,101.3,185.325,4,3,3
2026-03-05 05:00:00,21.2,68,7.4,985.0,64.5,80.1,141.2,5,3,3
2026-03-05 06:00:00,20.4,70,6.6,985.0,64.0,79.2,112.55,6,3,3
2026-03-05 07:00:00,20.0,72,5.6,985.3,66.6,81.7,95.2,7,3,3
2026-03-05 08:00:00,21.7,65,5.6,985.9,65.7,78.5,75.5,8,3,3
2026-03-05 09:00:00,24.5,55,3.6,986.1,59.8,71.5,51.84285714285714,9,3,3
2026-03-05 10:00:00,28.3,42,4.7,986.6,44.2,60.5,52.91428571428571,10,3,3
2026-03-05 11:00:00,30.8,32,6.8,986.9,38.4,59.0,72.27142857142857,11,3,3
2026-03-05 12:00:00,32.9,26,7.8,986.6,33.6,58.3,107.28571428571429,12,3,3
2026-03-05 13:00:00,34.2,24,8.0,985.8,28.5,55.5,122.25714285714285,13,3,3
2026-03-05 14:00:00,34.9,23,8.0,984.4,25.7,53.8,131.31428571428572,14,3,3
2026-03-05 15:00:00,35.0,23,8.7,983.6,25.6,52.2,143.5,15,3,3
2026-03-05 16:00:00,34.5,25,9.0,982.9,27.2,50.5,150.22857142857143,16,3,3
2026-03-05 17:00:00,33.1,30,9.0,982.6,38.2,63.6,151.45714285714286,17,3,3
2026-03-05 18:00:00,31.3,37,7.6,982.7,48.0,71.0,179.77142857142857,18,3,3
2026-03-05 19:00:00,29.6,45,5.4,982.9,58.2,80.6,204.75714285714284,19,3,3
2026-03-05 20:00:00,28.3,51,5.2,983.1,67.8,90.1,216.31428571428572,20,3,3
2026-03-05 21:00:00,27.5,53,5.6,983.7,76.1,98.5,218.58571428571426,21,3,3
2026-03-05 22:00:00,26.5,54,5.9,983.9,80.3,101.3,224.77142857142857,22,3,3
2026-03-05 23:00:00,25.6,55,3.1,983.9,78.9,98.0,241.1,23,3,3
2026-03-06 00:00:00,24.7,58,0.3,983.9,76.6,93.8,247.5285714285714,0,4,3
2026-03-06 01:00:00,23.7,62,0.7,983.6,76.8,92.9,254.79999999999998,1,4,3
2026-03-06 02:00:00,22.9,65,1.9,983.3,78.9,95.5,264.3285714285714,2,4,3
2026-03-06 03:00:00,22.3,67,1.8,982.9,82.4,99.2,283.45714285714286,3,4,3
2026-03-06 04:00:00,21.4,71,2.2,982.5,86.6,103.6,238.15714285714284,4,4,3
2026-03-06 05:00:00,21.0,76,1.8,982.6,76.1,88.2,186.85714285714286,5,4,3
2026-03-06 06:00:00,19.9,81,2.9,983.1,82.9,95.0,131.0142857142857,6,4,3
2026-03-06 07:00:00,19.5,81,3.9,983.6,95.5,108.0,86.15,7,4,3
2026-03-06 08:00:00,21.8,71,4.5,984.5,111.5,120.1,57.112500000000004,8,4,3
2026-03-06 09:00:00,25.5,57,2.9,985.1,90.8,100.8,48.0875,9,4,3
2026-03-06 10:00:00,28.9,44,2.4,985.4,75.7,87.3,42.8,10,4,3
2026-03-06 11:00:00,31.3,36,2.6,985.6,58.2,70.1,43.2,11,4,3
2026-03-06 12:00:00,33.9,26,3.0,985.2,52.2,64.0,46.32857142857143,12,4,3
2026-03-06 13:00:00,35.1,22,1.9,984.5,47.8,60.3,53.075,13,4,3
2026-03-06 14:00:00,35.8,20,1.5,983.3,43.5,54.7,71.4125,14,4,3
2026-03-06 15:00:00,36.0,18,0.6,982.8,39.0,48.2,94.45,15,4,3
2026-03-06 16:00:00,35.7,17,1.3,982.6,35.2,42.3,111.875,16,4,3
2026-03-06 17:00:00,34.5,18,3.6,982.6,31.2,36.8,131.9625,17,4,3
2026-03-06 18:00:00,31.8,22,3.6,982.8,40.9,46.6,118.5125,18,4,3
2026-03-06 19:00:00,29.9,24,4.5,983.5,51.2,56.8,107.875,19,4,3
2026-03-06 20:00:00,28.3,29,4.0,983.9,56.2,61.7,112.88571428571427,20,4,3
2026-03-06 21:00:00,26.5,34,4.4,984.5,58.8,64.3,89.42857142857143,21,4,3
2026-03-06 22:00:00,25.0,41,4.1,984.5,60.3,65.7,75.1857142857143,22,4,3
2026-03-06 23:00:00,24.0,48,3.8,984.5,58.8,64.0,75.08571428571429,23,4,3
2026-03-07 00:00:00,23.2,50,4.7,984.5,53.4,58.1,76.22857142857143,0,5,3
2026-03-07 01:00:00,22.1,52,5.3,984.5,49.1,53.4,88.775,1,5,3
2026-03-07 02:00:00,21.1,54,5.3,984.2,47.8,51.7,103.0625,2,5,3
2026-03-07 03:00:00,20.3,56,5.3,984.0,48.9,52.2,103.4875,3,5,3
2026-03-07 04:00:00,19.9,61,8.6,984.0,51.1,53.8,90.3625,4,5,3
2026-03-07 05:00:00,19.3,82,8.9,984.1,45.5,52.5,83.4875,5,5,3
2026-03-07 06:00:00,19.1,85,8.3,984.9,49.2,54.6,76.3125,6,5,3
2026-03-07 07:00:00,19.3,81,10.0,985.7,54.8,60.5,63.875,7,5,3
2026-03-07 08:00:00,21.1,76,9.2,986.4,58.1,63.3,59.7125,8,5,3
2026-03-07 09:00:00,24.2,68,8.0,986.9,56.0,65.4,59.58571428571428,9,5,3
2026-03-07 10:00:00,27.6,56,7.6,987.3,45.5,58.8,58.24285714285714,10,5,3
2026-03-07 11:00:00,30.5,45,8.4,987.7,37.5,54.8,58.800000000000004,11,5,3
2026-03-07 12:00:00,33.2,29,8.8,987.4,31.9,56.8,67.25714285714285,12,5,3
2026-03-07 13:00:00,34.6,22,7.9,986.5,28.6,59.6,76.91428571428571,13,5,3
2026-03-07 14:00:00,35.1,20,6.8,985.5,27.3,56.5,89.04285714285713,14,5,3
2026-03-07 15:00:00,35.3,19,5.9,985.1,26.3,51.8,98.10000000000001,15,5,3
2026-03-07 16:00:00,35.0,18,5.5,984.8,26.2,49.4,116.48571428571428,16,5,3
2026-03-07 17:00:00,33.8,20,4.8,984.9,32.7,65.0,142.14285714285714,17,5,3
2026-03-07 18:00:00,31.2,32,5.9,985.3,44.8,72.9,168.55714285714288,18,5,3
2026-03-07 19:00:00,28.7,52,7.6,986.2,54.1,78.5,170.4,19,5,3
2026-03-07 20:00:00,26.9,67,8.8,986.5,56.5,79.2,159.57142857142858,20,5,3
2026-03-07 21:00:00,25.5,73,7.3,987.1,58.7,82.0,170.0142857142857,21,5,3
2026-03-07 22:00:00,24.7,76,5.7,987.3,62.2,86.6,188.87142857142857,22,5,3
2026-03-07 23:00:00,23.9,84,5.6,987.3,68.2,93.8,224.45714285714286,23,5,3
2026-03-08 00:00:00,23.4,86,4.4,987.3,74.7,102.0,223.15714285714284,0,6,3
2026-03-08 01:00:00,22.4,89,3.4,987.1,81.7,109.9,232.9857142857143,1,6,3
2026-03-08 02:00:00,21.8,91,4.1,986.6,88.9,118.5,234.18571428571428,2,6,3
2026-03-08 03:00:00,21.3,91,5.5,986.3,96.2,126.2,209.87142857142857,3,6,3
2026-03-08 04:00:00,20.6,93,4.1,985.8,102.0,130.9,185.04285714285714,4,6,3
2026-03-08 05:00:00,20.4,96,4.5,985.9,68.5,90.8,148.35714285714286,5,6,3
2026-03-08 06:00:00,20.1,95,3.6,986.4,72.4,96.9,113.82857142857142,6,6,3
2026-03-08 07:00:00,20.4,92,2.9,987.0,80.3,105.0,111.0,7,6,3
2026-03-08 08:00:00,22.6,81,2.2,987.7,82.4,99.0,120.14285714285714,8,6,3
2026-03-08 09:00:00,26.4,65,1.3,988.6,73.8,95.0,101.82857142857142,9,6,3
2026-03-08 10:00:00,29.8,49,0.4,989.0,58.1,86.1,107.44285714285715,10,6,3
2026-03-08 11:00:00,30.7,42,0.4,989.2,50.8,87.8,102.82857142857142,11,6,3
2026-03-08 12:00:00,33.0,34,1.9,988.5,45.3,88.0,97.08571428571429,12,6,3
2026-03-08 13:00:00,34.1,30,3.5,987.7,42.6,84.5,91.3,13,6,3
2026-03-08 14:00:00,34.6,28,4.7,986.6,41.0,80.6,109.34285714285714,14,6,3
2026-03-08 15:00:00,33.7,30,5.6,986.0,40.2,78.0,127.55714285714285,15,6,3
2026-03-08 16:00:00,33.9,28,2.7,985.3,40.4,76.4,143.34285714285716,16,6,3
2026-03-08 17:00:00,32.9,32,5.2,985.4,47.5,91.3,167.35714285714286,17,6,3
2026-03-08 18:00:00,31.5,36,3.8,985.4,59.4,96.4,182.64285714285714,18,6,3
2026-03-08 19:00:00,30.4,40,5.1,986.4,71.2,106.6,195.6142857142857,19,6,3
2026-03-08 20:00:00,29.3,45,5.2,986.9,79.9,112.5,211.67142857142855,20,6,3
2026-03-08 21:00:00,28.1,49,4.0,986.9,80.1,109.4,225.1857142857143,21,6,3
2026-03-08 22:00:00,27.4,51,4.2,986.9,78.9,107.3,218.41428571428568,22,6,3
2026-03-08 23:00:00,26.8,56,3.3,987.2,81.0,109.2,221.34285714285716,23,6,3
2026-03-09 00:00:00,25.8,60,3.2,986.9,83.6,111.5,256.3,0,0,3
2026-03-09 01:00:00,24.3,65,4.3,986.9,84.3,111.1,274.4714285714286,1,0,3
2026-03-09 02:00:00,23.0,70,4.3,986.4,82.4,107.8,257.04285714285714,2,0,3
2026-03-09 03:00:00,22.0,74,3.6,985.7,79.6,102.9,222.6,3,0,3
2026-03-09 04:00:00,21.9,74,2.1,985.3,78.5,102.0,167.15,4,0,3
2026-03-09 05:00:00,21.6,78,1.2,985.5,88.7,113.6,120.81666666666666,5,0,3
2026-03-09 06:00:00,21.3,79,1.5,985.7,91.7,116.9,110.41666666666667,6,0,3
2026-03-09 07:00:00,21.4,79,2.0,986.1,102.9,129.5,91.85000000000001,7,0,3
2026-03-09 08:00:00,23.5,70,3.6,986.8,118.3,136.4,82.11666666666666,8,0,3
2026-03-09 09:00:00,26.9,57,3.3,987.3,94.3,113.2,68.83333333333333,9,0,3
2026-03-09 10:00:00,29.6,47,3.3,987.6,59.0,85.4,56.728571428571435,10,0,3
2026-03-09 11:00:00,31.7,39,5.4,987.7,47.7,76.4,58.857142857142854,11,0,3
2026-03-09 12:00:00,33.8,31,5.1,987.6,44.0,72.6,63.67142857142857,12,0,3
2026-03-09 13:00:00,34.9,28,4.4,986.8,42.1,70.1,73.72857142857143,13,0,3
2026-03-09 14:00:00,35.4,26,4.8,985.8,41.7,69.8,98.68571428571428,14,0,3
2026-03-09 15:00:00,35.3,25,5.0,985.0,42.4,71.0,116.24285714285715,15,0,3
2026-03-09 16:00:00,35.0,26,5.5,984.9,43.5,72.2,140.4714285714286,16,0,3
2026-03-09 17:00:00,33.6,27,4.3,985.3,53.8,92.4,149.1,17,0,3
2026-03-09 18:00:00,32.1,34,2.0,985.6,68.7,101.5,152.91428571428574,18,0,3
2026-03-09 19:00:00,30.4,37,1.7,986.2,86.4,119.2,173.24285714285716,19,0,3
2026-03-09 20:00:00,28.8,40,3.1,986.7,101.5,132.7,216.37142857142857,20,0,3
2026-03-09 21:00:00,27.8,46,5.9,987.0,105.2,135.0,171.4,21,0,3
2026-03-09 22:00:00,25.9,54,3.4,987.6,104.8,132.2,172.94285714285712,22,0,3
2026-03-09 23:00:00,24.9,62,3.9,987.7,105.2,131.8,162.81428571428572,23,0,3
2026-03-10 00:00:00,24.2,65,4.7,987.6,105.7,130.9,150.1,0,1,3
2026-03-10 01:00:00,23.5,70,4.9,987.6,101.7,125.3,144.72857142857143,1,1,3
2026-03-10 02:00:00,22.7,77,5.2,987.6,99.7,123.9,130.17142857142858,2,1,3
2026-03-10 03:00:00,22.2,88,9.9,987.6,102.7,126.2,104.81428571428572,3,1,3
2026-03-10 04:00:00,22.2,90,7.9,987.0,107.1,130.4,80.71428571428571,4,1,3
2026-03-10 05:00:00,21.7,91,5.5,987.6,66.4,77.1,85.07142857142857,5,1,3
2026-03-10 06:00:00,21.5,92,5.6,988.0,69.6,81.3,80.95714285714287,6,1,3
2026-03-10 07:00:00,21.7,90,7.1,989.0,72.2,84.1,74.68571428571428,7,1,3
2026-03-10 08:00:00,23.3,82,4.9,989.6,72.6,81.7,62.4,8,1,3
2026-03-10 09:00:00,26.3,67,4.0,990.4,66.1,78.2,56.771428571428565,9,1,3
2026-03-10 10:00:00,28.8,57,5.5,990.5,59.1,73.8,52.41428571428571,10,1,3
2026-03-10 11:00:00,29.9,54,7.8,990.9,54.1,72.6,52.385714285714286,11,1,3
2026-03-10 12:00:00,32.3,42,8.2,990.2,50.6,74.0,57.385714285714286,12,1,3
2026-03-10 13:00:00,34.7,27,7.0,989.5,45.4,71.7,64.88571428571429,13,1,3
2026-03-10 14:00:00,36.1,18,8.3,988.1,41.0,66.1,80.17142857142858,14,1,3
2026-03-10 15:00:00,35.8,15,6.4,987.2,36.7,59.3,89.41428571428571,15,1,3
2026-03-10 16:00:00,34.8,15,5.5,986.6,34.0,54.2,90.55714285714285,16,1,3
2026-03-10 17:00:00,33.6,16,13.7,986.5,41.2,60.1,99.22857142857143,17,1,3
2026-03-10 18:00:00,32.0,19,8.3,986.7,51.7,69.4,102.17142857142858,18,1,3
2026-03-10 19:00:00,30.1,24,5.1,986.9,64.0,80.6,111.42857142857143,19,1,3
2026-03-10 20:00:00,27.8,31,3.5,987.4,69.2,84.5,110.92857142857143,20,1,3
2026-03-10 21:00:00,26.4,36,4.4,987.4,71.0,86.4,97.45714285714287,21,1,3
2026-03-10 22:00:00,25.7,41,1.9,987.9,72.4,88.7,108.32857142857142,22,1,3
2026-03-10 23:00:00,24.9,53,1.6,987.7,72.4,90.6,118.91428571428571,23,1,3
2026-03-11 00:00:00,24.0,57,5.3,987.6,71.9,93.6,120.39999999999999,0,2,3
2026-03-11 01:00:00,23.2,65,7.6,987.1,73.8,101.0,115.58571428571429,1,2,3
2026-03-11 02:00:00,23.0,70,6.0,986.6,77.1,110.4,114.98571428571428,2,2,3
2026-03-11 03:00:00,22.8,71,6.5,985.9,80.1,117.6,118.15714285714286,3,2,3
2026-03-11 04:00:00,22.3,71,2.7,986.3,81.7,121.5,83.10000000000001,4,2,3
2026-03-11 05:00:00,20.9,88,5.4,987.0,73.3,100.6,53.48571428571428,5,2,3
2026-03-11 06:00:00,20.1,91,3.5,987.0,78.7,104.5,43.93333333333334,6,2,3
2026-03-11 07:00:00,20.7,87,5.5,987.7,82.7,102.7,43.333333333333336,7,2,3
2026-03-11 08:00:00,22.7,76,6.4,988.0,76.4,92.7,43.78333333333333,8,2,3
2026-03-11 09:00:00,26.2,57,3.6,988.8,61.0,81.5,44.03333333333333,9,2,3
2026-03-11 10:00:00,29.2,43,3.8,989.2,47.5,69.2,43.13333333333333,10,2,3
2026-03-11 11:00:00,30.3,39,2.6,988.9,43.3,68.9,46.05714285714286,11,2,3
2026-03-11 12:00:00,32.3,31,2.7,988.6,42.3,71.7,49.971428571428575,12,2,3
2026-03-11 13:00:00,33.3,26,3.4,987.1,41.2,73.3,63.714285714285715,13,2,3
2026-03-11 14:00:00,33.9,25,5.4,985.8,38.3,72.4,74.22857142857143,14,2,3
2026-03-11 15:00:00,33.1,29,10.0,985.4,35.7,68.7,112.65714285714286,15,2,3
2026-03-11 16:00:00,30.9,36,9.0,985.6,34.3,64.7,121.15714285714286,16,2,3
2026-03-11 17:00:00,31.1,34,8.0,985.4,49.7,81.3,128.74285714285713,17,2,3
2026-03-11 18:00:00,29.8,39,8.1,985.4,56.7,81.3,126.72857142857143,18,2,3
2026-03-11 19:00:00,28.2,43,6.8,985.8,66.1,89.6,117.72857142857143,19,2,3
2026-03-11 20:00:00,27.5,45,5.4,986.0,74.7,98.5,115.88571428571429,20,2,3
2026-03-11 21:00:00,26.7,48,5.9,985.9,82.7,107.6,126.24285714285715,21,2,3
2026-03-11 22:00:00,25.6,53,3.8,985.2,95.7,122.5,115.05714285714286,22,2,3
2026-03-11 23:00:00,25.2,72,9.9,985.6,108.3,136.0,134.94285714285712,23,2,3
2026-03-12 00:00:00,24.1,65,8.8,984.9,114.8,142.5,143.31428571428572,0,3,3
2026-03-12 01:00:00,23.7,66,11.2,984.6,115.7,143.9,103.5,1,3,3
2026-03-12 02:00:00,23.6,67,5.7,982.9,115.7,144.4,85.92857142857143,2,3,3
2026-03-12 03:00:00,22.0,73,5.0,983.4,117.1,145.8,52.93333333333334,3,3,3
2026-03-12 04:00:00,21.3,76,7.8,982.0,118.0,147.1,44.333333333333336,4,3,3
2026-03-12 05:00:00,22.2,84,12.4,982.9,73.8,92.2,36.35,5,3,3
2026-03-12 06:00:00,20.5,94,14.4,983.4,70.3,85.4,27.0,6,3,3
2026-03-12 07:00:00,18.6,90,23.2,985.3,67.5,79.9,18.733333333333334,7,3,3
2026-03-12 08:00:00,19.0,86,15.9,985.4,59.6,70.5,22.816666666666666,8,3,3
2026-03-12 09:00:00,20.4,80,10.8,985.8,51.6,63.6,29.685714285714287,9,3,3
2026-03-12 10:00:00,22.6,74,10.3,985.9,45.4,61.5,33.214285714285715,10,3,3
2026-03-12 11:00:00,23.4,69,13.2,985.9,41.7,65.2,33.971428571428575,11,3,3
2026-03-12 12:00:00,24.9,64,8.8,985.5,40.0,70.1,36.771428571428565,12,3,3
2026-03-12 13:00:00,26.1,59,4.6,984.7,37.3,72.6,43.86666666666667,13,3,3
2026-03-12 14:00:00,26.9,56,1.8,983.8,35.6,72.4,49.17142857142857,14,3,3
2026-03-12 15:00:00,27.1,55,2.2,983.1,35.2,71.5,59.871428571428574,15,3,3
2026-03-12 16:00:00,26.9,55,2.4,982.8,35.5,72.2,89.47142857142856,16,3,3
2026-03-12 17:00:00,27.6,46,3.6,982.9,34.3,65.2,105.27142857142857,17,3,3
2026-03-12 18:00:00,25.6,61,4.1,982.9,38.5,60.5,108.34285714285714,18,3,3
2026-03-12 19:00:00,24.3,64,6.8,983.6,43.9,61.0,105.15714285714286,19,3,3
2026-03-12 20:00:00,22.8,70,5.5,984.3,42.7,56.7,119.34285714285714,20,3,3
2026-03-12 21:00:00,21.9,71,6.2,985.0,39.3,52.5,110.07142857142857,21,3,3
2026-03-12 22:00:00,21.2,72,7.6,985.1,37.6,50.9,83.37142857142858,22,3,3
2026-03-12 23:00:00,21.2,85,5.2,985.3,37.6,51.9,84.21428571428571,23,3,3
2026-03-13 00:00:00,21.0,85,4.6,984.9,38.3,53.8,82.78571428571429,0,4,3
2026-03-13 01:00:00,20.8,84,6.3,984.9,39.3,56.2,123.44285714285715,1,4,3
2026-03-13 02:00:00,19.8,86,5.6,984.4,41.3,59.4,120.44285714285715,2,4,3
2026-03-13 03:00:00,18.9,88,4.9,983.8,43.1,61.2,80.74285714285715,3,4,3
2026-03-13 04:00:00,18.7,87,6.0,983.8,42.4,59.3,66.21428571428571,4,4,3
2026-03-13 05:00:00,18.0,88,4.7,983.7,42.1,62.6,46.42857142857143,5,4,3
2026-03-13 06:00:00,17.8,88,4.6,984.0,43.0,62.4,46.32857142857143,6,4,3
2026-03-13 07:00:00,18.3,86,1.7,984.6,47.8,66.4,37.800000000000004,7,4,3
2026-03-13 08:00:00,19.9,79,0.8,985.8,45.4,58.9,28.942857142857143,8,4,3
2026-03-13 09:00:00,22.1,69,2.5,986.6,35.7,51.1,26.3,9,4,3
2026-03-13 10:00:00,24.5,59,4.1,986.6,28.1,46.2,28.042857142857144,10,4,3
2026-03-13 11:00:00,26.7,51,7.0,986.8,22.1,41.6,28.385714285714283,11,4,3
2026-03-13 12:00:00,28.1,43,8.4,986.3,16.9,32.9,33.785714285714285,12,4,3
2026-03-13 13:00:00,29.1,31,9.5,985.3,13.8,28.1,47.057142857142864,13,4,3
2026-03-13 14:00:00,29.7,26,10.8,984.5,13.0,26.1,61.91428571428571,14,4,3
2026-03-13 15:00:00,29.5,26,11.1,983.8,12.9,25.2,67.34285714285714,15,4,3
2026-03-13 16:00:00,29.0,28,10.9,983.7,13.4,25.2,72.34285714285714,16,4,3
2026-03-13 17:00:00,27.6,36,9.6,983.8,13.8,25.3,90.95714285714287,17,4,3
2026-03-13 18:00:00,24.7,48,6.5,983.7,17.9,26.5,111.54285714285713,18,4,3
2026-03-13 19:00:00,23.1,54,6.2,983.9,23.9,31.8,144.5,19,4,3
2026-03-13 20:00:00,22.3,57,6.5,984.2,27.0,34.5,169.92857142857142,20,4,3
2026-03-13 21:00:00,21.9,60,6.8,984.7,27.8,35.0,158.27142857142857,21,4,3
2026-03-13 22:00:00,21.3,62,6.7,984.6,28.2,35.3,203.11428571428573,22,4,3
2026-03-13 23:00:00,21.1,69,6.3,984.5,28.4,35.0,214.14285714285714,23,4,3
2026-03-14 00:00:00,20.7,70,7.3,984.7,27.5,33.6,197.81428571428572,0,5,3
2026-03-14 01:00:00,20.2,69,6.1,984.1,26.8,32.4,216.17142857142858,1,5,3
2026-03-14 02:00:00,19.7,66,6.1,983.7,26.4,31.1,200.20000000000002,2,5,3
2026-03-14 03:00:00,19.2,64,6.1,983.2,26.0,30.0,161.97142857142856,3,5,3
2026-03-14 04:00:00,18.2,63,6.2,982.6,25.3,28.5,101.78571428571429,4,5,3
2026-03-14 05:00:00,18.2,66,7.3,982.7,34.2,38.9,72.74285714285715,5,5,3
2026-03-14 06:00:00,17.5,68,7.5,983.2,36.6,40.6,42.25714285714286,6,5,3
2026-03-14 07:00:00,17.8,66,7.9,983.4,42.6,46.4,31.97142857142857,7,5,3
2026-03-14 08:00:00,19.7,61,8.0,984.1,41.1,43.8,27.914285714285715,8,5,3
2026-03-14 09:00:00,22.1,56,4.4,984.9,33.5,35.5,30.557142857142853,9,5,3
2026-03-14 10:00:00,24.3,50,4.4,985.1,19.8,21.1,30.75714285714286,10,5,3
2026-03-14 11:00:00,26.8,39,7.6,985.3,13.6,14.3,30.728571428571428,11,5,3
2026-03-14 12:00:00,28.1,33,6.9,984.8,10.6,11.6,32.48571428571429,12,5,3
2026-03-14 13:00:00,29.0,27,6.4,984.2,9.5,11.2,45.42857142857143,13,5,3
2026-03-14 14:00:00,29.8,24,7.6,983.2,9.2,11.6,56.1,14,5,3
2026-03-14 15:00:00,29.9,22,7.2,982.2,9.3,12.1,66.64285714285714,15,5,3
2026-03-14 16:00:00,29.5,23,6.6,981.5,9.5,12.5,87.82857142857142,16,5,3
2026-03-14 17:00:00,27.6,37,3.3,981.3,12.5,17.5,97.64285714285714,17,5,3
2026-03-14 18:00:00,25.9,40,4.7,981.5,20.8,24.8,95.5,18,5,3
2026-03-14 19:00:00,24.8,39,5.4,981.9,35.0,38.9,110.97142857142856,19,5,3
2026-03-14 20:00:00,24.4,43,3.6,982.5,50.3,54.1,89.51666666666667,20,5,3
2026-03-14 21:00:00,23.5,46,3.1,983.0,63.8,68.0,100.58333333333333,21,5,3
2026-03-14 22:00:00,22.9,48,2.9,983.1,72.4,77.3,115.8,22,5,3
2026-03-14 23:00:00,22.7,52,4.7,983.1,71.9,77.1,59.55714285714286,23,5,3
2026-03-15 00:00:00,23.2,49,1.5,982.8,65.2,69.8,35.357142857142854,0,6,3
2026-03-15 01:00:00,20.2,56,5.0,982.4,59.1,64.0,30.428571428571427,1,6,3
2026-03-15 02:00:00,18.8,62,5.8,982.0,54.9,60.1,37.32857142857143,2,6,3
2026-03-15 03:00:00,18.0,70,3.0,982.0,52.2,57.7,50.300000000000004,3,6,3
2026-03-15 04:00:00,17.5,76,9.0,983.4,48.3,54.7,52.271428571428565,4,6,3
2026-03-15 05:00:00,19.0,67,9.6,982.7,61.9,63.1,46.628571428571426,5,6,3
2026-03-15 06:00:00,18.4,74,11.3,983.2,50.4,52.7,49.44285714285714,6,6,3
2026-03-15 07:00:00,17.9,80,11.0,983.0,48.4,55.9,48.271428571428565,7,6,3
2026-03-15 08:00:00,18.4,82,10.2,983.4,46.0,54.4,41.142857142857146,8,6,3
2026-03-15 09:00:00,20.4,72,10.6,984.5,38.2,48.0,46.25714285714286,9,6,3
2026-03-15 10:00:00,21.4,64,9.6,985.0,31.2,43.0,54.11666666666667,10,6,3
2026-03-15 11:00:00,22.4,59,17.1,985.4,27.2,38.6,47.11666666666667,11,6,3
2026-03-15 12:00:00,22.5,56,13.4,985.3,21.7,31.9,40.516666666666666,12,6,3
2026-03-15 13:00:00,21.6,60,10.2,985.4,20.8,32.2,37.166666666666664,13,6,3
2026-03-15 14:00:00,20.8,65,12.5,983.3,21.7,40.0,19.5,14,6,3
2026-03-15 15:00:00,21.5,62,16.8,983.1,23.7,48.1,10.466666666666667,15,6,3
2026-03-15 16:00:00,20.3,68,9.4,983.4,23.6,50.1,28.05,16,6,3
2026-03-15 17:00:00,17.7,79,9.8,984.5,28.9,56.7,32.416666666666664,17,6,3
2026-03-15 18:00:00,16.4,89,11.4,985.2,28.6,45.4,33.18333333333333,18,6,3
2026-03-15 19:00:00,16.3,85,11.3,983.5,33.2,48.0,30.066666666666666,19,6,3
2026-03-15 20:00:00,15.9,88,8.5,983.8,33.1,49.1,9.083333333333334,20,6,3
2026-03-15 21:00:00,15.7,91,11.4,984.5,29.6,46.1,14.683333333333332,21,6,3
2026-03-15 22:00:00,15.6,89,11.5,985.1,29.5,47.7,14.966666666666669,22,6,3
2026-03-15 23:00:00,15.4,88,13.2,985.0,30.6,49.4,23.21666666666667,23,6,3
2026-03-16 00:00:00,15.2,89,11.9,984.9,31.4,48.4,5.983333333333333,0,0,3
2026-03-16 01:00:00,14.8,86,15.0,984.5,31.4,47.0,3.6333333333333333,1,0,3
2026-03-16 02:00:00,15.1,81,17.5,982.8,29.8,44.7,8.516666666666667,2,0,3
2026-03-16 03:00:00,14.5,85,10.7,983.0,27.5,42.6,11.666666666666666,3,0,3
2026-03-16 04:00:00,14.3,85,10.2,982.8,25.9,41.0,16.05,4,0,3
2026-03-16 05:00:00,14.7,81,13.1,984.9,23.5,28.3,12.85,5,0,3
2026-03-16 06:00:00,14.0,80,13.2,985.3,23.5,36.2,6.133333333333333,6,0,3
2026-03-16 07:00:00,13.7,85,10.8,986.1,26.1,39.1,9.799999999999999,7,0,3
2026-03-16 08:00:00,14.6,85,11.9,986.3,26.5,54.2,10.75,8,0,3
2026-03-16 09:00:00,15.9,81,12.0,986.5,26.7,61.2,11.950000000000001,9,0,3
2026-03-16 10:00:00,18.2,70,11.0,986.2,26.0,79.4,14.016666666666666,10,0,3
2026-03-16 11:00:00,17.2,75,12.8,986.1,29.9,115.3,11.633333333333335,11,0,3
2026-03-16 12:00:00,18.2,68,11.4,986.0,30.2,122.9,13.799999999999999,12,0,3
2026-03-16 13:00:00,20.7,58,10.1,985.4,31.0,128.5,29.3,13,0,3
2026-03-16 14:00:00,21.0,55,10.9,985.1,31.8,132.7,31.683333333333334,14,0,3
2026-03-16 15:00:00,20.7,57,9.9,984.9,31.5,126.2,36.96666666666667,15,0,3
2026-03-16 16:00:00,20.2,59,8.9,984.2,30.4,115.0,42.93333333333334,16,0,3
2026-03-16 17:00:00,21.1,55,8.5,984.3,29.3,109.0,53.666666666666664,17,0,3
2026-03-16 18:00:00,18.9,68,6.1,984.4,30.0,88.5,57.666666666666664,18,0,3
2026-03-16 19:00:00,17.7,74,2.2,985.0,38.3,94.1,91.93333333333332,19,0,3
2026-03-16 20:00:00,16.7,78,2.8,985.3,42.1,92.2,95.56666666666666,20,0,3
2026-03-16 21:00:00,15.7,82,4.0,985.6,38.1,76.8,94.88333333333333,21,0,3
2026-03-16 22:00:00,15.0,85,5.9,985.9,32.6,61.2,89.3,22,0,3
2026-03-16 23:00:00,15.2,85,2.0,986.3,28.3,50.3,128.03333333333333,23,0,3
2026-03-17 00:00:00,15.3,84,5.8,986.0,25.9,45.6,132.75,0,1,3
2026-03-17 01:00:00,14.9,84,6.1,985.9,26.5,47.1,119.0,1,1,3
2026-03-17 02:00:00,14.7,84,8.2,985.3,27.7,48.2,118.75,2,1,3
2026-03-17 03:00:00,14.1,87,5.2,984.9,27.8,46.0,98.38333333333333,3,1,3
2026-03-17 04:00:00,13.7,89,4.2,984.7,27.5,43.0,68.60000000000001,4,1,3
2026-03-17 05:00:00,13.7,90,6.9,984.7,29.5,43.9,41.68333333333334,5,1,3
2026-03-17 06:00:00,13.7,87,6.9,984.9,29.5,42.5,37.78333333333333,6,1,3
2026-03-17 07:00:00,14.2,85,6.8,985.4,29.1,41.1,31.116666666666664,7,1,3
2026-03-17 08:00:00,15.7,83,9.0,985.9,30.5,37.8,23.46666666666667,8,1,3
2026-03-17 09:00:00,18.4,75,7.0,986.4,26.8,35.7,22.016666666666666,9,1,3
2026-03-17 10:00:00,20.8,64,7.4,986.8,18.9,31.8,21.75,10,1,3
2026-03-17 11:00:00,22.5,54,9.4,987.0,18.2,52.7,21.599999999999998,11,1,3
2026-03-17 12:00:00,23.4,44,10.2,986.4,22.1,73.1,29.633333333333336,12,1,3
2026-03-17 13:00:00,24.1,39,8.1,985.9,22.8,76.4,42.06666666666667,13,1,3
2026-03-17 14:00:00,24.9,37,5.1,985.3,21.1,69.8,52.03333333333333,14,1,3
2026-03-17 15:00:00,25.0,36,3.6,984.8,19.6,63.3,69.18333333333334,15,1,3
2026-03-17 16:00:00,24.9,36,3.1,984.3,19.0,60.3,118.98333333333333,16,1,3
2026-03-17 17:00:00,24.1,42,3.7,984.2,9.7,17.4,128.23333333333332,17,1,3
2026-03-17 18:00:00,21.8,58,1.4,984.2,23.6,29.5,125.89999999999999,18,1,3
2026-03-17 19:00:00,20.2,61,1.5,984.1,45.5,51.3,139.33333333333334,19,1,3
2026-03-17 20:00:00,18.4,68,5.6,984.5,63.3,69.6,136.11666666666667,20,1,3
2026-03-17 21:00:00,18.0,66,2.4,984.8,74.0,79.9,100.03333333333335,21,1,3
2026-03-17 22:00:00,16.9,70,3.6,985.1,77.8,82.4,85.86666666666667,22,1,3
2026-03-17 23:00:00,16.6,72,5.2,985.1,77.8,81.3,65.98333333333333,23,1,3
2026-03-18 00:00:00,16.8,70,6.3,985.5,64.0,65.7,71.3,0,2,3
2026-03-18 01:00:00,17.2,70,5.8,985.4,51.1,52.0,58.75,1,2,3
2026-03-18 02:00:00,16.4,73,5.5,985.3,44.4,45.1,62.26666666666667,2,2,3
2026-03-18 03:00:00,16.9,67,12.3,986.1,36.2,36.7,84.56666666666666,3,2,3
2026-03-18 04:00:00,16.0,79,14.2,985.6,29.4,30.4,107.88333333333333,4,2,3
2026-03-18 05:00:00,17.1,77,5.5,984.6,36.9,68.5,95.81666666666666,5,2,3
2026-03-18 06:00:00,17.3,74,8.1,985.1,36.3,67.1,140.78333333333333,6,2,3
2026-03-18 07:00:00,17.3,76,7.5,984.9,35.5,67.1,129.31666666666666,7,2,3
2026-03-18 08:00:00,17.9,76,2.4,986.4,36.7,57.7,103.11666666666667,8,2,3
2026-03-18 09:00:00,19.4,73,4.2,987.1,34.9,63.8,64.25714285714285,9,2,3
2026-03-18 10:00:00,20.4,70,3.2,987.6,34.2,80.3,43.15714285714286,10,2,3
2026-03-18 11:00:00,20.4,73,6.4,989.1,30.7,82.2,37.957142857142856,11,2,3
2026-03-18 12:00:00,18.8,72,6.2,989.1,30.2,94.1,30.728571428571428,12,2,3
2026-03-18 13:00:00,18.2,72,2.2,988.7,28.7,81.5,27.985714285714284,13,2,3
2026-03-18 14:00:00,17.7,79,5.6,988.0,27.2,79.2,30.385714285714283,14,2,3
2026-03-18 15:00:00,18.0,79,8.3,987.3,23.3,61.5,27.82857142857143,15,2,3
2026-03-18 16:00:00,18.1,80,8.3,986.9,23.1,50.3,22.271428571428572,16,2,3
2026-03-18 17:00:00,17.5,83,13.0,987.6,44.5,145.8,26.542857142857144,17,2,3
2026-03-18 18:00:00,17.3,82,13.5,987.2,46.2,117.6,32.57142857142857,18,2,3
2026-03-18 19:00:00,16.6,83,10.7,987.2,45.2,99.4,32.542857142857144,19,2,3
2026-03-18 20:00:00,16.4,82,9.2,987.9,38.8,77.8,31.457142857142856,20,2,3
2026-03-18 21:00:00,16.7,76,9.0,987.9,30.9,60.3,37.699999999999996,21,2,3
2026-03-18 22:00:00,16.4,74,10.7,988.0,27.4,52.2,36.44285714285714,22,2,3
2026-03-18 23:00:00,16.9,76,3.1,988.5,26.7,49.7,35.385714285714286,23,2,3
2026-03-19 00:00:00,16.4,79,8.2,988.5,28.1,54.8,33.41428571428572,0,3,3
2026-03-19 01:00:00,15.7,83,10.1,987.9,29.5,59.1,37.41428571428571,1,3,3
2026-03-19 02:00:00,15.9,84,4.8,987.8,26.3,51.9,36.028571428571425,2,3,3
2026-03-19 03:00:00,15.4,86,12.8,987.4,23.5,44.2,30.32857142857143,3,3,3
2026-03-19 04:00:00,15.8,85,12.1,987.2,22.8,41.0,28.157142857142855,4,3,3
2026-03-19 05:00:00,15.7,83,8.7,986.8,25.3,47.6,27.514285714285712,5,3,3
2026-03-19 06:00:00,15.2,86,7.4,987.0,26.3,50.6,31.71666666666667,6,3,3
2026-03-19 07:00:00,15.5,87,8.2,987.7,29.1,53.7,41.166666666666664,7,3,3
2026-03-19 08:00:00,16.8,85,7.4,988.4,30.5,57.4,45.48333333333333,8,3,3
2026-03-19 09:00:00,18.8,78,5.4,988.9,28.9,66.4,53.300000000000004,9,3,3
2026-03-19 10:00:00,20.5,75,4.0,989.0,28.8,71.5,57.67999999999999,10,3,3
2026-03-19 11:00:00,21.9,72,5.5,989.4,30.0,84.8,61.660000000000004,11,3,3
2026-03-19 12:00:00,20.0,75,11.5,989.7,31.0,90.3,59.94,12,3,3
2026-03-19 13:00:00,19.3,81,6.2,989.0,34.9,93.8,51.2,13,3,3
2026-03-19 14:00:00,19.5,81,2.4,988.0,36.6,89.6,47.7,14,3,3
2026-03-19 15:00:00,19.6,80,0.7,987.1,39.2,88.0,43.7,15,3,3
2026-03-19 16:00:00,18.9,83,7.2,986.2,39.2,82.0,42.160000000000004,16,3,3
2026-03-19 17:00:00,18.2,90,7.9,986.4,39.3,64.0,40.36,17,3,3
2026-03-19 18:00:00,17.7,90,9.0,986.5,38.4,55.1,47.24,18,3,3
2026-03-19 19:00:00,17.0,93,8.6,986.8,38.9,53.7,44.18,19,3,3
2026-03-19 20:00:00,16.6,96,6.1,986.9,37.6,52.4,41.559999999999995,20,3,3
2026-03-19 21:00:00,15.6,97,4.6,987.0,39.7,54.1,48.019999999999996,21,3,3
2026-03-19 22:00:00,14.9,96,3.1,987.1,42.6,57.2,49.739999999999995,22,3,3
2026-03-19 23:00:00,15.6,97,3.4,987.3,45.6,60.8,49.125,23,3,3
2026-03-20 00:00:00,15.5,96,1.7,987.2,49.2,65.0,51.85,0,4,3
2026-03-20 01:00:00,15.4,96,0.3,986.7,50.3,64.5,46.5,1,4,3
2026-03-20 02:00:00,15.2,97,1.2,986.1,47.5,61.2,39.675,2,4,3
2026-03-20 03:00:00,14.9,98,1.1,985.5,45.5,59.5,36.839999999999996,3,4,3
2026-03-20 04:00:00,14.6,99,3.5,985.3,44.6,58.6,32.739999999999995,4,4,3
2026-03-20 05:00:00,14.9,99,4.1,985.0,42.3,59.4,32.5,5,4,3
2026-03-20 06:00:00,14.5,99,2.7,985.5,43.2,60.1,30.339999999999996,6,4,3
2026-03-20 07:00:00,15.3,98,5.3,986.0,47.8,65.9,33.2,7,4,3
2026-03-20 08:00:00,16.3,94,6.3,986.7,46.3,67.5,33.260000000000005,8,4,3
2026-03-20 09:00:00,18.1,83,6.7,987.1,37.6,63.8,33.339999999999996,9,4,3
2026-03-20 10:00:00,19.5,73,4.0,987.3,27.6,57.9,35.339999999999996,10,4,3
2026-03-20 11:00:00,20.2,66,2.6,987.2,26.0,59.3,36.44,11,4,3
2026-03-20 12:00:00,21.2,64,0.9,986.7,25.1,56.7,39.9,12,4,3
2026-03-20 13:00:00,21.8,59,0.6,985.9,26.0,56.2,44.8,13,4,3
2026-03-20 14:00:00,22.1,58,2.8,985.2,28.0,56.8,50.739999999999995,14,4,3
2026-03-20 15:00:00,22.2,59,3.2,984.2,27.9,54.5,57.1,15,4,3
2026-03-20 16:00:00,22.1,57,3.4,983.9,26.4,50.2,65.14,16,4,3
2026-03-20 17:00:00,22.2,57,5.5,984.0,29.2,60.3,34.339999999999996,17,4,3
2026-03-20 18:00:00,20.3,74,3.8,984.7,37.4,64.0,32.56,18,4,3
2026-03-20 19:00:00,19.1,77,7.3,985.1,54.9,81.0,33.22,19,4,3
2026-03-20 20:00:00,17.7,83,8.9,985.7,69.2,94.5,37.58,20,4,3
2026-03-20 21:00:00,15.3,90,17.7,987.3,76.1,99.7,43.260000000000005,21,4,3
2026-03-20 22:00:00,15.2,91,7.4,987.1,73.3,93.1,43.8,22,4,3
2026-03-20 23:00:00,14.6,94,6.5,987.3,70.1,87.3,46.82000000000001,23,4,3
2026-03-21 00:00:00,14.1,98,2.9,986.9,57.6,73.6,60.64,0,5,3
2026-03-21 01:00:00,13.6,98,3.9,986.3,49.7,65.2,56.61999999999999,1,5,3
2026-03-21 02:00:00,13.0,99,4.3,985.9,45.2,60.3,56.06,2,5,3
2026-03-21 03:00:00,12.6,99,4.7,986.4,42.7,57.6,66.28,3,5,3
2026-03-21 04:00:00,12.4,100,4.6,986.3,41.9,56.5,66.52000000000001,4,5,3
2026-03-21 05:00:00,13.8,98,5.6,986.2,35.7,47.5,60.839999999999996,5,5,3
2026-03-21 06:00:00,13.3,99,2.3,987.0,36.7,47.7,53.220000000000006,6,5,3
2026-03-21 07:00:00,14.1,98,4.5,987.9,41.9,52.7,49.44,7,5,3
2026-03-21 08:00:00,15.5,94,4.2,988.8,43.2,55.4,46.739999999999995,8,5,3
2026-03-21 09:00:00,17.7,88,2.4,989.5,44.4,60.1,37.68,9,5,3
2026-03-21 10:00:00,19.7,79,3.2,989.7,44.7,64.3,35.96,10,5,3
2026-03-21 11:00:00,20.7,72,3.8,990.1,43.4,64.5,32.239999999999995,11,5,3
2026-03-21 12:00:00,22.1,65,2.0,990.1,41.3,61.2,30.2,12,5,3
2026-03-21 13:00:00,22.9,59,2.6,989.5,40.2,58.2,34.120000000000005,13,5,3
2026-03-21 14:00:00,23.2,55,5.4,988.6,39.3,56.2,43.82,14,5,3
2026-03-21 15:00:00,23.7,53,5.9,987.9,38.1,53.7,47.160000000000004,15,5,3
2026-03-21 16:00:00,23.5,56,7.0,987.7,37.6,52.3,56.160000000000004,16,5,3
2026-03-21 17:00:00,23.1,55,4.4,987.8,46.9,64.0,66.14,17,5,3
2026-03-21 18:00:00,21.6,71,3.0,988.0,58.1,71.5,73.22,18,5,3
2026-03-21 19:00:00,20.4,75,4.0,988.6,71.0,84.5,78.96000000000001,19,5,3
2026-03-21 20:00:00,19.4,76,5.4,989.0,78.9,92.0,81.22,20,5,3
2026-03-21 21:00:00,18.6,78,5.2,989.4,87.1,100.1,77.86,21,5,3
2026-03-21 22:00:00,17.7,81,4.4,989.0,95.2,108.7,83.66,22,5,3
2026-03-21 23:00:00,18.0,81,4.8,989.5,102.0,115.3,85.96000000000001,23,5,3
2026-03-22 00:00:00,18.5,81,5.7,989.5,101.7,114.3,77.1,0,6,3
2026-03-22 01:00:00,18.3,79,6.2,989.1,95.9,108.7,78.88,1,6,3
2026-03-22 02:00:00,17.9,78,6.3,988.4,92.0,105.0,69.26,2,6,3
2026-03-22 03:00:00,17.3,80,6.0,988.4,87.1,100.8,61.67999999999999,3,6,3
2026-03-22 04:00:00,16.6,83,5.5,987.8,84.8,99.2,53.3,4,6,3
2026-03-22 05:00:00,16.4,81,6.5,987.4,80.3,91.7,56.46,5,6,3
2026-03-22 06:00:00,16.1,83,6.5,987.5,82.2,94.3,51.54,6,6,3
2026-03-22 07:00:00,16.5,83,6.5,987.7,86.4,99.4,43.96,7,6,3
2026-03-22 08:00:00,18.3,78,2.8,988.7,86.6,96.6,39.6,8,6,3
2026-03-22 09:00:00,20.5,70,2.4,989.0,78.7,94.8,33.82000000000001,9,6,3
2026-03-22 10:00:00,22.8,61,3.4,989.3,65.0,83.4,34.68,10,6,3
2026-03-22 11:00:00,24.1,53,5.7,989.4,46.0,64.3,39.13333333333333,11,6,3
2026-03-22 12:00:00,25.2,50,6.3,988.9,36.9,56.7,40.56666666666667,12,6,3
2026-03-22 13:00:00,26.1,47,8.3,988.0,35.9,59.4,43.65,13,6,3
2026-03-22 14:00:00,26.7,44,10.2,987.1,34.5,61.2,51.116666666666674,14,6,3
2026-03-22 15:00:00,26.8,42,10.0,986.3,32.8,62.4,65.3,15,6,3
2026-03-22 16:00:00,26.3,43,9.3,985.7,32.2,63.3,78.46666666666667,16,6,3
2026-03-22 17:00:00,25.9,46,6.7,985.7,30.3,63.6,77.28333333333333,17,6,3
2026-03-22 18:00:00,23.9,59,4.7,985.3,36.7,61.9,79.66666666666667,18,6,3
2026-03-22 19:00:00,22.3,65,5.4,985.7,49.5,74.7,78.01666666666667,19,6,3
2026-03-22 20:00:00,21.5,68,4.7,985.8,57.4,82.7,86.71666666666665,20,6,3
2026-03-22 21:00:00,20.4,71,5.3,986.4,61.2,86.4,79.64999999999999,21,6,3
2026-03-22 22:00:00,19.7,74,5.2,986.3,62.2,87.3,80.71666666666667,22,6,3
2026-03-22 23:00:00,19.5,75,4.8,986.4,63.6,89.4,88.96666666666665,23,6,3
2026-03-23 00:00:00,20.2,73,5.7,986.3,64.5,90.8,91.31666666666666,0,0,3
2026-03-23 01:00:00,20.5,72,5.2,986.1,64.7,90.6,96.35000000000001,1,0,3
2026-03-23 02:00:00,20.1,73,4.9,985.8,63.8,89.2,104.83333333333333,2,0,3
2026-03-23 03:00:00,19.2,75,5.1,985.6,62.6,87.3,87.95,3,0,3
2026-03-23 04:00:00,18.3,79,5.1,985.3,62.4,86.8,63.699999999999996,4,0,3
2026-03-23 05:00:00,17.7,83,2.9,985.2,49.0,61.5,46.93333333333334,5,0,3
2026-03-23 06:00:00,17.7,84,0.8,985.7,49.2,63.3,42.199999999999996,6,0,3
2026-03-23 07:00:00,18.3,83,2.1,986.3,57.7,71.5,40.300000000000004,7,0,3
2026-03-23 08:00:00,20.5,76,0.7,986.8,55.8,70.1,41.96666666666667,8,0,3
2026-03-23 09:00:00,22.9,66,1.9,987.3,49.9,72.9,42.666666666666664,9,0,3
2026-03-23 10:00:00,25.0,58,3.3,987.4,45.9,73.3,41.81666666666667,10,0,3
2026-03-23 11:00:00,26.4,45,5.4,987.7,34.9,63.6,40.78333333333333,11,0,3
2026-03-23 12:00:00,27.2,43,5.1,986.8,30.6,55.9,41.01666666666667,12,0,3
2026-03-23 13:00:00,27.9,40,5.7,986.0,27.8,49.9,49.36666666666667,13,0,3
2026-03-23 14:00:00,28.4,38,4.8,985.2,26.1,46.4,54.53333333333333,14,0,3
2026-03-23 15:00:00,27.8,39,5.2,985.0,25.0,44.8,67.11666666666666,15,0,3
2026-03-23 16:00:00,27.4,39,3.4,984.6,23.9,42.5,93.58333333333333,16,0,3
2026-03-23 17:00:00,27.7,34,3.9,984.0,28.1,56.6,97.86666666666667,17,0,3
2026-03-23 18:00:00,25.2,48,4.7,984.4,38.9,63.6,88.7,18,0,3
2026-03-23 19:00:00,22.9,58,5.7,984.9,57.7,81.5,83.98333333333333,19,0,3
2026-03-23 20:00:00,21.4,65,4.7,985.4,67.1,88.5,91.45,20,0,3
2026-03-23 21:00:00,20.4,65,7.9,986.0,62.6,78.0,103.46666666666665,21,0,3
2026-03-23 22:00:00,19.7,69,10.2,986.0,53.2,66.1,122.96666666666668,22,0,3
2026-03-23 23:00:00,20.1,75,6.8,986.4,49.6,61.5,120.21666666666665,23,0,3
2026-03-24 00:00:00,19.9,78,4.6,986.4,49.1,60.3,100.63333333333333,0,1,3
2026-03-24 01:00:00,19.0,82,4.1,986.5,50.8,62.2,85.38333333333333,1,1,3
2026-03-24 02:00:00,18.2,84,4.0,985.9,53.2,65.7,70.28571428571429,2,1,3
2026-03-24 03:00:00,17.5,86,2.9,985.4,55.6,69.2,55.48571428571428,3,1,3
2026-03-24 04:00:00,16.9,89,2.1,985.1,58.1,71.9,50.028571428571425,4,1,3
2026-03-24 05:00:00,16.9,91,4.6,985.5,47.7,60.5,45.68571428571429,5,1,3
2026-03-24 06:00:00,17.1,86,6.0,985.9,49.9,62.2,43.114285714285714,6,1,3
2026-03-24 07:00:00,17.7,80,5.2,986.3,55.3,66.6,40.385714285714286,7,1,3
2026-03-24 08:00:00,20.3,70,2.0,987.1,55.8,66.4,39.0,8,1,3
2026-03-24 09:00:00,24.0,54,1.3,987.9,47.7,64.0,37.31428571428571,9,1,3
2026-03-24 10:00:00,27.0,45,6.0,988.2,33.8,54.2,35.628571428571426,10,1,3
2026-03-24 11:00:00,28.6,32,9.4,988.5,32.8,57.3,35.142857142857146,11,1,3
2026-03-24 12:00:00,29.9,26,11.4,987.5,25.1,43.4,37.74285714285714,12,1,3
2026-03-24 13:00:00,30.4,23,11.9,986.4,20.3,34.3,46.857142857142854,13,1,3
2026-03-24 14:00:00,30.9,23,12.6,985.5,17.8,29.8,52.51428571428572,14,1,3
2026-03-24 15:00:00,30.5,24,12.1,984.7,16.4,27.6,60.48571428571428,15,1,3
2026-03-24 16:00:00,30.0,26,11.5,984.1,15.7,26.3,86.42857142857143,16,1,3
2026-03-24 17:00:00,28.5,29,10.7,984.2,16.8,26.7,109.41428571428571,17,1,3
2026-03-24 18:00:00,26.7,35,6.9,984.1,20.7,27.9,105.25714285714285,18,1,3
2026-03-24 19:00:00,25.4,41,5.7,984.3,28.1,34.8,94.55714285714285,19,1,3
2026-03-24 20:00:00,25.1,44,5.4,984.5,32.7,39.2,95.64285714285714,20,1,3
2026-03-24 21:00:00,24.2,46,5.3,984.4,36.1,42.7,97.74285714285715,21,1,3
2026-03-24 22:00:00,22.8,51,5.8,984.0,38.2,44.9,100.0,22,1,3
2026-03-24 23:00:00,22.8,56,6.0,984.3,36.9,43.7,112.97142857142858,23,1,3
2026-03-25 00:00:00,22.3,55,7.0,984.2,34.6,41.7,148.68571428571428,0,2,3
2026-03-25 01:00:00,21.4,59,6.2,984.1,34.8,42.5,142.92857142857142,1,2,3
2026-03-25 02:00:00,20.7,61,6.5,983.6,37.3,45.2,146.95714285714286,2,2,3
2026-03-25 03:00:00,19.5,66,5.9,983.3,40.3,48.1,151.9,3,2,3
2026-03-25 04:00:00,18.6,69,5.8,982.9,43.3,51.0,121.18333333333334,4,2,3
2026-03-25 05:00:00,18.5,71,5.2,983.1,47.1,54.4,86.81666666666666,5,2,3
2026-03-25 06:00:00,18.1,74,2.7,983.5,52.9,59.6,55.21666666666667,6,2,3
2026-03-25 07:00:00,18.3,73,4.1,984.3,61.5,67.3,43.93333333333334,7,2,3
2026-03-25 08:00:00,20.6,67,3.6,985.2,59.6,64.5,36.050000000000004,8,2,3
2026-03-25 09:00:00,23.9,56,2.9,985.8,45.4,51.9,34.516666666666666,9,2,3
2026-03-25 10:00:00,26.6,45,3.8,986.2,28.1,35.9,28.71666666666667,10,2,3
2026-03-25 11:00:00,28.6,34,4.6,986.6,19.7,29.5,29.233333333333334,11,2,3
2026-03-25 12:00:00,29.7,31,6.3,986.3,18.2,27.5,34.85,12,2,3
2026-03-25 13:00:00,30.7,30,7.2,985.5,18.3,27.1,43.06666666666666,13,2,3
2026-03-25 14:00:00,31.2,29,7.3,984.3,18.8,27.9,56.18333333333334,14,2,3
2026-03-25 15:00:00,31.3,28,6.9,983.5,19.3,29.6,63.51666666666667,15,2,3
2026-03-25 16:00:00,31.0,28,6.3,983.2,19.4,30.2,64.05,16,2,3
2026-03-25 17:00:00,30.1,30,4.3,983.5,22.3,34.3,68.85000000000001,17,2,3
2026-03-25 18:00:00,28.1,44,2.2,984.1,27.9,36.3,55.916666666666664,18,2,3
2026-03-25 19:00:00,26.5,51,2.2,984.7,33.6,41.3,50.916666666666664,19,2,3
2026-03-25 20:00:00,25.6,64,1.1,986.0,34.5,42.0,46.760000000000005,20,2,3
2026-03-25 21:00:00,24.6,54,7.8,987.2,35.9,46.2,42.279999999999994,21,2,3
2026-03-25 22:00:00,23.3,58,8.1,987.6,37.5,49.0,38.64,22,2,3
2026-03-25 23:00:00,22.2,67,10.2,986.9,35.9,46.9,36.8,23,2,3
2026-03-26 00:00:00,21.0,71,6.4,986.9,34.1,44.0,30.625,0,3,3
2026-03-26 01:00:00,20.5,74,6.0,986.9,32.1,41.3,34.675,1,3,3
2026-03-26 02:00:00,20.3,72,9.6,986.3,30.5,39.0,39.5,2,3,3
2026-03-26 03:00:00,19.4,78,1.8,987.5,29.1,37.0,36.7,3,3,3
2026-03-26 04:00:00,18.9,83,12.1,988.2,28.3,35.3,34.9,4,3,3
2026-03-26 05:00:00,20.0,81,8.6,987.7,31.9,38.4,36.75,5,3,3
2026-03-26 06:00:00,19.9,79,8.8,988.2,29.3,36.3,31.649999999999995,6,3,3
2026-03-26 07:00:00,20.0,80,9.2,988.3,30.7,37.6,23.133333333333336,7,3,3
2026-03-26 08:00:00,21.6,73,5.2,988.9,30.7,37.8,21.383333333333336,8,3,3
2026-03-26 09:00:00,23.9,64,1.3,989.5,26.2,34.7,23.616666666666664,9,3,3
2026-03-26 10:00:00,26.5,49,4.3,989.8,22.1,34.8,23.766666666666666,10,3,3
2026-03-26 11:00:00,28.0,43,10.4,989.9,20.6,39.6,29.86666666666667,11,3,3
2026-03-26 12:00:00,28.5,42,9.7,989.3,20.2,45.5,34.4,12,3,3
2026-03-26 13:00:00,29.0,41,9.5,988.4,20.5,51.8,36.13333333333333,13,3,3
2026-03-26 14:00:00,28.7,41,10.1,987.7,21.3,56.5,36.85,14,3,3
2026-03-26 15:00:00,28.0,41,9.6,987.6,22.1,59.8,40.666666666666664,15,3,3
2026-03-26 16:00:00,27.3,44,10.7,986.9,22.6,60.5,49.78333333333333,16,3,3
2026-03-26 17:00:00,27.2,42,10.6,987.0,23.3,53.2,48.38333333333333,17,3,3
2026-03-26 18:00:00,26.4,45,8.8,987.1,26.5,47.8,50.13333333333333,18,3,3
2026-03-26 19:00:00,25.4,49,8.6,987.6,29.9,47.6,52.38333333333333,19,3,3
2026-03-26 20:00:00,24.7,51,10.3,987.6,32.6,48.4,45.166666666666664,20,3,3
2026-03-26 21:00:00,23.9,55,9.4,987.9,31.8,46.7,43.72,21,3,3
2026-03-26 22:00:00,22.8,60,10.1,988.0,30.4,44.4,44.94,22,3,3
2026-03-26 23:00:00,22.9,65,12.2,987.7,28.9,42.5,44.28,23,3,3
2026-03-27 00:00:00,22.1,69,11.9,987.1,27.1,41.1,48.42,0,4,3
2026-03-27 01:00:00,21.5,70,13.8,986.5,26.1,40.6,48.5,1,4,3
2026-03-27 02:00:00,21.3,70,12.3,985.9,26.3,41.6,62.95,2,4,3
2026-03-27 03:00:00,21.2,69,11.2,985.4,24.6,37.8,67.8,3,4,3
2026-03-27 04:00:00,21.1,66,12.4,984.9,24.0,35.5,48.7,4,4,3
2026-03-27 05:00:00,20.0,85,7.2,985.0,29.8,37.8,34.5,5,4,3
2026-03-27 06:00:00,19.9,85,2.7,984.3,29.0,35.9,25.8,6,4,3
2026-03-27 07:00:00,20.1,87,1.5,984.9,31.4,36.8,27.275000000000002,7,4,3
2026-03-27 08:00:00,22.0,75,6.8,985.5,31.0,37.4,30.675,8,4,3
2026-03-27 09:00:00,23.4,65,9.4,986.6,28.8,35.5,29.35,9,4,3
2026-03-27 10:00:00,25.0,56,8.3,986.8,22.3,30.0,24.3,10,4,3
2026-03-27 11:00:00,26.6,47,6.0,986.5,21.2,31.3,24.174999999999997,11,4,3
2026-03-27 12:00:00,28.0,42,4.2,985.5,20.3,31.3,24.25,12,4,3
2026-03-27 13:00:00,28.9,39,5.6,984.4,20.3,32.4,37.54,13,4,3
2026-03-27 14:00:00,29.3,37,6.6,983.2,20.0,34.0,45.660000000000004,14,4,3
2026-03-27 15:00:00,29.4,37,6.7,982.2,19.4,33.3,47.84,15,4,3
2026-03-27 16:00:00,29.0,38,6.3,981.2,18.9,32.9,50.2,16,4,3
2026-03-27 17:00:00,28.8,36,3.9,980.8,9.0,13.1,51.54,17,4,3
2026-03-27 18:00:00,28.1,37,4.6,980.9,11.6,15.7,58.720000000000006,18,4,3
2026-03-27 19:00:00,27.1,40,8.3,981.5,21.7,24.9,65.24000000000001,19,4,3
2026-03-27 20:00:00,26.3,44,8.4,981.9,29.5,32.1,80.3,20,4,3
2026-03-27 21:00:00,25.1,48,6.2,982.2,36.4,38.5,99.2,21,4,3
2026-03-27 22:00:00,23.9,52,4.7,982.1,41.9,43.4,107.64000000000001,22,4,3
2026-03-27 23:00:00,23.4,56,3.2,982.2,45.5,46.6,115.82000000000001,23,4,3
2026-03-28 00:00:00,23.0,57,2.5,981.7,49.4,50.2,119.43999999999998,0,5,3
2026-03-28 01:00:00,22.2,60,4.0,981.3,55.1,56.0,141.2,1,5,3
2026-03-28 02:00:00,21.6,63,2.6,980.3,61.7,63.3,170.44,2,5,3
2026-03-28 03:00:00,21.1,65,1.5,979.6,66.4,68.5,116.74000000000001,3,5,3
2026-03-28 04:00:00,20.6,66,1.3,979.1,66.4,68.7,58.8,4,5,3
2026-03-28 05:00:00,19.1,75,1.9,979.2,52.7,54.2,37.46,5,5,3
2026-03-28 06:00:00,18.6,79,2.4,979.3,55.2,57.2,36.660000000000004,6,5,3
2026-03-28 07:00:00,19.5,75,4.1,980.2,63.6,65.9,34.82,7,5,3
2026-03-28 08:00:00,22.3,64,2.3,981.0,55.3,56.9,33.4,8,5,3
2026-03-28 09:00:00,25.3,51,3.1,981.4,34.9,35.5,35.3,9,5,3
2026-03-28 10:00:00,27.5,43,4.6,981.3,14.8,15.2,33.775000000000006,10,5,3
2026-03-28 11:00:00,28.8,38,5.0,981.5,12.9,14.7,30.075000000000003,11,5,3
2026-03-28 12:00:00,30.2,35,5.3,981.2,13.0,16.5,30.4,12,5,3
2026-03-28 13:00:00,30.9,32,6.4,980.6,13.6,18.3,32.62,13,5,3
2026-03-28 14:00:00,30.3,32,6.6,979.6,14.1,19.8,38.3,14,5,3
2026-03-28 15:00:00,30.4,30,5.2,978.9,14.8,21.4,42.879999999999995,15,5,3
2026-03-28 16:00:00,30.6,29,3.6,978.4,15.4,23.1,48.78,16,5,3
2026-03-28 17:00:00,30.3,30,7.4,978.3,14.3,19.6,53.6,17,5,3
2026-03-28 18:00:00,28.6,38,9.6,978.3,16.5,21.4,62.6,18,5,3
2026-03-28 19:00:00,27.2,44,12.4,978.6,24.2,28.2,62.75,19,5,3
2026-03-28 20:00:00,26.7,44,8.3,979.2,28.1,32.0,56.75,20,5,3
2026-03-28 21:00:00,25.8,50,9.9,979.8,27.0,33.6,77.6,21,5,3
2026-03-28 22:00:00,25.2,49,11.4,979.3,26.0,33.5,69.77499999999999,22,5,3
2026-03-28 23:00:00,25.0,51,11.5,979.2,25.4,35.0,61.4,23,5,3
2026-03-29 00:00:00,24.7,54,11.2,979.0,24.0,35.3,58.75,0,6,3
2026-03-29 01:00:00,24.4,52,7.5,978.9,25.3,34.7,47.35,1,6,3
2026-03-29 02:00:00,21.0,78,6.9,980.9,28.5,42.1,46.625,2,6,3
2026-03-29 03:00:00,20.1,90,7.0,979.9,29.1,39.7,41.0,3,6,3
2026-03-29 04:00:00,19.6,91,9.4,979.3,27.8,38.2,24.55,4,6,3
2026-03-29 05:00:00,18.4,88,12.5,981.4,15.3,23.1,16.95,5,6,3
2026-03-29 06:00:00,18.1,89,12.9,981.6,16.0,26.5,6.325,6,6,3
2026-03-29 07:00:00,18.6,84,18.2,982.0,16.8,25.6,10.725000000000001,7,6,3
2026-03-29 08:00:00,20.3,80,15.3,982.3,17.8,32.8,13.875,8,6,3
2026-03-29 09:00:00,22.3,73,12.5,983.1,17.3,42.7,17.924999999999997,9,6,3
2026-03-29 10:00:00,23.6,66,13.9,983.7,17.2,53.2,22.025,10,6,3
2026-03-29 11:00:00,24.3,65,14.3,984.1,18.3,63.3,23.6,11,6,3
2026-03-29 12:00:00,26.1,61,12.8,983.9,20.9,76.8,24.2,12,6,3
2026-03-29 13:00:00,27.7,56,13.5,983.2,25.1,96.6,32.9,13,6,3
2026-03-29 14:00:00,27.6,55,12.8,982.4,29.2,116.6,48.925,14,6,3
2026-03-29 15:00:00,27.5,54,12.2,981.5,31.8,128.5,71.075,15,6,3
2026-03-29 16:00:00,27.4,54,10.6,980.5,32.8,131.3,70.225,16,6,3
2026-03-29 17:00:00,27.4,53,8.2,981.1,26.3,107.3,66.625,17,6,3
2026-03-29 18:00:00,25.9,67,3.8,981.2,27.8,101.0,61.85,18,6,3
2026-03-29 19:00:00,24.9,67,5.8,980.9,34.0,90.8,62.375,19,6,3
2026-03-29 20:00:00,24.1,70,7.3,981.3,39.6,92.9,85.85,20,6,3
2026-03-29 21:00:00,23.4,71,7.3,981.7,42.0,92.7,73.8,21,6,3
2026-03-29 22:00:00,22.8,74,7.8,981.4,42.5,89.9,60.275,22,6,3
2026-03-29 23:00:00,22.7,77,5.9,981.8,41.2,82.9,49.475,23,6,3
2026-03-30 00:00:00,22.2,79,7.5,981.6,37.1,69.8,43.625,0,0,3
2026-03-30 01:00:00,21.8,80,6.8,981.3,34.3,56.9,42.675,1,0,3
2026-03-30 02:00:00,21.5,81,7.3,980.5,32.2,48.1,44.825,2,0,3
2026-03-30 03:00:00,21.1,83,8.7,980.3,31.1,43.1,45.5,3,0,3
2026-03-30 04:00:00,20.9,83,8.8,979.4,29.2,38.0,47.46,4,0,3
2026-03-30 05:00:00,21.0,81,7.1,980.1,19.7,20.6,47.54,5,0,3
2026-03-30 06:00:00,20.9,80,6.6,980.7,22.1,48.7,45.14,6,0,3
2026-03-30 07:00:00,21.9,75,8.3,981.0,27.7,65.2,42.88,7,0,3
2026-03-30 08:00:00,23.7,69,6.9,982.3,29.2,77.5,40.12,8,0,3
2026-03-30 09:00:00,25.8,61,8.2,982.6,31.7,104.1,36.0,9,0,3
2026-03-30 10:00:00,27.8,53,9.2,983.3,38.8,145.3,24.8,10,0,3
2026-03-30 11:00:00,29.2,44,11.5,983.9,47.8,188.6,16.28,11,0,3
2026-03-30 12:00:00,30.3,42,10.8,983.3,55.6,224.9,13.24,12,0,3
2026-03-30 13:00:00,30.2,39,8.9,983.2,58.7,231.4,24.04,13,0,3
2026-03-30 14:00:00,24.1,65,6.5,984.1,53.0,200.2,32.1,14,0,3
2026-03-30 15:00:00,26.4,56,9.4,981.5,38.9,132.2,41.75,15,0,3
2026-03-30 16:00:00,28.7,41,11.4,981.3,23.3,67.1,41.016666666666666,16,0,3
2026-03-30 17:00:00,26.2,50,8.3,981.3,27.4,77.5,38.75,17,0,3
2026-03-30 18:00:00,26.8,48,7.7,981.2,27.8,60.1,43.199999999999996,18,0,3
2026-03-30 19:00:00,22.8,72,14.0,982.0,31.8,56.5,44.916666666666664,19,0,3
2026-03-30 20:00:00,21.9,76,10.9,982.2,35.6,59.6,22.599999999999998,20,0,3
2026-03-30 21:00:00,22.1,71,7.0,984.7,39.3,67.1,12.6,21,0,3
2026-03-30 22:00:00,21.5,77,6.5,984.7,46.8,75.7,13.016666666666666,22,0,3
2026-03-30 23:00:00,21.1,78,10.7,984.8,52.5,83.1,22.400000000000002,23,0,3
2026-03-31 00:00:00,20.3,79,11.8,984.7,54.4,93.4,25.733333333333334,0,1,3
2026-03-31 01:00:00,19.5,81,10.1,984.4,53.1,106.4,39.53333333333333,1,1,3
2026-03-31 02:00:00,18.9,83,11.5,984.2,52.6,127.1,47.35,2,1,3
2026-03-31 03:00:00,18.2,83,12.8,984.5,54.0,149.9,43.36666666666667,3,1,3
2026-03-31 04:00:00,18.1,78,13.1,984.2,54.6,160.7,44.43333333333334,4,1,3
2026-03-31 05:00:00,18.4,77,6.7,983.9,26.9,77.8,38.25,5,1,3
2026-03-31 06:00:00,18.1,78,7.2,984.0,24.3,65.0,34.233333333333334,6,1,3
2026-03-31 07:00:00,19.2,74,8.0,984.5,25.2,58.0,39.233333333333334,7,1,3
2026-03-31 08:00:00,21.7,65,2.8,985.5,27.0,65.9,37.550000000000004,8,1,3
2026-03-31 09:00:00,24.1,58,2.4,986.2,31.4,100.6,36.13333333333333,9,1,3
2026-03-31 10:00:00,27.1,49,3.9,986.4,40.2,165.8,29.166666666666668,10,1,3
2026-03-31 11:00:00,28.9,43,2.3,986.4,42.1,167.2,22.433333333333334,11,1,3
2026-03-31 12:00:00,30.6,32,1.8,986.0,34.5,127.1,23.349999999999998,12,1,3
2026-03-31 13:00:00,31.3,29,8.8,985.0,31.8,109.7,17.216666666666665,13,1,3
2026-03-31 14:00:00,28.8,36,12.2,984.3,29.5,99.9,7.016666666666667,14,1,3
2026-03-31 15:00:00,28.8,30,11.7,983.8,28.2,95.0,10.9,15,1,3
2026-03-31 16:00:00,29.3,29,3.7,983.8,29.0,97.8,21.066666666666666,16,1,3
2026-03-31 17:00:00,29.6,23,4.8,982.4,27.8,94.5,25.879999999999995,17,1,3
2026-03-31 18:00:00,28.5,28,3.4,982.8,32.0,91.0,17.28,18,1,3
2026-03-31 19:00:00,26.8,36,7.1,983.7,43.2,102.2,20.28,19,1,3
2026-03-31 20:00:00,25.8,40,7.9,984.2,53.8,109.4,38.8,20,1,3
2026-03-31 21:00:00,24.1,46,8.2,985.1,59.5,112.9,36.63333333333333,21,1,3
2026-03-31 22:00:00,22.8,52,6.5,985.7,53.4,101.7,45.88333333333333,22,1,3
2026-03-31 23:00:00,22.8,63,11.4,986.1,48.0,93.8,34.050000000000004,23,1,3
2026-04-01 00:00:00,22.3,63,6.3,986.1,44.8,95.0,31.25,0,2,4
2026-04-01 01:00:00,21.7,66,3.6,985.6,44.7,101.0,41.083333333333336,1,2,4
2026-04-01 02:00:00,21.2,70,0.3,985.2,44.4,104.1,75.36666666666666,2,2,4
2026-04-01 03:00:00,20.1,72,4.5,985.1,43.8,108.0,94.56666666666666,3,2,4
2026-04-01 04:00:00,19.6,72,9.4,985.5,44.1,118.5,54.1,4,2,4
2026-04-01 05:00:00,18.4,76,6.3,985.3,44.2,137.4,29.166666666666668,5,2,4
2026-04-01 06:00:00,18.2,78,4.1,985.6,45.4,122.9,10.766666666666666,6,2,4
2026-04-01 07:00:00,19.3,73,3.8,986.4,48.1,115.9,8.65,7,2,4
2026-04-01 08:00:00,21.9,62,2.4,987.1,49.9,168.6,10.066666666666666,8,2,4
2026-04-01 09:00:00,24.2,52,4.4,987.8,51.2,238.4,9.866666666666667,9,2,4
2026-04-01 10:00:00,26.6,41,4.1,988.1,51.1,272.9,11.766666666666667,10,2,4
2026-04-01 11:00:00,27.8,38,6.4,988.7,44.5,231.4,10.116666666666667,11,2,4
2026-04-01 12:00:00,29.6,32,5.3,988.2,39.5,188.6,19.383333333333336,12,2,4
2026-04-01 13:00:00,30.6,29,4.6,987.3,36.0,158.8,26.21666666666667,13,2,4
2026-04-01 14:00:00,31.1,28,5.2,986.2,34.3,142.5,42.016666666666666,14,2,4
2026-04-01 15:00:00,31.3,28,5.6,985.0,33.3,131.3,70.18333333333334,15,2,4
2026-04-01 16:00:00,30.8,28,6.2,984.1,32.8,125.7,67.03333333333333,16,2,4
2026-04-01 17:00:00,29.7,29,6.3,984.5,29.5,102.2,68.76666666666667,17,2,4
2026-04-01 18:00:00,28.9,31,9.9,984.7,30.4,102.2,60.53333333333333,18,2,4
2026-04-01 19:00:00,27.9,34,9.3,985.2,42.5,105.9,55.083333333333336,19,2,4
2026-04-01 20:00:00,26.8,38,6.6,985.4,48.5,103.1,52.25,20,2,4
2026-04-01 21:00:00,25.8,42,5.4,986.1,50.6,97.6,59.93333333333334,21,2,4
2026-04-01 22:00:00,24.8,45,5.2,985.9,49.9,90.6,53.949999999999996,22,2,4
2026-04-01 23:00:00,24.3,54,4.2,985.6,50.5,87.1,57.25,23,2,4
2026-04-02 00:00:00,24.2,53,6.8,985.5,48.4,80.8,90.46666666666665,0,3,4
2026-04-02 01:00:00,23.6,55,8.0,985.2,43.9,70.1,117.8,1,3,4
2026-04-02 02:00:00,23.0,57,7.4,984.8,39.8,61.2,132.88,2,3,4
2026-04-02 03:00:00,23.3,56,7.7,984.6,35.9,54.5,90.38333333333333,3,3,4
2026-04-02 04:00:00,22.1,61,4.4,984.5,32.8,49.2,57.9,4,3,4
2026-04-02 05:00:00,21.5,66,1.5,984.3,29.6,39.0,45.11666666666667,5,3,4
2026-04-02 06:00:00,20.9,68,2.3,984.7,29.3,39.2,39.21666666666666,6,3,4
2026-04-02 07:00:00,22.2,63,3.6,985.5,31.3,40.5,21.44,7,3,4
2026-04-02 08:00:00,24.5,55,2.4,986.1,30.4,41.2,15.66,8,3,4
2026-04-02 09:00:00,27.3,46,2.7,986.7,23.3,38.3,15.419999999999998,9,3,4
2026-04-02 10:00:00,30.2,34,4.1,987.2,19.0,40.5,17.4,10,3,4
2026-04-02 11:00:00,31.2,28,3.6,987.3,21.1,58.0,21.52,11,3,4
2026-04-02 12:00:00,33.2,24,4.8,986.7,21.7,68.0,29.72,12,3,4
2026-04-02 13:00:00,34.2,21,5.2,985.8,20.4,69.6,42.220000000000006,13,3,4
2026-04-02 14:00:00,34.4,20,6.2,984.5,19.2,68.2,41.519999999999996,14,3,4
2026-04-02 15:00:00,34.1,19,7.7,983.6,18.6,66.1,44.6,15,3,4
2026-04-02 16:00:00,33.9,19,8.1,983.3,18.3,64.5,41.06,16,3,4
2026-04-02 17:00:00,33.4,18,7.4,982.7,19.2,62.2,42.739999999999995,17,3,4
2026-04-02 18:00:00,31.5,26,13.3,982.6,21.4,62.2,40.980000000000004,18,3,4
2026-04-02 19:00:00,29.4,31,12.0,982.9,31.8,66.6,44.94,19,3,4
2026-04-02 20:00:00,28.4,34,11.5,983.1,40.9,73.3,43.040000000000006,20,3,4
2026-04-02 21:00:00,27.4,37,5.7,983.6,41.7,70.5,41.56,21,3,4
2026-04-02 22:00:00,26.5,42,1.7,983.7,41.2,67.1,41.58,22,3,4
2026-04-02 23:00:00,26.9,47,3.6,983.2,41.0,63.8,49.980000000000004,23,3,4
2026-04-03 00:00:00,26.7,46,8.8,982.6,41.0,63.1,48.980000000000004,0,4,4
2026-04-03 01:00:00,26.0,48,8.9,982.6,42.7,65.2,56.839999999999996,1,4,4
2026-04-03 02:00:00,24.9,53,8.0,982.0,45.3,67.8,60.3,2,4,4
2026-04-03 03:00:00,24.2,58,1.2,981.9,42.8,60.5,58.839999999999996,3,4,4
2026-04-03 04:00:00,23.6,61,1.8,981.8,38.4,55.6,46.78,4,4,4
2026-04-03 05:00:00,23.6,62,9.9,981.7,25.0,48.7,42.5,5,4,4
2026-04-03 06:00:00,22.8,67,8.9,981.9,24.2,62.6,36.64,6,4,4
2026-04-03 07:00:00,23.0,67,6.4,982.6,26.3,57.2,37.28,7,4,4
2026-04-03 08:00:00,24.3,63,7.1,983.4,27.1,65.7,30.4,8,4,4
2026-04-03 09:00:00,25.2,58,13.2,984.1,23.9,63.8,26.82,9,4,4
2026-04-03 10:00:00,24.8,56,16.2,985.8,24.1,70.3,43.04,10,4,4
2026-04-03 11:00:00,24.5,50,11.0,985.4,24.6,70.5,39.62,11,4,4
2026-04-03 12:00:00,26.9,42,5.4,985.5,24.4,70.1,30.46,12,4,4
2026-04-03 13:00:00,26.8,45,7.7,985.3,21.0,59.1,5.14,13,4,4
2026-04-03 14:00:00,21.6,74,13.8,985.1,18.7,52.2,10.040000000000001,14,4,4
2026-04-03 15:00:00,23.2,64,10.5,984.2,17.9,48.3,15.4,15,4,4
2026-04-03 16:00:00,20.2,78,16.2,984.2,16.7,42.5,13.080000000000002,16,4,4
2026-04-03 17:00:00,22.1,65,10.2,983.2,19.9,37.5,21.1,17,4,4
2026-04-03 18:00:00,21.3,71,10.5,983.4,20.1,34.6,32.22,18,4,4
2026-04-03 19:00:00,20.6,76,9.6,983.9,26.6,37.6,43.72,19,4,4
2026-04-03 20:00:00,19.8,79,12.2,984.5,33.1,43.9,43.2,20,4,4
2026-04-03 21:00:00,19.6,80,11.8,985.2,36.2,46.7,50.02,21,4,4
2026-04-03 22:00:00,19.1,84,11.7,985.9,31.7,41.2,81.2,22,4,4
2026-04-03 23:00:00,19.1,82,9.5,986.1,32.8,42.3,58.32000000000001,23,4,4
2026-04-04 00:00:00,18.8,85,7.3,986.2,33.4,43.5,51.260000000000005,0,5,4
2026-04-04 01:00:00,18.5,87,8.3,985.4,33.1,43.7,54.96,1,5,4
2026-04-04 02:00:00,18.2,89,8.3,985.0,31.5,42.7,56.14000000000001,2,5,4
2026-04-04 03:00:00,18.3,90,9.0,984.4,29.5,41.6,48.025,3,5,4
2026-04-04 04:00:00,18.3,90,9.1,984.3,29.6,51.5,38.839999999999996,4,5,4
2026-04-04 05:00:00,17.9,93,5.2,984.4,23.7,41.4,35.3,5,5,4
2026-04-04 06:00:00,17.6,93,3.4,984.5,23.7,38.0,33.88,6,5,4
2026-04-04 07:00:00,18.8,88,3.0,984.9,27.0,41.1,26.18,7,5,4
2026-04-04 08:00:00,20.9,78,1.5,985.8,26.6,44.8,34.54,8,5,4
2026-04-04 09:00:00,23.2,67,3.4,986.6,24.8,52.7,36.62,9,5,4
2026-04-04 10:00:00,24.9,55,2.8,987.0,22.7,66.8,37.1,10,5,4
2026-04-04 11:00:00,26.8,37,7.3,986.9,25.6,85.0,30.099999999999998,11,5,4
2026-04-04 12:00:00,26.6,36,10.3,986.2,27.2,96.9,37.73333333333333,12,5,4
2026-04-04 13:00:00,27.6,33,13.7,985.3,28.0,107.6,40.800000000000004,13,5,4
2026-04-04 14:00:00,23.4,55,5.5,985.6,27.6,109.4,50.76666666666667,14,5,4
2026-04-04 15:00:00,22.5,58,11.9,984.7,27.4,104.1,41.766666666666666,15,5,4
2026-04-04 16:00:00,21.9,62,14.5,984.7,26.2,91.3,39.300000000000004,16,5,4
2026-04-04 17:00:00,19.6,78,4.8,984.8,22.4,67.1,43.13333333333333,17,5,4
2026-04-04 18:00:00,19.5,77,6.4,984.6,24.4,63.8,34.23333333333333,18,5,4
2026-04-04 19:00:00,19.3,79,5.4,985.0,36.2,64.7,35.46666666666667,19,5,4
2026-04-04 20:00:00,18.7,83,4.3,984.9,39.6,64.3,55.366666666666674,20,5,4
2026-04-04 21:00:00,18.1,86,6.6,985.1,42.1,64.3,92.86666666666667,21,5,4
2026-04-04 22:00:00,17.6,88,10.6,985.4,45.9,67.8,59.93333333333334,22,5,4
2026-04-04 23:00:00,18.5,85,11.5,985.0,46.0,66.1,90.26666666666667,23,5,4
2026-04-05 00:00:00,18.4,85,7.7,984.9,42.8,61.2,83.6,0,6,4
2026-04-05 01:00:00,17.7,89,2.2,984.6,39.3,56.9,69.89999999999999,1,6,4
2026-04-05 02:00:00,17.1,92,1.7,983.8,36.0,54.0,71.0,2,6,4
2026-04-05 03:00:00,16.6,94,3.2,983.7,33.2,51.7,48.9,3,6,4
2026-04-05 04:00:00,16.6,94,5.8,983.7,31.3,49.9,44.800000000000004,4,6,4
2026-04-05 05:00:00,16.9,86,7.2,984.0,33.9,52.2,43.26666666666667,5,6,4
2026-04-05 06:00:00,16.6,87,6.7,984.5,31.5,53.3,39.86666666666667,6,6,4
2026-04-05 07:00:00,17.4,83,6.8,985.0,32.0,51.6,30.46666666666667,7,6,4
2026-04-05 08:00:00,19.1,75,2.8,985.7,32.0,57.0,26.433333333333334,8,6,4
2026-04-05 09:00:00,21.6,64,2.2,985.8,28.7,63.3,27.03333333333333,9,6,4
2026-04-05 10:00:00,23.8,52,4.0,985.7,26.0,81.0,28.166666666666668,10,6,4
2026-04-05 11:00:00,25.4,43,6.0,986.0,24.5,81.7,25.099999999999998,11,6,4
2026-04-05 12:00:00,26.2,38,5.2,985.6,20.9,67.1,31.6,12,6,4
2026-04-05 13:00:00,26.9,36,4.8,984.8,19.6,58.1,28.2,13,6,4
2026-04-05 14:00:00,27.3,35,5.7,983.7,19.6,53.1,39.075,14,6,4
2026-04-05 15:00:00,26.9,35,7.9,982.9,19.5,49.1,48.25,15,6,4
2026-04-05 16:00:00,26.0,37,6.2,982.8,18.7,44.4,55.7,16,6,4
2026-04-05 17:00:00,26.4,32,9.6,982.1,15.5,28.8,64.4,17,6,4
2026-04-05 18:00:00,25.5,35,8.4,982.5,19.0,29.5,74.67500000000001,18,6,4
2026-04-05 19:00:00,24.5,38,6.5,982.8,27.9,37.6,79.42500000000001,19,6,4
2026-04-05 20:00:00,23.7,41,5.6,983.2,37.5,47.6,88.575,20,6,4
2026-04-05 21:00:00,22.5,46,4.2,983.6,47.4,58.1,141.32500000000002,21,6,4
2026-04-05 22:00:00,21.6,53,1.0,983.7,57.2,68.0,143.175,22,6,4
2026-04-05 23:00:00,21.9,51,2.3,983.9,60.3,70.8,100.975,23,6,4
2026-04-06 00:00:00,21.8,53,0.5,983.6,59.5,70.5,99.57499999999999,0,0,4
2026-04-06 01:00:00,20.9,56,1.4,983.4,59.6,71.2,113.275,1,0,4
2026-04-06 02:00:00,20.2,59,0.3,983.0,59.6,71.7,100.425,2,0,4
2026-04-06 03:00:00,19.3,63,2.8,983.1,59.4,71.9,61.099999999999994,3,0,4
2026-04-06 04:00:00,18.5,67,3.1,982.9,59.8,72.9,45.975,4,0,4
2026-04-06 05:00:00,18.0,75,3.6,983.1,43.4,53.6,36.65,5,0,4
2026-04-06 06:00:00,18.0,75,6.2,983.5,42.5,52.2,31.450000000000003,6,0,4
2026-04-06 07:00:00,18.9,73,6.0,984.1,42.6,51.3,32.025,7,0,4
2026-04-06 08:00:00,21.6,64,2.7,984.7,38.8,51.5,32.225,8,0,4
2026-04-06 09:00:00,24.8,50,3.5,985.6,26.9,47.3,35.45,9,0,4
2026-04-06 10:00:00,26.8,36,2.7,985.9,17.9,38.4,42.150000000000006,10,0,4
2026-04-06 11:00:00,27.5,32,3.3,985.8,17.2,33.3,40.1,11,0,4
2026-04-06 12:00:00,29.2,28,2.2,985.4,16.0,28.5,45.975,12,0,4
2026-04-06 13:00:00,30.1,25,1.5,984.4,16.4,27.1,43.025,13,0,4
2026-04-06 14:00:00,30.6,23,0.2,983.2,17.1,26.4,125.15,14,0,4
2026-04-06 15:00:00,30.5,23,2.1,982.1,17.9,26.1,100.2,15,0,4
2026-04-06 16:00:00,30.1,23,2.7,981.5,18.6,26.0,94.05,16,0,4
2026-04-06 17:00:00,29.2,24,8.1,981.3,13.4,18.7,75.225,17,0,4
2026-04-06 18:00:00,28.7,25,5.0,981.8,19.0,23.7,25.9,18,0,4
2026-04-06 19:00:00,26.9,28,4.9,982.1,29.0,33.4,19.7,19,0,4
2026-04-06 20:00:00,25.3,35,7.6,982.7,42.6,46.3,35.025,20,0,4
2026-04-06 21:00:00,24.3,37,5.1,983.3,50.8,54.0,45.15,21,0,4
2026-04-06 22:00:00,22.8,41,5.2,983.2,56.0,58.8,39.125,22,0,4
2026-04-06 23:00:00,21.7,54,11.6,984.6,56.8,60.1,36.675,23,0,4
2026-04-07 00:00:00,20.9,63,9.8,983.8,52.2,54.8,41.95,0,1,4
2026-04-07 01:00:00,21.1,65,6.9,982.5,35.0,36.4,53.5,1,1,4
2026-04-07 02:00:00,20.7,68,6.8,982.0,31.9,33.1,59.725,2,1,4
2026-04-07 03:00:00,20.1,70,9.0,981.4,35.3,36.7,70.225,3,1,4
2026-04-07 04:00:00,19.4,71,9.9,980.3,37.5,38.8,70.5,4,1,4
2026-04-07 05:00:00,20.9,67,8.4,980.3,23.2,23.2,72.5,5,1,4
2026-04-07 06:00:00,20.9,67,5.8,980.7,23.1,26.2,67.35,6,1,4
2026-04-07 07:00:00,21.5,62,6.6,981.3,24.5,38.1,52.875,7,1,4
2026-04-07 08:00:00,22.3,58,7.6,981.5,25.3,51.1,47.25,8,1,4
2026-04-07 09:00:00,23.7,52,7.7,982.4,24.0,63.6,39.575,9,1,4
2026-04-07 10:00:00,23.3,53,14.4,983.6,24.4,83.6,39.275,10,1,4
2026-04-07 11:00:00,22.9,51,10.4,983.2,25.0,107.1,24.1,11,1,4
2026-04-07 12:00:00,22.7,53,13.1,982.9,30.7,149.9,31.85,12,1,4
2026-04-07 13:00:00,22.6,56,11.1,982.2,38.1,180.7,46.175,13,1,4
2026-04-07 14:00:00,19.8,74,11.4,981.7,45.4,201.6,41.875,14,1,4
2026-04-07 15:00:00,18.7,84,10.1,980.6,47.4,182.1,32.475,15,1,4
2026-04-07 16:00:00,19.3,82,13.9,980.8,50.5,203.5,36.0,16,1,4
2026-04-07 17:00:00,17.2,83,14.3,981.2,54.4,216.1,31.875,17,1,4
2026-04-07 18:00:00,17.6,76,6.0,981.6,37.3,120.6,32.95,18,1,4
2026-04-07 19:00:00,17.5,84,3.1,981.8,31.3,90.6,41.15,19,1,4
2026-04-07 20:00:00,16.7,89,10.9,982.6,29.6,84.1,39.025,20,1,4
2026-04-07 21:00:00,16.2,91,10.3,982.4,27.7,72.2,41.65,21,1,4
2026-04-07 22:00:00,15.8,91,11.9,982.5,27.5,68.9,47.375,22,1,4
2026-04-07 23:00:00,15.6,92,10.8,982.6,27.4,75.2,40.7,23,1,4
2026-04-08 00:00:00,15.2,93,10.9,982.9,26.7,77.8,36.6,0,2,4
2026-04-08 01:00:00,15.0,92,6.3,983.2,27.0,86.6,31.675,1,2,4
2026-04-08 02:00:00,15.0,92,10.8,982.1,29.6,102.0,33.25,2,2,4
2026-04-08 03:00:00,14.9,93,7.5,981.6,32.2,104.5,27.45,3,2,4
2026-04-08 04:00:00,14.9,93,7.8,981.5,34.1,99.2,18.375,4,2,4
2026-04-08 05:00:00,15.2,97,7.0,981.1,37.7,102.9,24.775,5,2,4
2026-04-08 06:00:00,14.7,96,9.4,981.4,38.1,96.9,36.675,6,2,4
2026-04-08 07:00:00,15.6,93,3.6,982.5,36.3,97.6,43.525,7,2,4
2026-04-08 08:00:00,16.9,86,4.2,982.8,36.3,91.0,40.675,8,2,4
2026-04-08 09:00:00,18.7,75,4.9,983.2,35.0,84.1,46.85,9,2,4
2026-04-08 10:00:00,20.5,63,3.5,984.0,32.8,75.9,47.6,10,2,4
2026-04-08 11:00:00,21.6,56,2.1,984.0,32.4,71.0,48.575,11,2,4
2026-04-08 12:00:00,21.5,58,3.4,984.0,31.5,67.3,48.25,12,2,4
2026-04-08 13:00:00,21.0,59,9.0,984.0,27.1,60.3,51.125,13,2,4
2026-04-08 14:00:00,20.1,59,5.0,983.4,23.8,54.8,38.6,14,2,4
2026-04-08 15:00:00,19.0,68,6.5,983.7,22.2,51.3,28.9,15,2,4
2026-04-08 16:00:00,19.2,69,8.4,983.5,21.8,50.9,17.875,16,2,4
2026-04-08 17:00:00,21.7,52,4.8,983.2,17.9,33.5,13.85,17,2,4
2026-04-08 18:00:00,19.8,63,11.2,984.3,19.2,32.9,25.225,18,2,4
2026-04-08 19:00:00,18.8,73,3.1,984.1,28.6,41.4,33.9,19,2,4
2026-04-08 20:00:00,17.7,77,8.1,985.1,35.9,46.9,40.575,20,2,4
2026-04-08 21:00:00,17.1,78,7.7,985.8,32.0,40.0,43.1,21,2,4
2026-04-08 22:00:00,16.5,80,8.7,985.9,25.7,32.7,41.475,22,2,4
2026-04-08 23:00:00,16.7,87,10.8,986.6,23.6,31.1,43.65,23,2,4
2026-04-09 00:00:00,16.3,89,9.2,987.0,24.1,32.6,48.6,0,3,4
2026-04-09 01:00:00,15.9,90,5.3,986.9,25.5,34.6,45.660000000000004,1,3,4
2026-04-09 02:00:00,15.8,92,1.3,987.0,26.7,35.7,60.879999999999995,2,3,4
2026-04-09 03:00:00,15.8,92,8.5,987.1,27.4,36.6,39.475,3,3,4
2026-04-09 04:00:00,15.5,94,1.7,986.9,28.1,37.6,28.45,4,3,4
2026-04-09 05:00:00,14.6,96,4.1,986.8,24.7,25.3,26.75,5,3,4
2026-04-09 06:00:00,15.0,96,3.8,987.6,24.1,29.6,34.475,6,3,4
2026-04-09 07:00:00,16.1,92,2.7,988.6,24.7,31.9,45.975,7,3,4
2026-04-09 08:00:00,18.3,83,3.9,989.2,26.2,34.8,38.4,8,3,4
2026-04-09 09:00:00,20.8,71,6.3,990.0,28.2,40.2,50.92,9,3,4
2026-04-09 10:00:00,20.7,66,8.4,990.8,30.2,44.5,41.839999999999996,10,3,4
2026-04-09 11:00:00,22.6,57,6.0,990.7,35.2,55.5,33.28,11,3,4
2026-04-09 12:00:00,22.9,48,2.4,990.7,24.1,39.8,36.279999999999994,12,3,4
2026-04-09 13:00:00,24.1,43,1.9,990.1,21.0,36.0,43.1,13,3,4
2026-04-09 14:00:00,24.5,42,4.7,989.5,20.1,34.5,62.4,14,3,4
2026-04-09 15:00:00,24.5,42,7.4,988.7,19.3,33.1,60.06,15,3,4
2026-04-09 16:00:00,23.5,47,10.0,988.4,18.9,32.4,46.5,16,3,4
2026-04-09 17:00:00,22.9,49,9.8,988.5,15.5,19.4,54.06,17,3,4
2026-04-09 18:00:00,21.8,56,8.3,988.6,18.2,22.8,55.02,18,3,4
2026-04-09 19:00:00,20.4,64,6.5,989.0,26.3,30.9,49.04,19,3,4
2026-04-09 20:00:00,19.5,69,5.0,990.0,34.1,39.0,84.5,20,3,4
2026-04-09 21:00:00,18.6,74,4.5,990.3,40.3,45.6,111.28,21,3,4
2026-04-09 22:00:00,17.8,79,3.9,990.3,46.4,52.0,89.44,22,3,4
2026-04-09 23:00:00,18.6,75,4.6,990.5,52.5,58.8,72.02000000000001,23,3,4
2026-04-10 00:00:00,18.4,77,4.2,990.6,55.2,61.5,76.525,0,4,4
2026-04-10 01:00:00,18.2,76,5.0,990.7,49.0,54.9,73.55,1,4,4
2026-04-10 02:00:00,17.9,74,6.2,990.0,41.3,46.4,68.55,2,4,4
2026-04-10 03:00:00,17.6,72,6.7,989.5,34.8,39.1,49.88,3,4,4
2026-04-10 04:00:00,16.8,75,6.0,989.2,30.9,34.3,40.78,4,4,4
2026-04-10 05:00:00,16.0,82,6.3,989.3,38.1,41.8,28.72,5,4,4
2026-04-10 06:00:00,16.0,82,5.3,989.8,33.5,37.0,18.880000000000003,6,4,4
2026-04-10 07:00:00,17.2,77,6.6,990.4,31.3,33.9,16.240000000000002,7,4,4
2026-04-10 08:00:00,19.6,65,5.4,991.2,29.3,31.8,18.619999999999997,8,4,4
2026-04-10 09:00:00,22.5,51,7.6,991.1,22.1,25.1,14.780000000000001,9,4,4
2026-04-10 10:00:00,24.8,40,8.6,990.7,15.3,18.5,10.92,10,4,4
2026-04-10 11:00:00,26.4,33,10.1,990.9,14.7,17.3,7.32,11,4,4
2026-04-10 12:00:00,27.9,28,11.5,990.4,15.1,17.7,7.4,12,4,4
2026-04-10 13:00:00,28.8,26,12.6,989.6,15.0,18.0,14.4,13,4,4
2026-04-10 14:00:00,29.2,26,12.2,988.6,14.3,18.3,25.54,14,4,4
2026-04-10 15:00:00,29.2,27,11.8,987.6,13.6,19.2,38.9,15,4,4
2026-04-10 16:00:00,28.8,29,11.5,986.7,13.3,20.4,41.339999999999996,16,4,4
2026-04-10 17:00:00,28.3,30,11.8,986.9,6.3,7.5,42.38,17,4,4
2026-04-10 18:00:00,27.3,33,10.6,986.7,9.7,10.9,42.7,18,4,4
2026-04-10 19:00:00,25.8,38,9.0,986.8,13.6,14.4,67.58,19,4,4
2026-04-10 20:00:00,25.0,42,7.9,987.4,14.7,15.7,51.71999999999999,20,4,4
2026-04-10 21:00:00,24.5,43,7.9,987.8,15.3,16.9,19.22,21,4,4
2026-04-10 22:00:00,24.1,45,7.6,988.1,15.3,17.3,35.36,22,4,4
2026-04-10 23:00:00,24.3,48,8.4,988.1,14.4,19.4,44.980000000000004,23,4,4
2026-04-11 00:00:00,23.9,51,10.5,987.8,14.1,28.6,43.08,0,5,4
2026-04-11 01:00:00,23.1,54,12.8,987.7,14.9,41.2,41.0,1,5,4
2026-04-11 02:00:00,21.1,65,18.8,987.6,17.7,59.1,40.92,2,5,4
2026-04-11 03:00:00,18.5,90,12.0,986.7,19.6,71.5,38.22,3,5,4
2026-04-11 04:00:00,18.5,87,8.0,986.6,20.8,72.9,31.9,4,5,4
2026-04-11 05:00:00,19.2,86,1.5,985.9,26.1,102.2,29.48,5,5,4
2026-04-11 06:00:00,18.6,86,4.8,986.4,28.3,102.0,22.759999999999998,6,5,4
2026-04-11 07:00:00,19.1,83,4.8,986.4,31.8,90.6,16.4,7,5,4
2026-04-11 08:00:00,20.9,73,3.1,987.0,34.6,105.7,17.580000000000002,8,5,4
2026-04-11 09:00:00,22.9,63,3.3,987.3,35.6,114.3,18.54,9,5,4
2026-04-11 10:00:00,25.1,51,1.3,987.4,34.3,117.1,11.32,10,5,4
2026-04-11 11:00:00,26.8,42,2.2,987.2,32.9,120.1,8.540000000000001,11,5,4
2026-04-11 12:00:00,28.0,39,1.8,986.5,32.1,115.9,16.74,12,5,4
2026-04-11 13:00:00,28.4,36,2.3,985.9,32.7,118.7,22.240000000000002,13,5,4
2026-04-11 14:00:00,28.7,35,3.2,984.9,34.7,129.5,54.239999999999995,14,5,4
2026-04-11 15:00:00,28.6,35,5.1,984.5,36.7,141.6,24.880000000000003,15,5,4
2026-04-11 16:00:00,24.9,49,16.4,985.5,38.0,151.8,24.64,16,5,4
2026-04-11 17:00:00,28.3,31,8.3,983.7,23.2,79.2,25.619999999999997,17,5,4
2026-04-11 18:00:00,25.7,41,10.6,984.3,24.1,68.7,36.739999999999995,18,5,4
2026-04-11 19:00:00,23.1,51,7.5,985.1,28.0,61.5,32.8,19,5,4
2026-04-11 20:00:00,21.9,57,6.3,985.3,24.5,51.9,27.46,20,5,4
2026-04-11 21:00:00,21.1,61,6.6,985.6,25.0,53.1,27.380000000000003,21,5,4
2026-04-11 22:00:00,20.3,64,6.9,985.5,30.7,62.2,28.7,22,5,4
2026-04-11 23:00:00,20.0,72,5.4,985.8,37.5,72.2,34.980000000000004,23,5,4
2026-04-12 00:00:00,19.3,78,4.2,985.3,37.3,70.3,54.2,0,6,4
2026-04-12 01:00:00,18.7,81,3.8,984.9,33.3,63.1,62.660000000000004,1,6,4
2026-04-12 02:00:00,18.3,81,5.4,984.2,30.6,57.7,64.14,2,6,4
2026-04-12 03:00:00,17.8,81,5.8,983.9,29.2,54.5,51.4,3,6,4
2026-04-12 04:00:00,17.1,83,3.1,983.8,28.8,54.2,38.88,4,6,4
2026-04-12 05:00:00,16.8,86,3.7,983.9,35.2,61.0,27.04,5,6,4
2026-04-12 06:00:00,17.0,85,4.1,984.0,35.5,60.1,17.34,6,6,4
2026-04-12 07:00:00,18.6,78,6.9,984.9,34.8,53.6,16.0,7,6,4
2026-04-12 08:00:00,21.4,68,3.9,985.3,31.3,55.4,15.280000000000001,8,6,4
2026-04-12 09:00:00,24.6,52,4.7,985.6,24.6,55.9,13.275,9,6,4
2026-04-12 10:00:00,26.8,39,7.0,985.4,17.9,45.6,10.899999999999999,10,6,4
2026-04-12 11:00:00,27.9,37,8.2,985.9,15.5,41.1,9.675,11,6,4
2026-04-12 12:00:00,29.3,32,8.4,985.5,14.2,38.4,10.725,12,6,4
2026-04-12 13:00:00,30.3,27,8.6,984.6,13.8,37.1,22.35,13,6,4
2026-04-12 14:00:00,31.1,23,9.3,983.6,13.4,37.6,50.0,14,6,4
2026-04-12 15:00:00,31.3,22,10.1,982.8,13.4,38.9,80.75,15,6,4
2026-04-12 16:00:00,31.0,22,10.4,982.2,13.7,40.3,88.375,16,6,4
2026-04-12 17:00:00,30.3,21,7.4,982.2,6.8,18.7,77.325,17,6,4
2026-04-12 18:00:00,28.9,25,4.2,982.5,9.2,17.1,88.55000000000001,18,6,4
2026-04-12 19:00:00,26.7,31,5.0,982.7,15.7,22.1,92.675,19,6,4
2026-04-12 20:00:00,25.1,38,4.5,983.2,21.6,27.8,102.275,20,6,4
2026-04-12 21:00:00,23.9,42,4.6,984.0,26.4,33.1,122.30000000000001,21,6,4
2026-04-12 22:00:00,23.5,42,5.6,983.8,30.6,37.5,120.95,22,6,4
2026-04-12 23:00:00,23.8,44,6.8,984.2,31.9,38.9,130.05,23,6,4
2026-04-13 00:00:00,24.0,43,6.3,984.0,31.3,38.1,115.975,0,0,4
2026-04-13 01:00:00,23.3,46,6.4,983.7,30.5,36.8,130.375,1,0,4
2026-04-13 02:00:00,22.5,49,6.3,983.0,29.0,34.6,148.575,2,0,4
2026-04-13 03:00:00,21.1,54,5.7,982.8,27.2,31.9,89.10000000000001,3,0,4
2026-04-13 04:00:00,20.3,57,6.1,982.9,26.1,30.2,62.275,4,0,4
2026-04-13 05:00:00,18.8,72,5.2,983.2,28.8,33.2,39.05,5,0,4
2026-04-13 06:00:00,18.7,74,3.6,983.6,32.4,36.7,28.525,6,0,4
2026-04-13 07:00:00,20.3,65,3.7,984.2,36.9,40.0,29.825,7,0,4
2026-04-13 08:00:00,23.6,54,2.0,984.9,31.8,35.4,26.775,8,0,4
2026-04-13 09:00:00,26.8,42,1.5,985.6,22.8,26.5,23.175,9,0,4
2026-04-13 10:00:00,29.5,31,3.7,985.5,13.7,17.2,19.825,10,0,4
2026-04-13 11:00:00,30.6,24,5.1,985.9,11.2,17.5,13.6,11,0,4
2026-04-13 12:00:00,31.9,22,6.4,985.6,11.2,18.7,18.275,12,0,4
2026-04-13 13:00:00,32.8,20,7.3,985.0,11.2,18.6,30.0,13,0,4
2026-04-13 14:00:00,33.3,18,8.6,984.0,10.7,17.6,42.824999999999996,14,0,4
2026-04-13 15:00:00,33.0,17,8.4,983.3,9.9,16.2,62.475,15,0,4
2026-04-13 16:00:00,33.4,16,8.9,982.8,9.3,14.9,64.83333333333333,16,0,4
2026-04-13 17:00:00,32.7,16,7.8,982.9,9.8,13.2,92.4,17,0,4
2026-04-13 18:00:00,31.5,18,6.6,983.2,11.6,14.3,98.75,18,0,4
2026-04-13 19:00:00,29.3,22,5.6,983.6,16.3,18.6,108.075,19,0,4
2026-04-13 20:00:00,28.1,25,5.9,984.2,19.2,21.3,121.10000000000001,20,0,4
2026-04-13 21:00:00,27.3,28,6.6,984.8,20.1,22.2,144.975,21,0,4
2026-04-13 22:00:00,26.0,32,7.5,984.8,21.0,23.1,167.425,22,0,4
2026-04-13 23:00:00,24.5,42,5.3,984.5,22.5,24.6,168.575,23,0,4
2026-04-14 00:00:00,24.5,42,5.8,984.3,22.8,24.9,172.65,0,1,4
2026-04-14 01:00:00,23.9,43,5.8,983.7,22.6,24.7,172.25,1,1,4
2026-04-14 02:00:00,23.6,43,7.9,983.1,22.6,24.4,169.325,2,1,4
2026-04-14 03:00:00,22.1,47,6.1,982.9,22.9,24.6,114.175,3,1,4
2026-04-14 04:00:00,20.4,54,4.3,982.7,24.4,25.9,71.5,4,1,4
2026-04-14 05:00:00,19.8,67,3.3,982.5,41.1,42.1,35.63333333333333,5,1,4
2026-04-14 06:00:00,19.6,71,0.6,983.3,46.3,48.1,38.1,6,1,4
2026-04-14 07:00:00,20.8,63,1.1,984.1,55.2,57.0,26.366666666666664,7,1,4
2026-04-14 08:00:00,24.5,51,0.4,984.7,48.0,50.3,22.3,8,1,4
2026-04-14 09:00:00,28.0,39,1.4,985.4,33.6,36.1,18.966666666666665,9,1,4
2026-04-14 10:00:00,31.0,29,3.5,985.2,20.1,21.8,16.366666666666664,10,1,4
2026-04-14 11:00:00,32.9,22,5.0,985.3,13.1,14.7,13.5,11,1,4
2026-04-14 12:00:00,34.3,18,4.5,984.6,10.7,13.3,17.2,12,1,4
2026-04-14 13:00:00,35.3,16,5.7,983.8,9.9,13.8,36.666666666666664,13,1,4
2026-04-14 14:00:00,35.9,13,7.8,982.8,9.5,14.9,59.333333333333336,14,1,4
2026-04-14 15:00:00,36.2,13,8.9,981.7,9.3,15.9,62.79999999999999,15,1,4
2026-04-14 16:00:00,35.9,13,10.1,981.1,9.2,16.9,90.06666666666666,16,1,4
2026-04-14 17:00:00,34.9,13,9.3,981.1,3.4,6.7,114.53333333333335,17,1,4
2026-04-14 18:00:00,33.5,16,7.9,981.6,5.2,8.0,141.63333333333333,18,1,4
2026-04-14 19:00:00,31.6,19,6.5,981.6,12.0,13.3,135.79999999999998,19,1,4
2026-04-14 20:00:00,30.2,22,7.5,981.9,17.1,17.7,119.0,20,1,4
2026-04-14 21:00:00,28.7,26,5.2,982.5,19.7,20.3,116.96666666666665,21,1,4
2026-04-14 22:00:00,27.3,32,3.3,982.5,21.8,22.5,134.03333333333333,22,1,4
2026-04-14 23:00:00,26.7,43,3.9,982.4,23.1,24.0,167.23333333333335,23,1,4
2026-04-15 00:00:00,25.7,46,2.9,982.0,23.3,24.4,198.13333333333333,0,2,4
2026-04-15 01:00:00,24.7,48,2.9,981.5,24.5,25.9,211.2,1,2,4
2026-04-15 02:00:00,23.6,49,5.6,980.8,27.4,29.0,225.70000000000002,2,2,4
2026-04-15 03:00:00,23.1,50,8.8,980.6,29.3,31.2,124.56666666666666,3,2,4
2026-04-15 04:00:00,22.6,52,8.0,980.6,30.0,32.1,70.53333333333335,4,2,4
2026-04-15 05:00:00,22.1,68,4.4,980.3,40.3,42.5,54.0,5,2,4
2026-04-15 06:00:00,22.1,69,4.6,980.5,44.2,46.7,43.75,6,2,4
2026-04-15 07:00:00,23.7,62,6.2,981.1,51.6,54.1,34.825,7,2,4
2026-04-15 08:00:00,26.3,55,3.2,981.5,39.5,42.4,26.7,8,2,4
2026-04-15 09:00:00,29.6,41,2.6,981.9,19.6,24.1,23.1,9,2,4
2026-04-15 10:00:00,32.7,28,5.0,982.0,12.2,17.9,19.05,10,2,4
2026-04-15 11:00:00,34.3,22,8.2,982.1,8.4,15.7,20.025,11,2,4
2026-04-15 12:00:00,35.5,19,9.1,981.7,7.7,16.2,20.8,12,2,4
2026-04-15 13:00:00,36.4,18,10.1,980.7,7.7,16.8,29.05,13,2,4
2026-04-15 14:00:00,36.9,17,11.5,979.9,7.8,17.4,43.15,14,2,4
2026-04-15 15:00:00,36.8,16,12.2,979.1,7.9,18.1,48.6,15,2,4
2026-04-15 16:00:00,36.4,16,13.1,978.7,8.1,18.6,55.1,16,2,4
2026-04-15 17:00:00,35.8,16,9.6,978.9,4.8,10.0,65.25,17,2,4
2026-04-15 18:00:00,34.8,18,7.1,978.9,6.5,11.5,79.675,18,2,4
2026-04-15 19:00:00,32.8,21,5.3,979.2,13.9,17.1,83.325,19,2,4
2026-04-15 20:00:00,31.6,25,5.9,979.7,19.6,22.3,88.975,20,2,4
2026-04-15 21:00:00,30.3,30,5.6,980.3,21.9,24.5,96.9,21,2,4
2026-04-15 22:00:00,29.0,34,4.8,980.3,23.7,26.7,97.7,22,2,4
2026-04-15 23:00:00,28.7,38,3.4,980.0,26.5,29.9,138.55,23,2,4
2026-04-16 00:00:00,28.5,39,1.6,980.2,27.5,31.3,148.475,0,3,4
2026-04-16 01:00:00,26.9,43,1.8,979.5,31.1,34.9,139.825,1,3,4
2026-04-16 02:00:00,25.4,46,5.6,979.2,34.2,37.6,124.96666666666665,2,3,4
2026-04-16 03:00:00,23.5,51,8.7,979.2,32.7,35.5,68.39999999999999,3,3,4
2026-04-16 04:00:00,21.9,56,5.8,979.4,31.4,33.8,42.95,4,3,4
2026-04-16 05:00:00,22.3,63,4.3,979.3,37.7,39.9,32.125,5,3,4
2026-04-16 06:00:00,22.6,61,5.1,979.8,32.2,33.8,,6,3,4
2026-04-16 07:00:00,24.4,54,7.0,980.5,29.7,30.9,,7,3,4
2026-04-16 08:00:00,28.1,43,5.0,981.6,29.5,30.5,27.924999999999997,8,3,4
2026-04-16 09:00:00,31.4,35,4.9,982.2,18.6,19.8,24.78,9,3,4
2026-04-16 10:00:00,34.0,28,5.1,982.8,12.4,18.5,26.24,10,3,4
2026-04-16 11:00:00,34.9,22,3.7,983.2,9.1,17.5,27.9,11,3,4
2026-04-16 12:00:00,36.7,18,2.3,982.9,9.8,26.2,29.2,12,3,4
2026-04-16 13:00:00,37.6,15,2.1,982.5,12.0,36.2,47.160000000000004,13,3,4
2026-04-16 14:00:00,37.7,14,2.3,981.3,13.4,42.6,55.6,14,3,4
2026-04-16 15:00:00,37.7,14,4.6,980.6,14.1,45.2,67.525,15,3,4
2026-04-16 16:00:00,37.7,14,8.5,980.1,14.5,45.9,42.75,16,3,4
2026-04-16 17:00:00,37.5,12,4.5,979.1,13.6,37.5,18.475,17,3,4
2026-04-16 18:00:00,35.6,16,7.2,979.7,17.5,37.4,17.54,18,3,4
2026-04-16 19:00:00,33.4,19,6.5,980.1,29.3,48.8,13.219999999999999,19,3,4
2026-04-16 20:00:00,31.6,21,9.7,981.0,36.2,52.0,13.280000000000001,20,3,4
2026-04-16 21:00:00,29.3,31,11.7,981.5,31.7,41.3,20.16,21,3,4
2026-04-16 22:00:00,28.2,34,10.9,981.7,24.3,29.0,26.839999999999996,22,3,4
2026-04-16 23:00:00,28.8,36,13.2,982.4,19.6,22.1,23.880000000000003,23,3,4
2026-04-17 00:00:00,28.9,35,11.5,982.6,16.6,19.0,21.54,0,4,4
2026-04-17 01:00:00,28.5,34,11.7,982.2,15.3,18.2,20.02,1,4,4
2026-04-17 02:00:00,27.8,35,11.5,981.6,14.9,18.6,41.8,2,4,4
2026-04-17 03:00:00,26.5,37,8.8,981.9,15.7,20.3,44.86,3,4,4
2026-04-17 04:00:00,25.8,39,7.7,982.1,16.9,20.8,40.9,4,4,4
2026-04-17 05:00:00,25.3,48,4.8,981.9,14.8,23.7,23.5,5,4,4
2026-04-17 06:00:00,24.6,46,9.6,982.9,14.5,22.5,18.5,6,4,4
2026-04-17 07:00:00,26.0,39,9.4,984.5,17.1,24.6,15.180000000000001,7,4,4
2026-04-17 08:00:00,27.6,34,11.2,985.2,17.5,27.2,14.86,8,4,4
2026-04-17 09:00:00,29.9,30,14.0,986.2,16.5,32.5,10.620000000000001,9,4,4
2026-04-17 10:00:00,31.7,26,13.3,986.8,16.4,42.8,11.08,10,4,4
2026-04-17 11:00:00,32.7,25,18.6,986.6,16.5,49.6,10.76,11,4,4
2026-04-17 12:00:00,33.3,23,19.8,987.0,15.6,51.3,13.88,12,4,4
2026-04-17 13:00:00,33.0,22,20.1,986.1,16.1,53.2,16.8,13,4,4
2026-04-17 14:00:00,33.5,22,21.4,985.1,15.8,50.4,26.72,14,4,4
2026-04-17 15:00:00,32.9,24,21.0,984.7,15.7,46.4,30.939999999999998,15,4,4
2026-04-17 16:00:00,32.3,25,19.7,983.9,15.7,43.4,30.35,16,4,4
2026-04-17 17:00:00,31.8,26,18.2,983.1,14.0,25.8,31.5,17,4,4
2026-04-17 18:00:00,30.3,28,15.0,983.0,15.1,25.8,40.425,18,4,4
2026-04-17 19:00:00,29.0,32,13.8,983.4,16.8,27.4,38.9,19,4,4
2026-04-17 20:00:00,27.9,35,11.2,984.0,17.3,29.2,39.0,20,4,4
2026-04-17 21:00:00,27.0,36,10.3,984.3,18.2,30.9,51.5,21,4,4
2026-04-17 22:00:00,26.1,36,10.8,984.1,19.7,31.8,43.6,22,4,4
2026-04-17 23:00:00,25.4,45,12.4,984.6,21.0,32.0,44.125,23,4,4
2026-04-18 00:00:00,25.0,49,11.5,984.7,20.9,31.2,46.725,0,5,4
2026-04-18 01:00:00,24.6,53,12.8,984.3,20.7,30.5,43.05,1,5,4
2026-04-18 02:00:00,24.5,52,12.6,983.4,20.2,29.3,26.775,2,5,4
2026-04-18 03:00:00,24.0,52,10.2,983.5,19.0,28.3,15.725,3,5,4
2026-04-18 04:00:00,23.3,52,8.9,983.2,17.4,28.9,13.12,4,5,4
2026-04-18 05:00:00,23.0,53,9.9,983.8,18.8,18.8,6.919999999999999,5,5,4
2026-04-18 06:00:00,23.1,54,12.8,984.4,17.6,25.5,,6,5,4
2026-04-18 07:00:00,24.8,50,12.6,984.9,18.1,36.3,6.375,7,5,4
2026-04-18 08:00:00,27.1,43,14.3,985.1,19.8,43.2,6.6,8,5,4
2026-04-18 09:00:00,29.3,38,17.5,985.3,19.2,42.1,6.1,9,5,4
2026-04-18 10:00:00,31.7,31,19.0,985.0,16.4,41.2,5.55,10,5,4
2026-04-18 11:00:00,33.8,25,16.6,985.4,14.8,43.1,6.5,11,5,4
2026-04-18 12:00:00,35.2,21,15.0,985.1,13.9,43.1,18.975,12,5,4
2026-04-18 13:00:00,36.1,19,14.1,984.4,13.5,44.8,38.1,13,5,4
2026-04-18 14:00:00,36.6,18,12.1,983.3,13.7,47.7,40.32,14,5,4
2026-04-18 15:00:00,36.7,17,11.1,982.3,14.4,51.3,40.86,15,5,4
2026-04-18 16:00:00,36.4,18,10.5,981.7,15.5,55.9,44.160000000000004,16,5,4
2026-04-18 17:00:00,35.7,17,8.3,981.4,12.4,41.3,39.56,17,5,4
2026-04-18 18:00:00,34.4,20,8.8,981.2,15.3,37.1,34.4,18,5,4
2026-04-18 19:00:00,32.3,24,12.3,981.6,20.8,38.8,28.76,19,5,4
2026-04-18 20:00:00,30.9,26,12.1,981.9,21.9,38.9,28.880000000000003,20,5,4
2026-04-18 21:00:00,30.2,26,11.0,982.3,22.1,38.4,33.74,21,5,4
2026-04-18 22:00:00,29.1,29,9.4,982.3,22.4,36.7,37.480000000000004,22,5,4
2026-04-18 23:00:00,29.0,34,11.2,982.7,22.2,33.9,43.519999999999996,23,5,4
2026-04-19 00:00:00,27.6,40,13.9,982.9,21.6,31.5,39.5,0,6,4
2026-04-19 01:00:00,26.0,47,17.2,982.7,21.2,30.9,46.239999999999995,1,6,4
2026-04-19 02:00:00,24.9,53,16.2,982.1,21.0,31.4,43.7,2,6,4
2026-04-19 03:00:00,24.8,51,14.9,982.0,21.0,33.2,46.92,3,6,4
2026-04-19 04:00:00,24.3,49,12.8,981.3,21.2,36.0,45.96,4,6,4
2026-04-19 05:00:00,24.2,55,10.3,980.9,21.5,37.4,43.0,5,6,4
2026-04-19 06:00:00,24.1,54,9.4,981.3,21.6,37.3,35.7,6,6,4
2026-04-19 07:00:00,25.3,50,9.1,982.0,23.4,35.9,30.6,7,6,4
2026-04-19 08:00:00,26.7,44,8.0,982.6,23.3,36.6,29.18,8,6,4
2026-04-19 09:00:00,28.4,39,7.8,983.2,21.1,34.5,21.16,9,6,4
2026-04-19 10:00:00,30.8,33,6.8,983.4,18.7,33.4,17.56,10,6,4
2026-04-19 11:00:00,32.8,27,6.1,983.5,17.2,36.0,15.1,11,6,4
2026-04-19 12:00:00,33.7,24,9.9,983.7,14.9,43.5,14.940000000000001,12,6,4
2026-04-19 13:00:00,34.5,22,8.6,983.1,15.1,49.8,26.060000000000002,13,6,4
2026-04-19 14:00:00,35.5,20,6.3,982.4,17.1,60.1,36.519999999999996,14,6,4
2026-04-19 15:00:00,35.5,19,9.6,982.0,19.5,69.8,45.46,15,6,4
2026-04-19 16:00:00,34.8,20,6.2,981.7,22.1,76.1,69.24,16,6,4
2026-04-19 17:00:00,32.6,25,16.3,981.5,15.5,53.0,68.26,17,6,4
2026-04-19 18:00:00,31.2,27,5.0,981.5,18.3,51.1,75.32000000000001,18,6,4
2026-04-19 19:00:00,29.7,30,3.1,982.2,29.9,62.2,80.34,19,6,4
2026-04-19 20:00:00,28.4,35,2.9,982.2,41.8,75.9,83.2,20,6,4
2026-04-19 21:00:00,27.4,37,3.6,982.3,51.3,87.1,83.9,21,6,4
2026-04-19 22:00:00,27.0,37,5.1,982.2,59.1,95.9,96.1,22,6,4
2026-04-19 23:00:00,26.7,42,4.9,982.4,62.4,99.2,107.35999999999999,23,6,4
2026-04-20 00:00:00,26.7,40,5.4,981.9,57.9,93.6,84.66,0,0,4
2026-04-20 01:00:00,25.2,45,4.5,981.6,47.8,81.7,85.82000000000001,1,0,4
2026-04-20 02:00:00,24.6,46,5.5,981.4,39.6,71.5,61.2,2,0,4
2026-04-20 03:00:00,24.5,44,9.5,981.3,35.0,63.8,45.08,3,0,4
2026-04-20 04:00:00,24.5,45,11.8,981.2,32.0,56.7,36.92,4,0,4
2026-04-20 05:00:00,24.0,51,10.7,980.8,38.0,62.4,31.639999999999997,5,0,4
2026-04-20 06:00:00,23.7,51,11.1,981.2,33.1,52.6,24.28,6,0,4
2026-04-20 07:00:00,25.0,46,11.1,981.8,32.0,45.3,15.219999999999999,7,0,4
2026-04-20 08:00:00,27.3,40,6.4,982.5,30.3,44.7,10.72,8,0,4
2026-04-20 09:00:00,30.4,32,5.5,983.1,24.3,43.7,7.959999999999999,9,0,4
2026-04-20 10:00:00,33.4,23,8.0,983.4,18.7,46.1,7.859999999999999,10,0,4
2026-04-20 11:00:00,35.3,15,11.0,983.5,14.1,41.4,9.66,11,0,4
2026-04-20 12:00:00,36.8,12,10.1,983.1,12.0,35.5,13.080000000000002,12,0,4
2026-04-20 13:00:00,37.6,10,9.7,982.4,11.7,33.2,26.52,13,0,4
2026-04-20 14:00:00,37.8,10,10.4,981.5,12.0,32.1,46.025000000000006,14,0,4
2026-04-20 15:00:00,37.7,10,9.4,980.7,12.0,31.4,53.4,15,0,4
2026-04-20 16:00:00,37.3,11,9.5,980.2,12.1,30.9,68.175,16,0,4
2026-04-20 17:00:00,36.6,11,8.7,980.2,14.3,34.8,90.0,17,0,4
2026-04-20 18:00:00,35.5,13,6.2,980.1,15.7,32.6,84.35,18,0,4
2026-04-20 19:00:00,33.2,17,5.5,980.4,21.2,34.2,68.475,19,0,4
2026-04-20 20:00:00,32.2,20,7.3,981.0,23.6,35.9,66.5,20,0,4
2026-04-20 21:00:00,30.7,25,7.1,981.4,23.5,35.6,69.375,21,0,4
2026-04-20 22:00:00,29.6,29,7.3,981.5,23.4,36.1,82.625,22,0,4
2026-04-20 23:00:00,28.6,36,5.5,981.8,23.4,36.8,94.625,23,0,4
2026-04-21 00:00:00,28.3,38,5.6,981.5,22.5,36.6,101.725,0,1,4
2026-04-21 01:00:00,27.7,39,6.9,981.0,21.7,36.3,123.25,1,1,4
2026-04-21 02:00:00,26.7,42,8.0,980.5,21.5,36.3,105.975,2,1,4
2026-04-21 03:00:00,25.9,42,6.6,980.1,21.6,36.2,70.65,3,1,4
2026-04-21 04:00:00,25.1,42,6.0,979.7,22.0,35.2,58.974999999999994,4,1,4
2026-04-21 05:00:00,25.1,49,6.9,979.6,30.5,45.9,39.55,5,1,4
2026-04-21 06:00:00,25.2,47,6.9,979.9,30.2,44.5,29.04,6,1,4
2026-04-21 07:00:00,26.7,43,7.4,980.6,30.9,42.1,16.16,7,1,4
2026-04-21 08:00:00,29.4,36,3.1,981.2,30.5,42.7,10.68,8,1,4
2026-04-21 09:00:00,31.9,30,3.8,981.7,24.4,40.9,8.28,9,1,4
2026-04-21 10:00:00,34.4,25,4.5,981.9,17.8,39.1,8.52,10,1,4
2026-04-21 11:00:00,36.1,18,8.5,981.6,13.6,35.4,11.28,11,1,4
2026-04-21 12:00:00,37.4,15,10.2,981.3,12.2,32.0,14.9,12,1,4
2026-04-21 13:00:00,38.1,14,11.8,980.8,11.6,29.0,27.5,13,1,4
2026-04-21 14:00:00,38.4,14,12.9,980.0,11.2,26.8,41.779999999999994,14,1,4
2026-04-21 15:00:00,38.3,14,14.1,979.3,10.8,25.1,56.04,15,1,4
2026-04-21 16:00:00,37.6,15,15.2,979.3,10.3,23.8,72.7,16,1,4
2026-04-21 17:00:00,36.3,16,12.6,979.1,10.0,20.9,84.02000000000001,17,1,4
2026-04-21 18:00:00,35.3,17,10.2,979.3,10.9,19.8,83.9,18,1,4
2026-04-21 19:00:00,33.9,19,6.5,979.6,15.7,22.4,84.34,19,1,4
2026-04-21 20:00:00,32.6,22,5.0,979.7,20.0,26.7,108.1,20,1,4
2026-04-21 21:00:00,32.0,23,5.4,979.7,23.4,30.9,166.95999999999998,21,1,4
2026-04-21 22:00:00,31.1,25,5.2,979.9,27.8,36.8,148.85999999999999,22,1,4
2026-04-21 23:00:00,29.8,30,4.9,980.1,32.0,42.3,155.82,23,1,4
2026-04-22 00:00:00,29.3,31,4.9,980.1,33.4,44.7,131.07999999999998,0,2,4
2026-04-22 01:00:00,28.6,32,5.0,979.9,34.8,46.3,133.4,1,2,4
2026-04-22 02:00:00,27.7,34,6.1,979.7,36.7,47.8,122.94000000000001,2,2,4
2026-04-22 03:00:00,26.4,39,5.8,979.6,38.9,49.4,77.82000000000001,3,2,4
2026-04-22 04:00:00,25.8,41,5.9,979.1,41.8,51.9,57.0,4,2,4
2026-04-22 05:00:00,26.0,42,6.1,978.8,37.0,49.5,42.379999999999995,5,2,4
2026-04-22 06:00:00,25.8,42,5.4,979.1,40.5,52.9,31.660000000000004,6,2,4
2026-04-22 07:00:00,27.0,40,6.2,979.8,45.3,53.9,30.139999999999997,7,2,4
2026-04-22 08:00:00,29.2,37,3.7,980.5,38.5,48.1,31.1,8,2,4
2026-04-22 09:00:00,32.4,29,1.6,981.0,26.7,38.2,31.96,9,2,4
2026-04-22 10:00:00,35.4,23,1.8,981.1,19.6,30.5,28.7,10,2,4
2026-04-22 11:00:00,37.3,18,5.2,981.0,16.5,28.1,29.82,11,2,4
2026-04-22 12:00:00,39.1,15,6.4,980.6,16.7,29.9,32.04,12,2,4
2026-04-22 13:00:00,39.9,14,8.6,980.0,17.9,33.9,36.94,13,2,4
2026-04-22 14:00:00,40.2,14,9.9,979.2,19.3,38.0,46.0,14,2,4
2026-04-22 15:00:00,40.2,14,10.6,978.6,20.7,40.9,60.720000000000006,15,2,4
2026-04-22 16:00:00,39.6,14,11.9,978.2,21.9,43.1,76.7,16,2,4
2026-04-22 17:00:00,38.6,14,12.4,978.2,19.8,39.1,93.15,17,2,4
2026-04-22 18:00:00,37.8,14,9.2,978.1,21.7,38.8,114.3,18,2,4
2026-04-22 19:00:00,36.3,16,6.2,978.3,30.5,45.3,137.65,19,2,4
2026-04-22 20:00:00,35.1,18,5.6,978.9,38.5,54.6,136.275,20,2,4
2026-04-22 21:00:00,33.2,22,4.2,979.2,44.1,61.9,133.075,21,2,4
2026-04-22 22:00:00,31.7,26,1.5,979.5,49.7,68.7,139.125,22,2,4
2026-04-22 23:00:00,31.3,28,1.1,979.8,56.0,76.1,125.575,23,2,4
2026-04-23 00:00:00,30.4,29,1.1,979.6,60.8,82.0,141.5,0,3,4
2026-04-23 01:00:00,28.3,33,5.3,979.1,65.0,86.4,173.05,1,3,4
2026-04-23 02:00:00,27.1,38,5.0,978.8,65.0,85.0,193.625,2,3,4
2026-04-23 03:00:00,26.3,42,4.5,978.7,62.2,79.6,150.275,3,3,4
2026-04-23 04:00:00,25.9,42,6.2,978.7,58.2,73.1,79.675,4,3,4
2026-04-23 05:00:00,25.1,54,1.0,979.0,58.9,74.7,66.025,5,3,4
2026-04-23 06:00:00,25.4,53,1.7,979.6,63.8,79.4,47.35,6,3,4
2026-04-23 07:00:00,27.2,47,3.6,980.2,62.2,71.9,37.550000000000004,7,3,4
2026-04-23 08:00:00,31.2,37,2.6,981.2,49.5,59.5,33.8,8,3,4
2026-04-23 09:00:00,34.9,28,4.1,981.9,39.7,54.4,30.6,9,3,4
2026-04-23 10:00:00,37.6,21,5.8,982.1,29.6,47.4,29.25,10,3,4
2026-04-23 11:00:00,38.9,16,6.8,982.1,23.2,41.6,27.775,11,3,4
2026-04-23 12:00:00,40.5,12,5.6,981.6,21.8,41.9,29.85,12,3,4
2026-04-23 13:00:00,41.1,12,2.9,980.7,21.0,42.4,35.4,13,3,4
2026-04-23 14:00:00,41.4,11,2.7,979.7,20.5,43.4,50.96,14,3,4
2026-04-23 15:00:00,41.5,12,7.5,978.8,20.3,44.6,59.3,15,3,4
2026-04-23 16:00:00,40.2,13,13.9,978.7,20.0,45.9,58.32000000000001,16,3,4
2026-04-23 17:00:00,38.5,15,9.6,978.7,17.1,36.7,52.5,17,3,4
2026-04-23 18:00:00,34.4,28,18.9,978.8,18.9,34.6,58.720000000000006,18,3,4
2026-04-23 19:00:00,33.0,29,11.8,979.5,23.5,35.6,68.14,19,3,4
2026-04-23 20:00:00,32.6,28,8.1,980.1,26.1,38.1,73.32000000000001,20,3,4
2026-04-23 21:00:00,32.2,29,5.7,980.3,29.6,41.9,81.26,21,3,4
2026-04-23 22:00:00,31.0,31,4.9,980.1,33.9,46.7,84.86,22,3,4
2026-04-23 23:00:00,30.7,35,5.0,979.8,34.7,47.3,78.47999999999999,23,3,4
2026-04-24 00:00:00,30.8,35,4.3,979.7,33.3,45.8,62.67999999999999,0,4,4
2026-04-24 01:00:00,30.3,36,6.3,979.8,32.1,45.3,66.62,1,4,4
2026-04-24 02:00:00,29.0,40,8.1,979.6,31.7,46.1,82.8,2,4,4
2026-04-24 03:00:00,27.9,44,5.3,979.7,31.7,47.6,73.96000000000001,3,4,4
2026-04-24 04:00:00,27.1,49,2.7,979.5,32.2,49.7,,4,4,4
2026-04-24 05:00:00,27.8,52,7.3,979.9,67.3,85.2,61.64,5,4,4
2026-04-24 06:00:00,27.8,52,6.5,980.4,73.1,90.3,42.7,6,4,4
2026-04-24 07:00:00,28.8,49,4.9,981.3,73.1,82.9,32.480000000000004,7,4,4
2026-04-24 08:00:00,31.1,43,1.9,981.8,50.9,64.5,26.439999999999998,8,4,4
2026-04-24 09:00:00,34.0,36,2.8,982.1,41.4,59.6,20.78,9,4,4
2026-04-24 10:00:00,36.8,26,5.3,982.1,34.8,63.3,18.380000000000003,10,4,4
2026-04-24 11:00:00,38.4,19,8.8,982.1,24.6,60.5,17.86,11,4,4
2026-04-24 12:00:00,39.9,17,8.7,981.6,20.3,58.2,20.619999999999997,12,4,4
2026-04-24 13:00:00,40.7,15,9.4,980.6,19.4,64.7,29.48,13,4,4
2026-04-24 14:00:00,41.0,14,12.2,979.6,21.9,84.1,42.480000000000004,14,4,4
2026-04-24 15:00:00,40.3,13,13.3,979.1,22.6,100.1,41.660000000000004,15,4,4
2026-04-24 16:00:00,39.7,14,18.0,979.2,24.2,109.7,54.839999999999996,16,4,4
2026-04-24 17:00:00,40.2,12,13.4,978.3,27.7,120.6,56.6,17,4,4
2026-04-24 18:00:00,37.7,16,14.2,978.8,28.6,82.4,54.48,18,4,4
2026-04-24 19:00:00,36.2,17,12.0,979.8,27.1,65.0,52.0,19,4,4
2026-04-24 20:00:00,35.1,18,6.6,980.4,27.6,57.0,52.14,20,4,4
2026-04-24 21:00:00,34.1,20,6.4,981.1,28.7,54.7,50.22,21,4,4
2026-04-24 22:00:00,32.8,22,9.7,981.4,30.5,54.6,46.72,22,4,4
2026-04-24 23:00:00,32.3,26,7.1,981.7,32.4,55.6,41.42,23,4,4
2026-04-25 00:00:00,31.4,32,7.6,981.9,32.7,56.5,41.0,0,5,4
2026-04-25 01:00:00,30.4,35,4.7,981.8,32.2,58.4,38.980000000000004,1,5,4
2026-04-25 02:00:00,29.3,38,7.6,981.4,31.7,61.0,41.879999999999995,2,5,4
2026-04-25 03:00:00,28.5,41,5.6,981.5,30.9,59.5,53.02,3,5,4
2026-04-25 04:00:00,27.6,44,4.2,981.3,29.9,53.4,57.82000000000001,4,5,4
2026-04-25 05:00:00,27.2,51,8.2,981.3,25.8,48.1,57.42,5,5,4
2026-04-25 06:00:00,26.8,53,9.1,982.0,26.4,48.5,45.36,6,5,4
2026-04-25 07:00:00,28.1,49,7.8,983.1,27.6,52.6,36.0,7,5,4
2026-04-25 08:00:00,30.3,43,6.5,983.8,30.3,71.0,27.619999999999997,8,5,4
2026-04-25 09:00:00,33.5,34,6.5,984.3,31.5,84.5,24.580000000000002,9,5,4
2026-04-25 10:00:00,35.8,28,4.5,984.5,30.4,101.0,20.42,10,5,4
2026-04-25 11:00:00,38.2,20,6.7,983.6,28.6,115.0,17.560000000000002,11,5,4
2026-04-25 12:00:00,38.7,18,4.4,983.7,31.2,130.9,21.419999999999998,12,5,4
2026-04-25 13:00:00,39.2,16,12.6,983.5,34.2,145.3,30.375,13,5,4
2026-04-25 14:00:00,39.7,16,6.3,982.6,37.6,158.8,38.94,14,5,4
2026-04-25 15:00:00,38.9,16,8.8,982.3,38.3,163.4,46.32,15,5,4
2026-04-25 16:00:00,35.4,27,15.5,982.7,40.5,175.1,54.96,16,5,4
2026-04-25 17:00:00,38.2,16,15.3,980.8,32.1,102.9,55.82000000000001,17,5,4
2026-04-25 18:00:00,37.1,18,11.0,980.6,31.7,104.1,58.64,18,5,4
2026-04-25 19:00:00,35.1,22,4.8,981.0,32.6,85.4,51.879999999999995,19,5,4
2026-04-25 20:00:00,34.2,24,7.1,981.5,35.2,82.7,41.9,20,5,4
2026-04-25 21:00:00,33.8,25,8.4,982.1,38.3,86.6,45.3,21,5,4
2026-04-25 22:00:00,32.9,26,7.7,982.1,41.0,92.0,53.55,22,5,4
2026-04-25 23:00:00,32.3,29,10.9,982.3,41.6,95.0,41.7,23,5,4
2026-04-26 00:00:00,31.4,31,10.0,981.9,40.4,95.9,43.45,0,6,4
2026-04-26 01:00:00,30.6,33,8.8,981.5,39.8,97.1,38.775,1,6,4
2026-04-26 02:00:00,29.8,34,8.8,980.7,39.6,95.7,29.7,2,6,4
2026-04-26 03:00:00,29.1,35,9.3,980.5,39.2,92.2,23.975,3,6,4
2026-04-26 04:00:00,28.5,36,7.8,980.2,38.6,89.2,31.7,4,6,4
2026-04-26 05:00:00,27.3,45,10.7,980.6,48.8,108.3,25.525,5,6,4
2026-04-26 06:00:00,27.0,45,7.8,980.8,40.9,83.8,8.425,6,6,4
2026-04-26 07:00:00,28.1,43,5.1,981.6,39.8,70.3,6.05,7,6,4
2026-04-26 08:00:00,30.7,37,3.4,982.0,36.8,79.6,6.699999999999999,8,6,4
2026-04-26 09:00:00,33.9,29,4.1,982.3,28.1,72.6,6.625,9,6,4
2026-04-26 10:00:00,36.5,20,7.0,982.0,18.0,47.4,7.25,10,6,4
2026-04-26 11:00:00,37.4,18,11.9,981.9,13.6,37.1,7.5249999999999995,11,6,4
2026-04-26 12:00:00,38.7,16,12.3,981.3,12.3,34.6,16.675,12,6,4
2026-04-26 13:00:00,39.5,14,13.1,980.7,12.1,33.3,24.35,13,6,4
2026-04-26 14:00:00,39.9,13,14.1,979.6,12.0,32.2,38.1,14,6,4
2026-04-26 15:00:00,39.9,13,14.6,978.7,11.8,32.0,49.475,15,6,4
2026-04-26 16:00:00,39.2,14,13.7,977.8,11.5,31.7,49.900000000000006,16,6,4
2026-04-26 17:00:00,38.6,14,12.2,977.4,5.1,13.4,49.425,17,6,4
2026-04-26 18:00:00,37.6,15,10.7,977.5,5.5,12.2,59.199999999999996,18,6,4
2026-04-26 19:00:00,36.4,16,9.2,977.8,9.2,13.7,59.175,19,6,4
2026-04-26 20:00:00,35.5,18,9.0,978.0,12.2,16.1,66.4,20,6,4
2026-04-26 21:00:00,34.7,20,7.1,978.3,13.5,17.5,70.75,21,6,4
2026-04-26 22:00:00,33.2,23,5.5,978.1,15.5,19.9,68.075,22,6,4
2026-04-26 23:00:00,32.0,26,6.9,978.0,18.0,23.3,70.825,23,6,4
2026-04-27 00:00:00,30.8,29,5.5,977.6,20.4,27.1,76.05,0,0,4
2026-04-27 01:00:00,29.8,32,5.6,977.4,22.8,30.3,161.225,1,0,4
2026-04-27 02:00:00,28.9,34,6.1,976.9,24.0,31.5,176.8,2,0,4
2026-04-27 03:00:00,27.6,37,4.7,976.7,25.1,32.1,81.975,3,0,4
2026-04-27 04:00:00,27.0,38,4.7,976.4,26.4,32.5,68.075,4,0,4
2026-04-27 05:00:00,27.5,37,2.0,976.2,29.7,38.9,45.14,5,0,4
2026-04-27 06:00:00,27.4,40,0.9,976.5,34.0,43.7,37.14,6,0,4
2026-04-27 07:00:00,28.6,34,5.2,977.6,38.9,45.5,25.76,7,0,4
2026-04-27 08:00:00,30.9,30,3.4,978.2,27.0,35.0,24.86,8,0,4
2026-04-27 09:00:00,33.9,24,2.5,978.8,18.3,27.1,31.880000000000003,9,0,4
2026-04-27 10:00:00,36.5,19,1.3,978.9,11.3,19.6,34.56,10,0,4
2026-04-27 11:00:00,37.6,18,2.2,978.7,10.9,22.1,37.1,11,0,4
2026-04-27 12:00:00,39.7,16,3.5,978.3,12.5,28.1,38.12,12,0,4
2026-04-27 13:00:00,40.6,15,5.1,977.3,13.8,33.6,44.12,13,0,4
2026-04-27 14:00:00,40.4,14,9.6,976.5,15.0,37.7,51.779999999999994,14,0,4
2026-04-27 15:00:00,39.9,16,11.6,975.8,16.0,40.6,53.260000000000005,15,0,4
2026-04-27 16:00:00,36.8,22,19.2,976.3,17.0,42.8,99.6,16,0,4
2026-04-27 17:00:00,36.3,23,15.4,974.7,20.7,36.8,84.58,17,0,4
2026-04-27 18:00:00,37.2,20,6.0,974.4,21.6,41.6,52.7,18,0,4
2026-04-27 19:00:00,35.4,23,3.5,974.8,29.5,47.4,44.32,19,0,4
2026-04-27 20:00:00,34.5,24,8.1,975.4,39.8,58.7,46.3,20,0,4
2026-04-27 21:00:00,33.2,27,5.4,975.9,48.0,66.8,45.38,21,0,4
2026-04-27 22:00:00,32.2,30,4.0,976.1,50.9,69.2,26.54,22,0,4
2026-04-27 23:00:00,33.1,31,7.2,976.3,45.3,64.0,7.24,23,0,4
2026-04-28 00:00:00,32.8,30,10.5,976.1,42.0,62.6,15.86,0,1,4
2026-04-28 01:00:00,32.5,28,8.6,976.3,44.0,66.6,17.84,1,1,4
2026-04-28 02:00:00,32.2,26,6.0,976.1,45.8,69.8,31.560000000000002,2,1,4
2026-04-28 03:00:00,31.1,29,7.3,976.3,43.8,67.3,37.72,3,1,4
2026-04-28 04:00:00,30.0,34,6.3,976.6,40.0,62.4,37.3,4,1,4
2026-04-28 05:00:00,28.7,41,9.4,976.9,17.8,35.0,33.3,5,1,4
2026-04-28 06:00:00,28.4,43,4.1,976.8,18.5,37.5,27.620000000000005,6,1,4
2026-04-28 07:00:00,28.8,42,5.5,978.0,19.8,39.6,23.72,7,1,4
2026-04-28 08:00:00,30.2,39,5.1,978.5,21.7,48.5,22.3,8,1,4
2026-04-28 09:00:00,31.1,37,9.8,978.7,21.4,52.9,22.86,9,1,4
2026-04-28 10:00:00,32.4,35,13.1,979.7,21.5,56.1,21.025,10,1,4
2026-04-28 11:00:00,31.9,36,5.7,979.9,21.9,59.4,21.775,11,1,4
2026-04-28 12:00:00,32.3,36,15.6,979.1,23.7,64.7,23.625,12,1,4
2026-04-28 13:00:00,33.9,28,20.9,978.7,24.5,69.6,37.875,13,1,4
2026-04-28 14:00:00,34.4,26,12.7,978.1,23.4,68.2,51.4,14,1,4
2026-04-28 15:00:00,34.9,25,9.4,977.4,22.1,61.7,60.199999999999996,15,1,4
2026-04-28 16:00:00,35.0,24,11.0,976.4,21.4,58.7,26.75,16,1,4
2026-04-28 17:00:00,33.3,27,13.0,976.5,23.8,55.5,4.3,17,1,4
2026-04-28 18:00:00,33.2,27,12.0,976.2,23.5,47.5,3.733333333333334,18,1,4
2026-04-28 19:00:00,32.1,30,11.4,976.6,30.6,46.9,5.366666666666667,19,1,4
2026-04-28 20:00:00,30.8,36,13.0,977.4,35.5,48.7,3.3333333333333335,20,1,4
2026-04-28 21:00:00,29.9,39,11.7,977.6,38.9,51.8,5.733333333333334,21,1,4
2026-04-28 22:00:00,29.2,42,9.8,977.7,43.3,55.5,5.0,22,1,4
2026-04-28 23:00:00,26.9,52,18.2,979.4,42.0,54.0,7.2,23,1,4
2026-04-29 00:00:00,25.8,56,16.2,978.8,39.2,51.0,16.3,0,2,4
2026-04-29 01:00:00,25.2,55,11.9,977.9,37.3,48.2,34.93333333333333,1,2,4
2026-04-29 02:00:00,24.8,56,7.4,977.5,36.8,46.3,33.1,2,2,4
2026-04-29 03:00:00,24.6,57,8.1,977.4,37.4,45.6,28.566666666666666,3,2,4
2026-04-29 04:00:00,24.2,58,6.7,977.4,38.8,46.2,62.666666666666664,4,2,4
2026-04-29 05:00:00,22.9,76,5.6,976.8,41.0,51.9,53.825,5,2,4
2026-04-29 06:00:00,22.8,78,3.0,977.8,44.8,55.6,49.38,6,2,4
2026-04-29 07:00:00,24.0,73,4.3,978.5,44.9,57.2,48.62,7,2,4
2026-04-29 08:00:00,25.7,65,1.6,979.2,43.5,60.1,43.64,8,2,4
2026-04-29 09:00:00,28.0,57,1.5,979.8,34.6,56.3,37.1,9,2,4
2026-04-29 10:00:00,30.0,48,2.7,980.1,29.9,56.5,34.08,10,2,4
2026-04-29 11:00:00,29.5,48,1.0,980.3,27.5,57.2,29.52,11,2,4
2026-04-29 12:00:00,30.9,43,2.6,979.8,25.4,52.6,31.1,12,2,4
2026-04-29 13:00:00,31.9,40,3.9,978.9,23.7,48.7,32.2,13,2,4
2026-04-29 14:00:00,32.8,37,3.5,978.1,22.8,46.9,38.04,14,2,4
2026-04-29 15:00:00,32.7,35,7.6,977.5,21.7,45.8,34.62,15,2,4
2026-04-29 16:00:00,30.5,39,5.2,977.6,20.7,45.3,32.94,16,2,4
2026-04-29 17:00:00,32.7,27,8.1,976.7,15.6,23.9,36.86,17,2,4
2026-04-29 18:00:00,30.9,35,9.6,976.7,15.9,23.7,48.06,18,2,4
2026-04-29 19:00:00,28.7,47,12.3,977.4,22.7,28.6,49.379999999999995,19,2,4
2026-04-29 20:00:00,26.7,57,10.9,978.0,25.8,31.4,66.22,20,2,4
2026-04-29 21:00:00,25.5,62,9.3,978.1,23.2,29.2,71.52000000000001,21,2,4
2026-04-29 22:00:00,24.9,64,8.1,978.0,21.3,27.6,55.04,22,2,4
2026-04-29 23:00:00,25.5,65,8.1,977.6,21.6,27.9,51.94,23,2,4
2026-04-30 00:00:00,25.3,65,6.2,977.4,22.9,29.3,51.239999999999995,0,3,4
2026-04-30 01:00:00,24.7,67,4.8,977.3,25.2,32.4,58.52,1,3,4
2026-04-30 02:00:00,24.2,69,4.1,976.9,29.0,37.3,50.94,2,3,4
2026-04-30 03:00:00,23.6,72,3.2,977.0,32.8,41.8,31.939999999999998,3,3,4
2026-04-30 04:00:00,23.0,76,3.1,977.1,35.9,44.8,27.939999999999998,4,3,4
2026-04-30 05:00:00,22.8,70,5.2,976.9,33.9,40.3,24.919999999999998,5,3,4
2026-04-30 06:00:00,23.0,70,3.8,977.5,29.7,34.9,18.28,6,3,4
2026-04-30 07:00:00,24.3,65,2.9,978.5,26.8,32.1,21.22,7,3,4
2026-04-30 08:00:00,27.1,54,5.7,978.7,22.9,33.8,19.06,8,3,4
2026-04-30 09:00:00,30.2,41,6.6,979.4,20.8,36.4,24.72,9,3,4
2026-04-30 10:00:00,32.2,34,5.5,979.6,19.8,36.6,23.02,10,3,4
2026-04-30 11:00:00,32.9,31,1.8,979.5,19.1,34.2,24.0,11,3,4
2026-04-30 12:00:00,34.2,28,3.1,978.9,17.5,31.3,26.379999999999995,12,3,4
2026-04-30 13:00:00,34.7,25,3.0,978.4,16.2,29.5,30.4,13,3,4
2026-04-30 14:00:00,29.7,40,17.5,978.9,16.2,29.8,47.17999999999999,14,3,4
2026-04-30 15:00:00,26.1,54,1.6,980.1,15.8,28.9,45.46,15,3,4
2026-04-30 16:00:00,28.0,47,2.0,978.5,14.4,28.4,41.480000000000004,16,3,4
2026-04-30 17:00:00,33.7,25,10.5,976.3,15.3,25.1,25.839999999999996,17,3,4
2026-04-30 18:00:00,31.9,29,9.5,976.6,15.5,26.1,17.839999999999996,18,3,4
2026-04-30 19:00:00,30.1,37,8.1,976.9,30.2,39.0,24.580000000000002,19,3,4
2026-04-30 20:00:00,28.6,41,4.7,977.2,43.8,52.6,30.160000000000004,20,3,4
2026-04-30 21:00:00,27.5,43,6.2,977.6,41.3,49.5,31.839999999999996,21,3,4
2026-04-30 22:00:00,26.5,46,4.1,977.9,36.1,44.9,35.720000000000006,22,3,4
2026-04-30 23:00:00,28.0,43,8.7,977.9,35.3,46.3,38.38,23,3,4
2026-05-01 00:00:00,27.6,43,8.8,978.4,36.7,52.6,44.46,0,4,5
2026-05-01 01:00:00,26.5,46,7.5,978.0,39.7,67.8,43.68,1,4,5
2026-05-01 02:00:00,25.3,49,5.7,977.7,42.7,90.6,43.339999999999996,2,4,5
2026-05-01 03:00:00,24.1,55,7.2,977.8,45.9,124.3,47.44,3,4,5
2026-05-01 04:00:00,23.5,58,2.7,977.8,52.0,174.6,48.660000000000004,4,4,5
2026-05-01 05:00:00,23.0,62,8.3,977.8,53.9,101.7,44.54,5,4,5
2026-05-01 06:00:00,23.7,58,7.7,978.7,52.3,103.8,43.660000000000004,6,4,5
2026-05-01 07:00:00,25.3,55,8.7,979.8,60.1,147.1,42.56,7,4,5
2026-05-01 08:00:00,27.4,52,8.9,980.1,80.3,314.8,39.379999999999995,8,4,5
2026-05-01 09:00:00,29.8,45,7.7,980.4,82.0,351.1,35.760000000000005,9,4,5
2026-05-01 10:00:00,32.0,39,6.4,980.5,53.1,203.0,38.980000000000004,10,4,5
2026-05-01 11:00:00,32.8,34,3.3,980.5,35.0,119.2,39.980000000000004,11,4,5
2026-05-01 12:00:00,35.0,28,0.6,980.1,26.8,86.4,41.8,12,4,5
2026-05-01 13:00:00,35.8,25,2.4,979.1,21.1,61.2,43.480000000000004,13,4,5
2026-05-01 14:00:00,36.3,23,4.7,978.0,17.8,41.8,63.279999999999994,14,4,5
2026-05-01 15:00:00,36.5,23,5.7,977.0,15.7,29.3,85.92,15,4,5
2026-05-01 16:00:00,36.3,21,6.6,976.3,14.5,24.3,74.0,16,4,5
2026-05-01 17:00:00,36.2,19,6.2,976.0,16.5,39.3,72.52000000000001,17,4,5
2026-05-01 18:00:00,34.7,23,10.7,976.0,15.4,28.5,99.47999999999999,18,4,5
2026-05-01 19:00:00,32.8,26,7.6,976.6,22.1,28.5,114.4,19,4,5
2026-05-01 20:00:00,31.9,25,4.2,976.8,26.2,30.4,135.32,20,4,5
2026-05-01 21:00:00,31.0,27,3.6,977.1,27.9,31.9,90.32000000000001,21,4,5
2026-05-01 22:00:00,29.7,29,4.2,977.3,31.4,35.9,84.08,22,4,5
2026-05-01 23:00:00,28.6,37,5.6,977.3,34.7,39.7,101.53999999999999,23,4,5
2026-05-02 00:00:00,28.2,42,7.1,977.2,35.9,41.9,131.95999999999998,0,5,5
2026-05-02 01:00:00,27.5,45,6.5,976.7,34.9,42.0,111.62,1,5,5
2026-05-02 02:00:00,26.4,49,4.4,976.5,33.8,41.2,80.8,2,5,5
2026-05-02 03:00:00,25.4,53,3.8,976.3,32.2,40.0,57.06,3,5,5
2026-05-02 04:00:00,24.7,56,4.2,976.0,30.6,38.3,44.38,4,5,5
2026-05-02 05:00:00,25.0,49,2.7,976.1,44.6,51.0,40.96,5,5,5
2026-05-02 06:00:00,25.4,49,6.6,976.6,44.4,54.1,36.95,6,5,5
2026-05-02 07:00:00,27.1,46,3.8,977.4,45.1,55.8,33.8,7,5,5
2026-05-02 08:00:00,30.3,39,2.4,978.1,43.9,68.7,36.075,8,5,5
2026-05-02 09:00:00,33.5,31,2.4,978.7,32.4,63.6,41.9,9,5,5
2026-05-02 10:00:00,35.6,23,1.8,978.6,19.7,37.7,42.475,10,5,5
2026-05-02 11:00:00,35.4,23,2.0,978.6,17.9,32.2,43.325,11,5,5
2026-05-02 12:00:00,37.1,20,3.1,978.2,17.5,31.0,46.675,12,5,5
2026-05-02 13:00:00,37.9,19,5.0,977.2,17.8,31.8,55.7,13,5,5
2026-05-02 14:00:00,38.2,19,6.5,976.1,18.3,34.0,71.875,14,5,5
2026-05-02 15:00:00,38.4,18,5.1,975.1,19.0,36.0,92.45,15,5,5
2026-05-02 16:00:00,38.2,18,3.8,974.3,19.6,37.3,108.14999999999999,16,5,5
2026-05-02 17:00:00,37.9,13,2.8,973.4,21.1,40.5,96.075,17,5,5
2026-05-02 18:00:00,36.4,18,6.9,973.5,21.2,38.0,65.0,18,5,5
2026-05-02 19:00:00,34.1,23,5.9,974.2,31.2,44.8,26.3,19,5,5
2026-05-02 20:00:00,33.2,23,4.8,974.4,42.1,55.6,29.325,20,5,5
2026-05-02 21:00:00,32.3,24,7.4,974.9,50.1,62.9,29.55,21,5,5
2026-05-02 22:00:00,30.7,27,10.8,975.1,46.3,56.0,25.275,22,5,5
2026-05-02 23:00:00,29.6,33,9.7,975.0,34.2,41.4,10.9,23,5,5
2026-05-03 00:00:00,29.0,37,10.7,974.9,26.7,33.6,12.65,0,6,5
2026-05-03 01:00:00,28.6,38,10.5,974.5,24.0,31.1,15.899999999999999,1,6,5
2026-05-03 02:00:00,27.3,42,2.4,975.4,24.0,30.9,17.174999999999997,2,6,5
2026-05-03 03:00:00,26.7,43,6.3,975.2,25.3,31.8,12.875,3,6,5
2026-05-03 04:00:00,26.0,46,6.1,975.1,26.9,33.3,13.45,4,6,5
2026-05-03 05:00:00,23.8,57,21.0,978.0,24.4,27.2,16.125,5,6,5
2026-05-03 06:00:00,23.5,59,15.9,977.9,24.9,30.3,17.85,6,6,5
2026-05-03 07:00:00,24.8,55,13.5,977.8,28.0,32.7,19.0,7,6,5
2026-05-03 08:00:00,27.0,48,16.5,978.2,29.5,36.7,24.9,8,6,5
2026-05-03 09:00:00,29.3,41,17.6,978.6,32.6,52.2,25.775,9,6,5
2026-05-03 10:00:00,31.9,34,19.5,978.6,34.2,78.9,25.924999999999997,10,6,5
2026-05-03 11:00:00,31.4,33,18.6,979.4,36.3,107.3,27.525,11,6,5
2026-05-03 12:00:00,32.7,32,17.4,979.6,39.1,127.1,32.1,12,6,5
2026-05-03 13:00:00,34.0,30,13.9,979.4,42.3,152.3,42.05,13,6,5
2026-05-03 14:00:00,33.4,28,5.7,979.5,45.6,180.2,52.425,14,6,5
2026-05-03 15:00:00,33.5,28,7.0,978.5,48.1,198.4,45.400000000000006,15,6,5
2026-05-03 16:00:00,33.3,28,10.2,977.9,49.4,207.7,41.2,16,6,5
2026-05-03 17:00:00,31.4,34,4.2,977.8,40.0,202.6,47.05,17,6,5
2026-05-03 18:00:00,31.0,34,15.3,977.2,43.8,194.6,56.25,18,6,5
2026-05-03 19:00:00,29.2,39,8.9,977.1,47.5,161.6,49.45,19,6,5
2026-05-03 20:00:00,28.5,42,7.8,978.4,48.8,154.1,43.1,20,6,5
2026-05-03 21:00:00,28.3,42,8.9,979.0,51.6,188.1,45.4,21,6,5
2026-05-03 22:00:00,28.0,42,8.8,979.0,56.1,231.9,46.95,22,6,5
2026-05-03 23:00:00,26.7,47,12.0,978.0,59.8,255.2,47.325,23,6,5
2026-05-04 00:00:00,27.0,43,7.4,977.9,60.8,254.3,33.95,0,0,5
2026-05-04 01:00:00,23.3,62,14.3,978.7,58.2,236.6,35.725,1,0,5
2026-05-04 02:00:00,23.3,63,13.5,978.0,55.5,218.9,18.55,2,0,5
2026-05-04 03:00:00,23.8,62,6.6,978.2,52.6,199.8,11.4,3,0,5
2026-05-04 04:00:00,23.3,64,5.1,978.6,47.4,168.6,14.9,4,0,5
2026-05-04 05:00:00,24.5,65,2.9,978.0,21.2,34.0,24.75,5,0,5
2026-05-04 06:00:00,25.6,53,12.6,979.5,17.5,20.0,28.025,6,0,5
2026-05-04 07:00:00,25.9,59,13.2,980.7,23.3,40.9,30.7,7,0,5
2026-05-04 08:00:00,27.1,53,9.9,981.6,70.8,317.6,29.2,8,0,5
2026-05-04 09:00:00,29.1,45,10.7,982.1,78.0,344.6,26.0,9,0,5
2026-05-04 10:00:00,30.8,39,15.0,982.4,61.2,252.4,27.075,10,0,5
2026-05-04 11:00:00,31.7,34,14.6,981.8,51.2,207.7,25.7,11,0,5
2026-05-04 12:00:00,32.7,30,14.8,981.0,48.8,213.3,28.075,12,0,5
2026-05-04 13:00:00,33.8,26,14.1,980.6,47.8,205.4,41.800000000000004,13,0,5
2026-05-04 14:00:00,30.1,32,20.5,981.6,46.4,191.4,32.825,14,0,5
2026-05-04 15:00:00,25.2,58,10.4,983.0,43.0,175.1,28.25,15,0,5
2026-05-04 16:00:00,24.6,67,14.6,981.7,39.8,163.4,21.3,16,0,5
2026-05-04 17:00:00,28.6,43,9.4,979.6,29.2,111.8,17.825,17,0,5
2026-05-04 18:00:00,25.0,53,25.8,980.5,28.9,102.0,28.0,18,0,5
2026-05-04 19:00:00,23.1,62,14.6,980.6,30.0,92.4,33.35,19,0,5
2026-05-04 20:00:00,22.9,61,9.7,981.6,39.6,97.8,25.825,20,0,5
2026-05-04 21:00:00,23.0,60,9.5,982.3,52.4,107.3,33.025,21,0,5
2026-05-04 22:00:00,22.8,59,9.8,982.8,53.9,110.1,31.725,22,0,5
2026-05-04 23:00:00,20.0,89,3.1,983.2,42.8,116.6,30.575000000000003,23,0,5
2026-05-05 00:00:00,19.9,85,5.5,982.7,39.8,116.9,36.075,0,1,5
2026-05-05 01:00:00,19.9,83,5.1,982.6,36.3,100.8,37.75,1,1,5
2026-05-05 02:00:00,19.9,82,5.4,982.8,32.8,80.3,36.8,2,1,5
2026-05-05 03:00:00,19.9,81,8.3,983.3,30.4,65.2,33.45,3,1,5
2026-05-05 04:00:00,19.9,79,5.6,984.0,30.7,60.8,28.575000000000003,4,1,5
2026-05-05 05:00:00,20.6,77,8.0,984.1,21.2,21.6,24.125,5,1,5
2026-05-05 06:00:00,20.7,76,10.8,985.2,23.5,30.7,24.5,6,1,5
2026-05-05 07:00:00,21.4,71,12.2,986.6,25.1,42.5,20.675,7,1,5
2026-05-05 08:00:00,22.7,69,7.4,987.1,25.7,60.5,19.9,8,1,5
2026-05-05 09:00:00,24.7,67,6.7,987.0,29.9,95.9,23.0,9,1,5
2026-05-05 10:00:00,26.8,62,6.3,987.1,34.1,132.2,27.0,10,1,5
2026-05-05 11:00:00,28.3,51,3.2,987.4,36.6,147.1,29.740000000000002,11,1,5
2026-05-05 12:00:00,29.7,44,1.1,987.1,36.3,144.8,33.14,12,1,5
2026-05-05 13:00:00,30.7,38,0.2,986.5,35.9,142.0,41.14,13,1,5
2026-05-05 14:00:00,31.1,36,1.0,985.4,35.5,138.8,47.760000000000005,14,1,5
2026-05-05 15:00:00,31.2,35,2.5,984.7,34.8,135.0,51.4,15,1,5
2026-05-05 16:00:00,30.9,36,4.0,984.1,33.2,127.1,73.82000000000001,16,1,5
2026-05-05 17:00:00,29.9,38,9.5,983.8,18.8,71.5,92.28,17,1,5
2026-05-05 18:00:00,28.0,46,9.4,983.6,18.5,63.3,109.3,18,1,5
2026-05-05 19:00:00,26.3,54,5.8,983.8,27.3,62.2,93.28,19,1,5
2026-05-05 20:00:00,26.2,57,3.3,983.8,42.7,77.3,86.82,20,1,5
2026-05-05 21:00:00,25.6,57,2.0,984.1,52.5,85.7,91.76,21,1,5
2026-05-05 22:00:00,24.9,58,2.2,984.0,55.8,86.8,113.16,22,1,5
2026-05-05 23:00:00,24.4,61,6.1,983.8,53.6,82.7,134.18,23,1,5
2026-05-06 00:00:00,24.5,62,5.7,983.4,51.5,80.3,150.76,0,2,5
2026-05-06 01:00:00,23.7,64,5.5,983.1,51.7,82.0,155.07999999999998,1,2,5
2026-05-06 02:00:00,23.2,65,4.4,982.6,52.7,84.1,154.62,2,2,5
2026-05-06 03:00:00,22.5,66,2.4,982.6,52.9,83.4,110.97999999999999,3,2,5
2026-05-06 04:00:00,21.7,70,0.8,982.5,52.7,82.2,58.120000000000005,4,2,5
2026-05-06 05:00:00,20.9,80,3.6,982.4,44.5,62.6,44.839999999999996,5,2,5
2026-05-06 06:00:00,21.9,76,3.5,982.9,49.5,68.7,41.739999999999995,6,2,5
2026-05-06 07:00:00,23.5,71,3.2,983.4,50.2,69.8,40.62,7,2,5
2026-05-06 08:00:00,26.3,59,1.9,984.0,44.6,73.6,41.225,8,2,5
2026-05-06 09:00:00,28.5,49,0.3,984.2,31.0,61.5,42.5,9,2,5
2026-05-06 10:00:00,30.1,39,2.5,984.2,22.7,55.4,42.725,10,2,5
2026-05-06 11:00:00,31.0,34,3.3,983.8,21.0,52.9,44.625,11,2,5
2026-05-06 12:00:00,31.9,33,3.9,983.1,20.4,50.4,50.45,12,2,5
2026-05-06 13:00:00,32.3,31,4.6,982.6,19.9,47.7,56.775,13,2,5
2026-05-06 14:00:00,32.6,31,3.3,981.7,19.4,45.5,67.02000000000001,14,2,5
2026-05-06 15:00:00,33.0,30,2.8,980.7,18.7,43.8,69.22,15,2,5
2026-05-06 16:00:00,32.6,30,6.4,980.1,18.2,42.3,71.34,16,2,5
2026-05-06 17:00:00,31.9,32,11.0,979.1,15.6,32.0,85.06,17,2,5
2026-05-06 18:00:00,29.6,37,8.9,979.0,15.7,32.0,91.14,18,2,5
2026-05-06 19:00:00,27.1,46,6.6,979.2,21.2,33.6,72.56,19,2,5
2026-05-06 20:00:00,26.6,50,5.8,979.5,30.9,43.9,57.06,20,2,5
2026-05-06 21:00:00,26.0,53,5.4,979.5,40.2,53.7,54.3,21,2,5
2026-05-06 22:00:00,25.8,56,1.4,979.7,52.0,65.2,55.839999999999996,22,2,5
2026-05-06 23:00:00,26.9,50,0.7,979.6,59.4,70.8,67.76,23,2,5
2026-05-07 00:00:00,24.5,57,5.4,979.2,52.4,60.3,75.92,0,3,5
2026-05-07 01:00:00,23.3,61,8.3,978.9,42.1,47.0,61.8,1,3,5
2026-05-07 02:00:00,22.8,66,8.1,979.0,35.2,38.9,54.260000000000005,2,3,5
2026-05-07 03:00:00,22.4,70,7.3,979.5,31.8,35.4,45.18,3,3,5
2026-05-07 04:00:00,21.9,72,6.9,979.8,30.4,34.6,41.96,4,3,5
2026-05-07 05:00:00,20.9,75,6.1,980.0,19.4,19.6,43.5,5,3,5
2026-05-07 06:00:00,21.5,73,6.8,980.4,23.5,30.2,50.4,6,3,5
2026-05-07 07:00:00,23.3,68,7.4,981.3,31.9,67.8,54.54,7,3,5
2026-05-07 08:00:00,26.0,59,6.0,982.0,52.6,197.0,61.06,8,3,5
2026-05-07 09:00:00,29.0,48,6.8,982.4,61.9,259.8,62.9,9,3,5
2026-05-07 10:00:00,31.2,38,9.7,982.8,51.6,202.1,64.72,10,3,5
2026-05-07 11:00:00,32.1,35,9.7,982.8,43.0,155.5,64.78,11,3,5
2026-05-07 12:00:00,32.9,32,9.1,982.3,39.3,143.0,73.06,12,3,5
2026-05-07 13:00:00,33.7,30,7.8,981.9,38.2,142.5,103.24000000000001,13,3,5
2026-05-07 14:00:00,34.2,27,6.6,981.5,38.2,148.1,124.67999999999999,14,3,5
2026-05-07 15:00:00,34.0,27,8.4,981.2,38.6,155.5,122.08,15,3,5
2026-05-07 16:00:00,33.7,27,8.3,981.2,39.3,162.1,112.47999999999999,16,3,5
2026-05-07 17:00:00,34.4,18,0.6,980.4,51.0,232.8,79.52000000000001,17,3,5
2026-05-07 18:00:00,31.6,32,4.9,980.6,53.8,258.9,66.7,18,3,5
2026-05-07 19:00:00,28.9,36,11.2,980.8,57.3,241.2,61.739999999999995,19,3,5
2026-05-07 20:00:00,27.7,39,11.0,981.3,61.7,248.7,50.5,20,3,5
2026-05-07 21:00:00,26.6,42,10.4,982.1,61.0,235.6,49.739999999999995,21,3,5
2026-05-07 22:00:00,25.6,48,10.6,982.4,57.3,214.7,55.8,22,3,5
2026-05-07 23:00:00,25.5,54,10.3,982.4,54.6,207.7,59.720000000000006,23,3,5
2026-05-08 00:00:00,25.6,56,9.9,982.4,54.1,211.4,60.279999999999994,0,4,5
2026-05-08 01:00:00,25.1,60,10.4,982.2,57.0,225.4,62.1,1,4,5
2026-05-08 02:00:00,24.6,64,9.7,982.0,61.9,243.1,59.08,2,4,5
2026-05-08 03:00:00,24.0,67,8.7,982.0,66.6,259.8,47.38,3,4,5
2026-05-08 04:00:00,23.5,69,8.0,982.2,70.5,271.9,40.56,4,4,5
2026-05-08 05:00:00,22.7,73,6.8,982.5,79.6,368.8,39.38,5,4,5
2026-05-08 06:00:00,22.9,73,8.5,983.3,80.8,340.9,37.3,6,4,5
2026-05-08 07:00:00,24.1,68,8.3,983.9,82.9,379.0,40.339999999999996,7,4,5
2026-05-08 08:00:00,26.0,62,9.2,984.3,75.0,339.0,,8,4,5
2026-05-08 09:00:00,28.3,54,9.5,984.7,68.0,324.1,47.88,9,4,5
2026-05-08 10:00:00,30.6,44,9.8,984.8,71.7,398.6,49.059999999999995,10,4,5
2026-05-08 11:00:00,31.6,41,8.0,984.7,66.4,366.0,50.96,11,4,5
2026-05-08 12:00:00,32.9,37,6.6,984.3,58.7,309.2,54.06,12,4,5
2026-05-08 13:00:00,33.8,34,5.0,983.8,53.7,271.0,69.26,13,4,5
2026-05-08 14:00:00,34.3,32,2.6,983.1,50.3,242.1,103.52000000000001,14,4,5
2026-05-08 15:00:00,34.0,32,3.7,982.7,47.8,219.8,135.64000000000001,15,4,5
2026-05-08 16:00:00,33.1,34,4.2,982.4,46.0,204.9,146.94,16,4,5
2026-05-08 17:00:00,34.0,28,4.8,981.8,60.3,271.9,140.88,17,4,5
2026-05-08 18:00:00,33.3,30,5.2,982.3,58.3,250.5,144.42000000000002,18,4,5
2026-05-08 19:00:00,31.2,36,8.1,982.2,57.6,198.8,142.2,19,4,5
2026-05-08 20:00:00,29.9,40,11.3,982.5,59.1,175.1,143.62,20,4,5
2026-05-08 21:00:00,28.7,43,9.4,983.1,53.6,130.4,155.5,21,4,5
2026-05-08 22:00:00,27.8,46,7.2,982.9,50.4,103.4,153.68,22,4,5
2026-05-08 23:00:00,27.7,50,6.3,983.0,49.2,93.6,147.0,23,4,5
2026-05-09 00:00:00,26.9,52,5.8,982.6,48.5,92.4,137.24,0,5,5
2026-05-09 01:00:00,25.9,60,3.6,982.5,48.0,92.4,126.9,1,5,5
2026-05-09 02:00:00,25.5,58,3.5,982.2,47.0,89.9,98.46000000000001,2,5,5
2026-05-09 03:00:00,24.8,61,4.1,982.3,46.2,86.1,73.58,3,5,5
2026-05-09 04:00:00,24.3,63,4.6,982.4,45.8,82.7,64.02000000000001,4,5,5
2026-05-09 05:00:00,24.5,65,6.4,982.4,43.3,43.3,51.82000000000001,5,5,5
2026-05-09 06:00:00,24.8,64,6.6,983.1,44.1,46.1,55.4,6,5,5
2026-05-09 07:00:00,26.3,60,5.5,983.9,43.9,59.4,60.0,7,5,5
2026-05-09 08:00:00,28.9,53,4.8,984.6,43.4,113.9,65.56,8,5,5
2026-05-09 09:00:00,31.6,45,5.1,985.0,64.0,327.8,71.72,9,5,5
2026-05-09 10:00:00,33.8,36,5.3,984.7,86.4,525.3,75.4,10,5,5
2026-05-09 11:00:00,34.0,36,4.8,984.7,85.2,478.7,78.25999999999999,11,5,5
2026-05-09 12:00:00,35.7,32,3.1,984.1,83.1,436.8,82.12,12,5,5
2026-05-09 13:00:00,36.4,30,3.3,983.4,79.4,392.1,94.8,13,5,5
2026-05-09 14:00:00,36.9,28,3.6,982.5,74.3,343.7,104.35999999999999,14,5,5
2026-05-09 15:00:00,37.1,27,5.1,981.7,69.2,302.7,138.02,15,5,5
2026-05-09 16:00:00,37.1,28,7.2,981.2,65.9,273.8,154.38,16,5,5
2026-05-09 17:00:00,36.7,27,6.7,980.9,76.8,322.2,160.84,17,5,5
2026-05-09 18:00:00,35.7,29,6.6,980.9,75.9,303.6,156.4,18,5,5
2026-05-09 19:00:00,33.9,33,5.2,980.9,86.1,303.6,152.33999999999997,19,5,5
2026-05-09 20:00:00,33.0,36,7.3,981.2,101.0,315.7,148.35999999999999,20,5,5
2026-05-09 21:00:00,32.1,38,6.7,981.7,101.5,299.0,152.94,21,5,5
2026-05-09 22:00:00,30.3,43,7.5,982.1,93.8,253.3,161.56,22,5,5
2026-05-09 23:00:00,29.7,48,4.6,982.4,82.0,197.4,158.12,23,5,5
2026-05-10 00:00:00,29.3,49,6.4,981.9,72.6,162.1,159.8,0,6,5
2026-05-10 01:00:00,28.6,51,5.8,981.6,66.4,146.7,157.78,1,6,5
2026-05-10 02:00:00,28.0,53,4.1,981.2,64.0,154.6,135.02,2,6,5
2026-05-10 03:00:00,27.6,54,5.9,981.2,64.7,176.0,110.3,3,6,5
2026-05-10 04:00:00,27.3,55,5.9,981.4,66.1,201.2,97.58,4,6,5
2026-05-10 05:00:00,27.1,59,3.7,981.5,76.4,248.7,89.85999999999999,5,6,5
2026-05-10 06:00:00,27.4,57,6.9,982.1,79.9,260.8,88.47999999999999,6,6,5
2026-05-10 07:00:00,28.7,53,7.2,982.7,91.3,354.8,91.9,7,6,5
2026-05-10 08:00:00,30.9,47,7.5,983.3,99.7,421.0,98.5,8,6,5
2026-05-10 09:00:00,33.4,41,6.9,983.9,102.4,465.7,102.4,9,6,5
2026-05-10 10:00:00,35.7,33,6.9,983.8,101.5,488.0,102.54,10,6,5
2026-05-10 11:00:00,36.3,32,5.4,983.6,94.5,420.0,104.02000000000001,11,6,5
2026-05-10 12:00:00,37.9,29,4.4,983.0,87.5,363.2,118.14000000000001,12,6,5
2026-05-10 13:00:00,38.6,27,4.9,982.4,82.7,326.9,150.82,13,6,5
2026-05-10 14:00:00,38.9,26,7.3,981.6,78.5,299.0,175.52,14,6,5
2026-05-10 15:00:00,38.5,26,11.0,980.9,74.0,274.7,195.56,15,6,5
2026-05-10 16:00:00,37.4,27,10.8,979.6,69.4,250.5,208.76,16,6,5
2026-05-10 17:00:00,38.4,23,9.7,978.8,66.6,237.0,199.64,17,6,5
2026-05-10 18:00:00,37.2,25,10.6,979.0,65.0,220.3,89.28,18,6,5
2026-05-10 19:00:00,35.5,28,7.8,979.1,70.5,203.5,36.260000000000005,19,6,5
2026-05-10 20:00:00,33.9,36,8.3,979.5,77.5,204.4,22.380000000000003,20,6,5
2026-05-10 21:00:00,32.4,43,7.7,980.4,76.4,186.7,19.740000000000002,21,6,5
2026-05-10 22:00:00,31.5,46,8.7,980.9,76.8,188.6,25.919999999999998,22,6,5
2026-05-10 23:00:00,31.0,47,10.0,982.1,77.1,194.2,30.420000000000005,23,6,5
2026-05-11 00:00:00,30.3,53,4.5,983.4,75.9,202.6,30.96,0,0,5
2026-05-11 01:00:00,27.5,66,12.6,982.8,75.0,216.5,31.4,1,0,5
2026-05-11 02:00:00,25.6,79,8.6,982.0,74.7,224.0,37.92,2,0,5
2026-05-11 03:00:00,25.8,77,9.2,980.7,74.5,224.4,38.36,3,0,5
2026-05-11 04:00:00,25.8,76,9.3,981.7,75.4,231.0,41.4,4,0,5
2026-05-11 05:00:00,24.1,73,16.6,982.9,68.9,116.6,45.519999999999996,5,0,5
2026-05-11 06:00:00,24.5,70,12.0,983.2,70.3,122.9,48.739999999999995,6,0,5
2026-05-11 07:00:00,25.6,66,11.4,983.5,71.2,137.8,50.480000000000004,7,0,5
2026-05-11 08:00:00,27.5,59,10.6,984.3,71.0,167.2,40.480000000000004,8,0,5
2026-05-11 09:00:00,30.5,49,10.7,984.6,70.8,244.9,41.53333333333333,9,0,5
2026-05-11 10:00:00,32.9,42,9.1,984.6,77.8,334.3,45.425,10,0,5
2026-05-11 11:00:00,32.8,45,3.1,984.4,84.8,418.2,45.333333333333336,11,0,5
2026-05-11 12:00:00,30.9,51,13.7,985.7,87.3,432.1,48.32,12,0,5
2026-05-11 13:00:00,29.2,59,14.7,984.7,84.8,406.1,48.72,13,0,5
2026-05-11 14:00:00,30.7,54,9.9,983.3,82.2,380.0,55.5,14,0,5
2026-05-11 15:00:00,32.1,49,9.9,982.6,78.9,350.2,62.279999999999994,15,0,5
2026-05-11 16:00:00,32.2,48,6.8,982.0,75.2,319.4,66.1,16,0,5
2026-05-11 17:00:00,33.7,41,4.7,980.8,60.5,224.0,64.3,17,0,5
2026-05-11 18:00:00,32.6,47,6.5,980.8,60.3,208.2,64.24000000000001,18,0,5
2026-05-11 19:00:00,31.4,54,6.3,980.8,64.5,174.2,60.279999999999994,19,0,5
2026-05-11 20:00:00,30.5,55,8.3,980.2,71.5,180.2,64.84,20,0,5
2026-05-11 21:00:00,29.5,58,7.9,980.5,76.8,185.3,,21,0,5
2026-05-11 22:00:00,28.6,62,6.5,980.7,82.0,189.5,,22,0,5
2026-05-11 23:00:00,28.3,68,8.3,980.1,90.3,200.7,36.4,23,0,5
2026-05-12 00:00:00,27.2,72,9.6,980.1,96.9,205.8,33.68,0,1,5
2026-05-12 01:00:00,26.8,69,9.2,979.9,100.4,201.6,33.14,1,1,5
2026-05-12 02:00:00,26.3,69,8.8,980.0,98.0,184.9,35.55,2,1,5
2026-05-12 03:00:00,25.6,72,5.2,979.5,93.1,163.9,36.55,3,1,5
2026-05-12 04:00:00,24.9,78,3.1,979.6,88.5,148.1,42.175,4,1,5
2026-05-12 05:00:00,24.9,71,7.3,980.0,78.7,119.7,45.32,5,1,5
2026-05-12 06:00:00,25.5,68,7.2,980.2,79.6,115.5,48.94,6,1,5
2026-05-12 07:00:00,27.1,65,5.6,980.6,79.2,114.6,51.839999999999996,7,1,5
2026-05-12 08:00:00,29.9,54,5.1,981.3,68.7,105.5,53.54,8,1,5
2026-05-12 09:00:00,32.3,43,6.7,981.7,52.7,80.3,53.239999999999995,9,1,5
2026-05-12 10:00:00,34.3,36,7.1,981.7,46.6,82.9,50.86,10,1,5
2026-05-12 11:00:00,35.6,33,5.6,981.5,46.7,95.7,47.1,11,1,5
2026-05-12 12:00:00,36.3,31,3.9,980.6,44.8,97.6,46.22,12,1,5
2026-05-12 13:00:00,36.9,29,4.6,979.9,46.3,112.9,46.56,13,1,5
2026-05-12 14:00:00,36.7,28,6.6,979.1,48.2,125.3,59.260000000000005,14,1,5
2026-05-12 15:00:00,36.7,27,7.7,978.3,49.9,141.1,67.46000000000001,15,1,5
2026-05-12 16:00:00,36.8,26,7.3,977.7,50.5,132.2,71.47999999999999,16,1,5
2026-05-12 17:00:00,37.5,23,10.8,976.7,51.0,130.4,74.825,17,1,5
2026-05-12 18:00:00,36.3,26,11.6,976.7,52.2,132.7,78.925,18,1,5
2026-05-12 19:00:00,34.3,30,12.6,977.1,54.8,112.9,94.325,19,1,5
2026-05-12 20:00:00,33.1,31,7.3,977.5,55.4,103.1,100.39999999999999,20,1,5
2026-05-12 21:00:00,31.7,35,7.2,978.2,56.2,104.3,97.8,21,1,5
2026-05-12 22:00:00,30.5,39,6.3,978.4,58.8,109.2,92.8,22,1,5
2026-05-12 23:00:00,31.0,44,6.6,978.2,61.2,111.3,87.6,23,1,5
2026-05-13 00:00:00,30.1,48,7.2,977.9,63.3,111.5,105.02499999999999,0,2,5
2026-05-13 01:00:00,29.4,52,5.9,977.8,64.7,112.2,128.4,1,2,5
2026-05-13 02:00:00,28.8,54,5.5,977.4,67.8,117.6,101.3,2,2,5
2026-05-13 03:00:00,28.0,58,4.3,977.4,73.3,123.9,79.48,3,2,5
2026-05-13 04:00:00,27.4,60,2.7,977.8,75.0,119.7,64.36,4,2,5
2026-05-13 05:00:00,28.0,58,5.8,978.2,56.5,57.7,55.1,5,2,5
2026-05-13 06:00:00,27.7,60,8.5,978.5,57.6,62.9,53.760000000000005,6,2,5
2026-05-13 07:00:00,29.1,58,6.3,979.3,58.7,67.3,56.48333333333333,7,2,5
2026-05-13 08:00:00,31.2,54,7.6,979.8,54.9,80.6,54.416666666666664,8,2,5
2026-05-13 09:00:00,33.7,47,8.6,979.9,57.3,131.8,52.35,9,2,5
2026-05-13 10:00:00,36.0,34,8.2,979.8,67.8,199.3,54.11666666666667,10,2,5
2026-05-13 11:00:00,37.3,24,5.7,979.8,78.9,244.0,55.5,11,2,5
2026-05-13 12:00:00,37.7,22,3.4,978.9,82.7,257.0,32.199999999999996,12,2,5
2026-05-13 13:00:00,38.3,19,5.9,978.0,78.2,240.3,57.4,13,2,5
2026-05-13 14:00:00,38.2,20,7.2,977.1,74.3,227.7,66.5,14,2,5
2026-05-13 15:00:00,38.0,19,9.7,976.8,72.6,224.4,56.025,15,2,5
2026-05-13 16:00:00,37.8,19,9.5,976.5,71.2,214.2,45.275000000000006,16,2,5
2026-05-13 17:00:00,38.0,18,8.6,974.9,64.7,179.3,27.275,17,2,5
2026-05-13 18:00:00,36.3,21,11.5,975.1,64.5,131.8,25.375,18,2,5
2026-05-13 19:00:00,34.5,25,9.7,975.7,67.3,115.7,27.525,19,2,5
2026-05-13 20:00:00,32.1,34,9.9,976.2,63.1,97.6,29.425,20,2,5
2026-05-13 21:00:00,31.0,38,11.6,976.8,55.2,82.2,30.0,21,2,5
2026-05-13 22:00:00,29.5,41,10.6,977.4,49.1,74.3,37.65,22,2,5
2026-05-13 23:00:00,27.3,52,10.1,977.6,45.8,71.0,46.075,23,2,5
2026-05-14 00:00:00,26.6,54,7.1,977.2,43.9,69.2,54.625,0,3,5
2026-05-14 01:00:00,26.3,53,7.9,976.5,44.2,71.0,61.75,1,3,5
2026-05-14 02:00:00,25.8,54,6.6,976.0,47.3,75.9,60.175,2,3,5
2026-05-14 03:00:00,25.1,56,6.2,975.9,51.6,79.9,54.575,3,3,5
2026-05-14 04:00:00,24.5,58,5.5,975.9,49.0,70.3,39.96,4,3,5
2026-05-14 05:00:00,23.7,62,8.4,976.4,51.0,103.1,29.8,5,3,5
2026-05-14 06:00:00,23.5,66,7.3,977.3,50.1,86.8,25.68,6,3,5
2026-05-14 07:00:00,25.1,62,5.5,977.6,50.6,81.3,25.78,7,3,5
2026-05-14 08:00:00,27.9,52,4.2,978.0,48.0,83.6,25.860000000000003,8,3,5
2026-05-14 09:00:00,30.7,42,2.3,978.6,43.1,74.3,28.380000000000003,9,3,5
2026-05-14 10:00:00,33.3,33,1.5,979.0,42.4,69.8,33.78,10,3,5
2026-05-14 11:00:00,35.1,28,1.2,979.2,44.6,77.1,37.86,11,3,5
2026-05-14 12:00:00,37.1,25,3.4,979.0,46.2,83.6,41.519999999999996,12,3,5
2026-05-14 13:00:00,37.6,24,7.7,978.3,43.7,80.3,55.04,13,3,5
2026-05-14 14:00:00,38.1,23,7.4,977.0,39.9,73.8,41.666666666666664,14,3,5
2026-05-14 15:00:00,38.2,21,7.0,976.3,38.8,75.7,37.266666666666666,15,3,5
2026-05-14 16:00:00,36.9,21,10.5,976.2,39.2,79.9,37.76666666666667,16,3,5
2026-05-14 17:00:00,37.4,18,3.1,975.2,41.1,83.4,35.21666666666667,17,3,5
2026-05-14 18:00:00,36.4,21,9.1,975.1,54.9,83.6,33.81666666666666,18,3,5
2026-05-14 19:00:00,34.7,25,9.5,975.8,67.5,99.4,39.56666666666667,19,3,5
2026-05-14 20:00:00,32.6,30,15.1,977.1,74.0,106.2,39.03333333333333,20,3,5
2026-05-14 21:00:00,30.9,36,19.1,979.3,71.9,98.7,35.28333333333333,21,3,5
2026-05-14 22:00:00,26.9,59,8.5,978.5,69.2,94.1,36.800000000000004,22,3,5
2026-05-14 23:00:00,26.3,59,8.0,977.3,68.2,91.7,59.883333333333326,23,3,5
2026-05-15 00:00:00,26.6,53,11.7,976.9,67.3,88.9,59.866666666666674,0,4,5
2026-05-15 01:00:00,25.6,54,10.9,976.4,66.8,86.4,58.13333333333333,1,4,5
2026-05-15 02:00:00,25.3,57,0.9,976.8,66.1,83.4,57.5,2,4,5
2026-05-15 03:00:00,24.8,61,0.5,976.3,65.0,80.8,63.61666666666667,3,4,5
2026-05-15 04:00:00,24.5,61,3.2,977.0,63.8,78.5,47.88333333333333,4,4,5
2026-05-15 05:00:00,25.4,58,2.5,977.6,56.7,80.3,30.25,5,4,5
2026-05-15 06:00:00,25.6,58,3.0,978.4,56.7,74.7,26.150000000000002,6,4,5
2026-05-15 07:00:00,26.8,54,3.6,979.2,56.8,76.1,30.916666666666668,7,4,5
2026-05-15 08:00:00,28.7,50,5.4,979.9,53.0,77.3,32.766666666666666,8,4,5
2026-05-15 09:00:00,30.9,44,5.6,980.1,49.7,75.9,36.56666666666666,9,4,5
2026-05-15 10:00:00,32.8,38,4.3,980.4,48.3,76.1,33.516666666666666,10,4,5
2026-05-15 11:00:00,33.4,35,8.6,981.4,46.6,81.7,30.933333333333334,11,4,5
2026-05-15 12:00:00,33.8,33,11.5,980.7,43.9,83.4,34.6,12,4,5
2026-05-15 13:00:00,35.0,29,10.6,980.0,37.4,78.9,43.56666666666666,13,4,5
2026-05-15 14:00:00,35.4,27,9.6,978.8,34.1,75.4,65.2,14,4,5
2026-05-15 15:00:00,35.6,27,9.7,978.2,32.1,72.6,86.60000000000001,15,4,5
2026-05-15 16:00:00,35.5,26,9.2,977.7,32.1,68.0,76.45,16,4,5
2026-05-15 17:00:00,35.5,25,6.6,976.9,36.1,73.6,42.85,17,4,5
2026-05-15 18:00:00,34.7,27,5.1,977.0,41.0,64.0,38.88333333333333,18,4,5
2026-05-15 19:00:00,33.4,30,3.3,977.3,53.3,75.2,34.083333333333336,19,4,5
2026-05-15 20:00:00,32.7,32,4.9,977.7,62.9,82.4,35.38333333333333,20,4,5
2026-05-15 21:00:00,32.4,33,9.1,978.7,60.5,75.4,34.31666666666667,21,4,5
2026-05-15 22:00:00,31.5,36,8.5,978.9,52.0,61.9,37.76666666666667,22,4,5
2026-05-15 23:00:00,30.6,42,8.7,979.0,46.3,53.7,44.21666666666667,23,4,5
2026-05-16 00:00:00,29.5,45,7.7,978.5,41.9,48.0,42.76666666666667,0,5,5
2026-05-16 01:00:00,28.5,49,7.9,977.9,38.6,44.0,40.72,1,5,5
2026-05-16 02:00:00,27.7,51,6.3,977.3,35.6,40.5,35.56,2,5,5
2026-05-16 03:00:00,27.1,52,6.2,977.3,33.4,38.1,34.58,3,5,5
2026-05-16 04:00:00,26.4,55,4.9,977.4,32.6,37.4,35.86,4,5,5
2026-05-16 05:00:00,26.7,54,6.7,977.6,30.3,43.3,37.120000000000005,5,5,5
2026-05-16 06:00:00,26.3,58,6.8,978.1,31.5,45.6,30.54,6,5,5
2026-05-16 07:00:00,27.4,55,5.4,978.9,33.3,47.1,26.54,7,5,5
2026-05-16 08:00:00,29.4,49,5.7,979.7,32.9,52.0,,8,5,5
2026-05-16 09:00:00,31.9,40,7.2,980.4,29.8,48.7,24.28,9,5,5
2026-05-16 10:00:00,34.0,33,3.9,980.3,27.2,42.1,22.02,10,5,5
2026-05-16 11:00:00,35.8,27,2.6,980.4,24.2,37.0,24.04,11,5,5
2026-05-16 12:00:00,36.8,25,5.3,980.3,23.2,44.0,28.9,12,5,5
2026-05-16 13:00:00,37.5,24,7.4,979.8,23.2,53.1,38.56,13,5,5
2026-05-16 14:00:00,37.9,22,9.7,979.1,24.2,60.5,46.660000000000004,14,5,5
2026-05-16 15:00:00,37.9,21,10.6,978.4,25.5,65.7,55.760000000000005,15,5,5
2026-05-16 16:00:00,37.5,21,10.5,977.8,26.8,69.4,79.5,16,5,5
2026-05-16 17:00:00,37.5,20,11.5,977.5,25.8,68.7,82.44,17,5,5
2026-05-16 18:00:00,36.8,21,9.2,977.6,28.6,57.6,99.56,18,5,5
2026-05-16 19:00:00,35.3,23,7.0,977.9,39.9,68.5,109.04,19,5,5
2026-05-16 20:00:00,34.5,25,5.7,978.3,50.8,79.9,107.66000000000001,20,5,5
2026-05-16 21:00:00,33.5,29,4.6,978.8,56.1,84.8,71.74,21,5,5
2026-05-16 22:00:00,32.4,33,4.5,978.9,58.8,86.6,50.72,22,5,5
2026-05-16 23:00:00,32.1,41,4.0,978.8,60.5,88.0,43.46,23,5,5
2026-05-17 00:00:00,30.4,46,5.2,978.5,58.7,85.4,43.14,0,6,5
2026-05-17 01:00:00,29.4,50,6.2,978.4,54.6,80.1,53.660000000000004,1,6,5
2026-05-17 02:00:00,28.8,50,7.7,978.3,51.6,76.6,45.92,2,6,5
2026-05-17 03:00:00,28.3,49,7.9,978.1,50.3,75.4,44.62,3,6,5
2026-05-17 04:00:00,27.4,50,6.5,977.8,49.5,73.6,36.38,4,6,5
2026-05-17 05:00:00,28.3,52,7.4,978.3,43.1,69.6,33.92,5,6,5
2026-05-17 06:00:00,27.6,60,3.5,978.1,46.6,76.1,27.0,6,6,5
2026-05-17 07:00:00,28.8,57,1.8,978.7,45.4,68.9,16.419999999999998,7,6,5
2026-05-17 08:00:00,30.9,49,1.3,979.1,40.7,76.1,13.36,8,6,5
2026-05-17 09:00:00,33.3,41,2.6,979.5,36.4,75.0,20.96,9,6,5
2026-05-17 10:00:00,35.4,34,3.3,979.5,29.2,62.4,25.22,10,6,5
2026-05-17 11:00:00,37.6,24,7.9,979.7,21.9,49.4,20.580000000000002,11,6,5
2026-05-17 12:00:00,38.4,22,10.1,979.1,20.7,48.7,21.939999999999998,12,6,5
2026-05-17 13:00:00,39.1,20,12.9,978.6,20.7,48.8,24.44,13,6,5
2026-05-17 14:00:00,39.5,20,13.1,977.9,20.7,47.7,28.839999999999996,14,6,5
2026-05-17 15:00:00,39.5,20,13.8,977.1,20.5,45.8,38.54,15,6,5
2026-05-17 16:00:00,39.1,20,13.8,976.7,20.3,43.8,45.660000000000004,16,6,5
2026-05-17 17:00:00,38.7,20,13.1,976.5,18.9,40.4,52.08,17,6,5
2026-05-17 18:00:00,37.6,22,12.3,976.2,20.0,35.3,62.839999999999996,18,6,5
2026-05-17 19:00:00,36.0,27,9.0,976.2,25.8,38.1,79.6,19,6,5
2026-05-17 20:00:00,34.8,31,8.8,976.1,31.2,43.1,60.54,20,6,5
2026-05-17 21:00:00,33.7,35,7.4,976.4,34.3,46.3,54.620000000000005,21,6,5
2026-05-17 22:00:00,32.9,37,6.4,976.7,35.3,47.0,68.64,22,6,5
2026-05-17 23:00:00,32.8,39,6.8,976.4,34.1,45.6,83.94,23,6,5
2026-05-18 00:00:00,31.8,42,7.9,975.6,31.8,43.2,84.03999999999999,0,0,5
2026-05-18 01:00:00,31.2,43,8.4,975.2,30.2,41.3,88.74,1,0,5
2026-05-18 02:00:00,30.5,44,8.5,974.6,29.2,40.0,86.94000000000001,2,0,5
2026-05-18 03:00:00,30.0,45,8.8,974.5,28.9,39.1,71.03999999999999,3,0,5
2026-05-18 04:00:00,29.5,46,8.5,974.6,28.8,38.8,43.739999999999995,4,0,5
2026-05-18 05:00:00,29.3,49,7.1,974.6,29.7,41.6,34.940000000000005,5,0,5
2026-05-18 06:00:00,29.1,51,7.1,974.7,30.6,42.3,31.839999999999996,6,0,5
2026-05-18 07:00:00,30.7,47,5.6,975.3,34.0,42.7,30.28,7,0,5
2026-05-18 08:00:00,33.2,41,2.2,976.1,31.9,44.9,28.660000000000004,8,0,5
2026-05-18 09:00:00,35.9,34,3.1,976.5,27.8,41.6,31.04,9,0,5
2026-05-18 10:00:00,38.4,26,3.7,976.8,22.3,34.8,32.160000000000004,10,0,5
2026-05-18 11:00:00,40.0,23,7.2,976.7,18.5,31.1,32.019999999999996,11,0,5
2026-05-18 12:00:00,40.9,23,7.8,976.4,18.2,33.4,32.38,12,0,5
2026-05-18 13:00:00,41.7,23,6.7,976.0,19.0,39.5,32.06,13,0,5
2026-05-18 14:00:00,42.3,22,5.6,975.2,20.8,48.2,38.839999999999996,14,0,5
2026-05-18 15:00:00,42.6,21,6.2,974.8,23.2,58.8,47.0,15,0,5
2026-05-18 16:00:00,42.5,20,7.9,974.6,25.4,66.4,54.7,16,0,5
2026-05-18 17:00:00,41.8,22,12.1,974.3,22.0,56.9,60.58,17,0,5
2026-05-18 18:00:00,40.8,24,11.4,974.4,24.2,46.3,71.52000000000001,18,0,5
2026-05-18 19:00:00,39.6,25,7.5,974.3,31.4,49.4,75.74,19,0,5
2026-05-18 20:00:00,38.4,29,8.3,974.4,34.6,49.9,85.32000000000001,20,0,5
2026-05-18 21:00:00,36.8,32,5.9,974.7,35.4,50.3,109.05999999999999,21,0,5
2026-05-18 22:00:00,36.0,34,5.4,974.9,37.4,52.4,119.22,22,0,5
2026-05-18 23:00:00,35.6,36,3.5,974.5,39.1,55.1,121.84,23,0,5
2026-05-19 00:00:00,34.9,35,2.4,974.1,39.7,57.3,96.38,0,1,5
2026-05-19 01:00:00,33.9,38,1.2,973.8,41.4,61.0,102.7,1,1,5
2026-05-19 02:00:00,32.8,40,1.3,973.7,44.5,65.7,75.58,2,1,5
2026-05-19 03:00:00,31.4,43,1.0,973.8,51.8,74.0,43.78,3,1,5
2026-05-19 04:00:00,30.0,50,2.4,974.2,58.3,80.3,33.519999999999996,4,1,5
2026-05-19 05:00:00,30.1,50,1.5,975.2,53.8,69.8,31.26,5,1,5
2026-05-19 06:00:00,29.6,50,4.8,975.9,53.8,66.6,26.919999999999998,6,1,5
2026-05-19 07:00:00,31.7,43,4.8,976.7,52.6,63.1,23.3,7,1,5
2026-05-19 08:00:00,34.6,33,5.0,977.7,47.5,68.9,13.466666666666667,8,1,5
2026-05-19 09:00:00,36.8,25,5.1,978.0,41.6,72.4,11.216666666666667,9,1,5
2026-05-19 10:00:00,38.8,21,5.4,978.2,34.2,59.6,10.733333333333333,10,1,5
2026-05-19 11:00:00,40.9,15,9.1,978.5,27.4,48.1,12.666666666666666,11,1,5
2026-05-19 12:00:00,41.8,13,10.1,978.0,29.6,75.9,17.016666666666666,12,1,5
2026-05-19 13:00:00,42.5,11,10.0,977.3,29.8,101.3,18.583333333333332,13,1,5
2026-05-19 14:00:00,42.8,9,11.0,976.5,25.8,86.4,31.875,14,1,5
2026-05-19 15:00:00,42.4,10,11.3,975.9,22.0,68.5,43.075,15,1,5
2026-05-19 16:00:00,41.8,10,11.2,975.3,18.9,53.3,46.275,16,1,5
2026-05-19 17:00:00,41.8,10,12.2,974.9,10.6,19.9,55.06666666666666,17,1,5
2026-05-19 18:00:00,40.6,11,11.8,974.8,14.5,19.4,64.42500000000001,18,1,5
2026-05-19 19:00:00,38.6,17,9.1,975.0,26.9,30.9,75.15,19,1,5
2026-05-19 20:00:00,36.6,21,5.0,975.2,33.4,36.4,83.72500000000001,20,1,5
2026-05-19 21:00:00,34.6,24,4.8,975.7,34.0,37.3,72.5,21,1,5
2026-05-19 22:00:00,33.9,27,4.6,976.3,36.1,40.2,73.52499999999999,22,1,5
2026-05-19 23:00:00,34.0,34,0.9,976.0,42.6,47.8,75.575,23,1,5
2026-05-20 00:00:00,33.1,31,0.8,975.6,50.3,57.2,81.45,0,2,5
2026-05-20 01:00:00,30.9,33,4.3,975.1,53.9,62.4,95.825,1,2,5
2026-05-20 02:00:00,29.3,37,4.6,974.7,55.2,66.4,80.08,2,2,5
2026-05-20 03:00:00,28.2,40,4.8,974.7,56.3,70.5,58.949999999999996,3,2,5
2026-05-20 04:00:00,27.4,43,4.4,974.9,57.7,74.7,43.949999999999996,4,2,5
2026-05-20 05:00:00,28.5,43,5.1,974.9,54.7,73.1,29.04,5,2,5
2026-05-20 06:00:00,28.1,45,6.5,975.2,54.5,75.2,15.116666666666665,6,2,5
2026-05-20 07:00:00,30.0,42,5.0,975.9,56.9,73.6,8.18,7,2,5
2026-05-20 08:00:00,33.0,36,2.9,976.5,57.7,83.4,8.78,8,2,5
2026-05-20 09:00:00,36.9,28,1.8,976.9,53.0,85.0,9.283333333333333,9,2,5
2026-05-20 10:00:00,40.2,17,3.6,976.8,44.2,75.7,7.8999999999999995,10,2,5
2026-05-20 11:00:00,41.8,13,7.6,976.9,40.9,82.9,7.733333333333333,11,2,5
2026-05-20 12:00:00,42.6,12,8.7,976.5,35.3,89.4,12.166666666666666,12,2,5
2026-05-20 13:00:00,43.0,12,9.5,975.6,31.5,80.8,23.05,13,2,5
2026-05-20 14:00:00,43.1,12,10.5,974.7,30.4,78.7,32.516666666666666,14,2,5
2026-05-20 15:00:00,42.8,13,9.8,974.1,29.8,78.0,37.96666666666667,15,2,5
2026-05-20 16:00:00,42.2,14,10.8,973.8,29.3,76.4,46.88333333333333,16,2,5
2026-05-20 17:00:00,42.4,13,10.0,973.0,18.5,51.2,53.85,17,2,5
2026-05-20 18:00:00,41.2,15,9.9,973.1,21.1,43.0,72.89999999999999,18,2,5
2026-05-20 19:00:00,40.1,18,8.3,973.5,26.8,44.0,74.53333333333333,19,2,5
2026-05-20 20:00:00,39.1,20,7.1,974.4,30.2,43.9,50.18333333333333,20,2,5
2026-05-20 21:00:00,37.9,22,5.2,975.0,31.4,43.9,32.833333333333336,21,2,5
2026-05-20 22:00:00,36.7,26,3.8,975.2,31.8,44.7,28.983333333333334,22,2,5
2026-05-20 23:00:00,36.5,29,4.8,974.6,31.2,45.1,21.033333333333335,23,2,5
2026-05-21 00:00:00,35.2,32,8.0,974.6,29.8,44.1,18.333333333333332,0,3,5
2026-05-21 01:00:00,33.6,34,10.4,974.6,28.8,43.0,23.25,1,3,5
2026-05-21 02:00:00,32.7,30,8.6,974.3,28.6,42.7,32.81666666666667,2,3,5
2026-05-21 03:00:00,31.6,30,12.0,974.7,29.8,44.8,31.599999999999998,3,3,5
2026-05-21 04:00:00,29.7,33,16.0,975.6,32.1,47.6,27.650000000000002,4,3,5
2026-05-21 05:00:00,31.6,31,15.7,976.0,24.9,37.1,14.780000000000001,5,3,5
2026-05-21 06:00:00,31.2,30,14.8,976.4,25.5,39.7,14.819999999999999,6,3,5
2026-05-21 07:00:00,32.0,31,10.8,976.8,28.0,42.8,15.220000000000002,7,3,5
2026-05-21 08:00:00,33.8,25,13.5,978.1,29.0,48.9,11.86,8,3,5
2026-05-21 09:00:00,35.8,23,11.4,978.2,26.3,49.2,8.879999999999999,9,3,5
2026-05-21 10:00:00,38.4,20,11.4,978.2,23.4,47.5,7.3,10,3,5
2026-05-21 11:00:00,39.0,18,17.8,978.8,23.9,53.6,7.640000000000001,11,3,5
2026-05-21 12:00:00,39.7,18,15.4,978.2,23.5,54.0,17.866666666666667,12,3,5
2026-05-21 13:00:00,40.5,17,13.1,977.7,21.4,49.5,26.516666666666666,13,3,5
2026-05-21 14:00:00,41.3,15,13.9,976.9,19.2,44.6,35.416666666666664,14,3,5
2026-05-21 15:00:00,40.4,16,13.7,976.1,18.5,43.5,35.2,15,3,5
2026-05-21 16:00:00,40.7,15,11.1,976.0,18.6,46.6,34.38,16,3,5
2026-05-21 17:00:00,41.6,12,7.6,975.1,19.0,47.5,30.82,17,3,5
2026-05-21 18:00:00,40.5,13,9.2,975.2,25.4,48.1,16.68,18,3,5
2026-05-21 19:00:00,38.8,15,8.3,975.6,34.7,56.1,10.616666666666667,19,3,5
2026-05-21 20:00:00,37.8,16,7.0,976.2,34.6,54.7,6.44,20,3,5
2026-05-21 21:00:00,36.7,20,12.5,977.1,28.2,49.7,9.35,21,3,5
2026-05-21 22:00:00,35.5,22,12.4,977.6,25.6,48.3,10.3,22,3,5
2026-05-21 23:00:00,34.0,30,17.2,977.9,25.3,47.1,15.75,23,3,5
2026-05-22 00:00:00,32.0,38,21.2,978.5,25.4,46.8,31.566666666666666,0,4,5
2026-05-22 01:00:00,29.6,41,18.9,979.2,25.9,48.2,34.35,1,4,5
2026-05-22 02:00:00,28.2,46,12.6,978.7,26.9,51.7,39.95,2,4,5
2026-05-22 03:00:00,28.0,48,14.0,979.1,28.3,56.7,38.61666666666667,3,4,5
2026-05-22 04:00:00,27.9,47,12.8,979.0,29.7,61.5,17.916666666666668,4,4,5
2026-05-22 05:00:00,27.8,51,9.2,979.9,29.0,65.7,13.549999999999999,5,4,5
2026-05-22 06:00:00,28.0,50,8.9,979.5,26.7,54.7,12.0,6,4,5
2026-05-22 07:00:00,29.0,47,10.3,980.2,26.1,55.4,8.5,7,4,5
2026-05-22 08:00:00,31.0,43,7.7,981.1,27.1,59.6,8.450000000000001,8,4,5
2026-05-22 09:00:00,34.2,32,8.4,981.4,28.2,68.7,10.366666666666667,9,4,5
2026-05-22 10:00:00,36.6,25,8.1,981.8,28.1,71.2,11.216666666666667,10,4,5
2026-05-22 11:00:00,37.8,20,8.8,981.9,26.1,70.5,13.666666666666666,11,4,5
2026-05-22 12:00:00,38.9,19,4.8,981.5,26.6,81.5,16.666666666666668,12,4,5
2026-05-22 13:00:00,39.4,18,3.6,981.1,28.9,96.2,18.45,13,4,5
2026-05-22 14:00:00,39.4,19,4.0,979.9,30.3,102.0,27.616666666666664,14,4,5
2026-05-22 15:00:00,39.3,19,5.2,979.5,31.2,104.1,33.949999999999996,15,4,5
2026-05-22 16:00:00,38.8,19,6.3,979.5,31.7,103.6,41.13333333333333,16,4,5
2026-05-22 17:00:00,38.6,18,7.3,978.9,24.2,64.3,50.166666666666664,17,4,5
2026-05-22 18:00:00,38.0,19,5.7,978.7,26.3,69.4,57.48333333333333,18,4,5
2026-05-22 19:00:00,36.3,27,1.9,979.1,30.7,59.6,49.15,19,4,5
2026-05-22 20:00:00,35.5,31,0.6,979.4,36.2,61.0,60.18333333333334,20,4,5
2026-05-22 21:00:00,35.0,32,0.2,979.9,39.0,60.8,55.06666666666666,21,4,5
2026-05-22 22:00:00,34.2,30,1.9,979.8,43.7,64.7,51.98333333333333,22,4,5
2026-05-22 23:00:00,33.9,30,6.7,979.3,46.3,67.1,59.6,23,4,5
2026-05-23 00:00:00,32.4,32,6.9,979.0,43.4,63.3,34.15,0,5,5
2026-05-23 01:00:00,31.4,35,7.2,979.0,40.9,60.8,42.98333333333333,1,5,5
2026-05-23 02:00:00,30.7,36,6.8,978.7,41.0,61.0,36.85,2,5,5
2026-05-23 03:00:00,30.2,38,5.2,978.6,42.7,63.6,31.96666666666667,3,5,5
2026-05-23 04:00:00,30.1,38,10.4,979.8,46.9,69.6,25.71666666666667,4,5,5
2026-05-23 05:00:00,29.6,46,4.1,979.3,43.4,64.7,20.533333333333335,5,5,5
2026-05-23 06:00:00,29.4,47,6.5,979.6,47.7,71.9,15.75,6,5,5
2026-05-23 07:00:00,30.7,45,4.6,979.9,50.8,78.9,15.166666666666666,7,5,5
2026-05-23 08:00:00,33.8,35,2.2,980.4,48.4,93.1,16.05,8,5,5
2026-05-23 09:00:00,36.0,28,4.0,981.2,45.9,98.0,22.316666666666666,9,5,5
2026-05-23 10:00:00,36.6,29,5.9,981.3,41.9,99.7,23.433333333333334,10,5,5
2026-05-23 11:00:00,38.6,19,2.2,981.2,38.3,102.4,23.849999999999998,11,5,5
2026-05-23 12:00:00,39.9,15,2.9,980.6,35.2,96.2,18.683333333333334,12,5,5
2026-05-23 13:00:00,40.4,15,3.8,980.0,32.7,89.2,20.233333333333334,13,5,5
2026-05-23 14:00:00,40.6,15,7.9,979.1,29.7,80.3,32.98333333333333,14,5,5
2026-05-23 15:00:00,40.3,16,13.5,978.6,27.5,72.6,42.71666666666667,15,5,5
2026-05-23 16:00:00,39.5,17,15.0,978.4,25.8,66.1,50.15,16,5,5
2026-05-23 17:00:00,40.0,12,10.0,977.9,23.5,60.8,60.01666666666667,17,5,5
2026-05-23 18:00:00,39.0,14,7.8,978.2,23.7,49.6,63.78333333333333,18,5,5
2026-05-23 19:00:00,37.4,17,8.0,978.4,27.4,47.0,60.28333333333333,19,5,5
2026-05-23 20:00:00,35.7,22,5.1,978.3,29.9,48.2,59.63333333333333,20,5,5
2026-05-23 21:00:00,34.1,25,3.6,978.5,29.6,47.1,62.73333333333333,21,5,5
2026-05-23 22:00:00,33.2,27,3.7,978.6,31.8,48.7,60.666666666666664,22,5,5
2026-05-23 23:00:00,34.1,27,5.6,978.7,36.1,52.5,57.96666666666667,23,5,5
2026-05-24 00:00:00,32.9,30,6.7,978.1,37.3,52.9,68.98333333333333,0,6,5
2026-05-24 01:00:00,31.7,33,4.3,977.9,35.0,49.1,63.43333333333334,1,6,5
2026-05-24 02:00:00,30.6,35,8.1,977.8,32.2,45.5,62.51666666666667,2,6,5
2026-05-24 03:00:00,30.3,34,7.5,977.3,30.5,43.1,50.38333333333333,3,6,5
2026-05-24 04:00:00,29.7,34,7.6,977.5,29.3,41.4,26.200000000000003,4,6,5
2026-05-24 05:00:00,29.9,40,5.5,977.9,27.0,46.2,8.866666666666667,5,6,5
2026-05-24 06:00:00,29.3,41,8.0,978.2,27.2,45.1,5.45,6,6,5
2026-05-24 07:00:00,30.8,38,7.9,978.8,29.1,44.7,17.9,7,6,5
2026-05-24 08:00:00,31.9,34,13.3,980.2,29.2,50.4,21.433333333333334,8,6,5
2026-05-24 09:00:00,35.3,26,4.0,979.8,27.6,53.4,8.016666666666666,9,6,5
2026-05-24 10:00:00,37.5,20,9.3,979.9,24.5,55.1,6.95,10,6,5
2026-05-24 11:00:00,38.3,19,9.0,980.4,22.5,59.1,5.733333333333333,11,6,5
2026-05-24 12:00:00,39.5,16,8.4,980.1,21.7,59.4,10.466666666666667,12,6,5
2026-05-24 13:00:00,39.2,19,15.6,979.4,21.8,60.3,18.55,13,6,5
2026-05-24 14:00:00,38.6,20,15.2,978.4,22.3,61.2,27.733333333333334,14,6,5
2026-05-24 15:00:00,38.9,19,11.4,978.0,23.2,62.9,36.6,15,6,5
2026-05-24 16:00:00,38.9,19,9.8,977.2,24.3,65.2,39.43333333333333,16,6,5
2026-05-24 17:00:00,37.7,19,10.5,977.2,19.4,46.9,49.11666666666667,17,6,5
2026-05-24 18:00:00,36.8,20,10.2,977.3,22.2,42.3,51.51666666666667,18,6,5
2026-05-24 19:00:00,35.6,22,9.6,977.3,28.9,45.9,56.23333333333334,19,6,5
2026-05-24 20:00:00,34.3,25,11.2,977.6,29.7,45.9,69.58333333333333,20,6,5
2026-05-24 21:00:00,33.1,27,9.4,977.8,29.6,46.7,68.61666666666666,21,6,5
2026-05-24 22:00:00,32.3,29,7.2,978.1,31.1,48.3,68.43333333333334,22,6,5
2026-05-24 23:00:00,32.5,31,3.7,977.8,33.1,49.7,79.25,23,6,5
2026-05-25 00:00:00,31.5,33,3.7,977.4,34.2,49.8,68.1,0,0,5
2026-05-25 01:00:00,31.0,33,4.8,976.6,34.8,49.5,59.75,1,0,5
2026-05-25 02:00:00,30.7,33,9.0,975.9,34.7,49.6,35.449999999999996,2,0,5
2026-05-25 03:00:00,30.2,34,7.5,976.1,34.8,51.0,33.333333333333336,3,0,5
2026-05-25 04:00:00,29.5,42,0.7,976.4,36.2,54.5,21.2,4,0,5
2026-05-25 05:00:00,30.0,39,4.1,977.0,43.2,67.5,22.833333333333332,5,0,5
2026-05-25 06:00:00,30.0,38,8.1,977.7,42.6,65.4,20.833333333333332,6,0,5
2026-05-25 07:00:00,31.6,35,9.6,978.1,42.3,63.3,17.083333333333332,7,0,5
2026-05-25 08:00:00,33.6,31,7.9,978.4,38.9,65.7,19.416666666666668,8,0,5
2026-05-25 09:00:00,35.3,26,6.0,978.6,32.5,63.3,16.833333333333332,9,0,5
2026-05-25 10:00:00,37.3,22,5.5,978.6,27.8,59.8,15.0,10,0,5
2026-05-25 11:00:00,39.4,15,9.7,978.9,23.7,53.7,15.1,11,0,5
2026-05-25 12:00:00,39.9,14,9.3,978.4,21.0,47.8,14.466666666666667,12,0,5
2026-05-25 13:00:00,40.6,13,8.3,977.6,19.6,44.8,17.416666666666668,13,0,5
2026-05-25 14:00:00,40.8,14,8.3,976.8,19.0,43.3,27.03333333333333,14,0,5
2026-05-25 15:00:00,40.8,14,11.0,976.4,18.6,42.0,34.71666666666667,15,0,5
2026-05-25 16:00:00,40.1,14,15.0,976.1,18.7,41.4,39.88333333333333,16,0,5
2026-05-25 17:00:00,40.8,10,14.4,975.5,18.0,35.6,41.4,17,0,5
2026-05-25 18:00:00,39.3,13,14.5,975.8,21.4,35.2,47.71666666666667,18,0,5
2026-05-25 19:00:00,37.5,17,11.7,976.5,27.3,38.2,53.36666666666667,19,0,5
2026-05-25 20:00:00,36.0,19,10.0,977.2,28.9,38.9,49.61666666666667,20,0,5
2026-05-25 21:00:00,34.5,22,9.8,977.4,27.2,36.6,60.71666666666667,21,0,5
2026-05-25 22:00:00,33.4,22,8.7,977.7,26.0,35.0,64.41666666666667,22,0,5
2026-05-25 23:00:00,33.2,25,5.1,977.2,25.6,34.3,46.199999999999996,23,0,5
2026-05-26 00:00:00,31.5,28,4.3,977.0,26.5,34.0,46.75,0,1,5
2026-05-26 01:00:00,30.9,29,4.3,976.7,28.1,34.1,44.550000000000004,1,1,5
2026-05-26 02:00:00,30.2,28,5.9,976.9,29.3,34.8,35.61666666666667,2,1,5
2026-05-26 03:00:00,29.1,29,5.3,977.0,30.4,36.4,31.8,3,1,5
2026-05-26 04:00:00,27.8,33,4.1,977.0,31.9,38.6,29.96666666666667,4,1,5
2026-05-26 05:00:00,27.9,36,3.6,977.4,36.3,43.2,21.916666666666668,5,1,5
2026-05-26 06:00:00,27.7,38,6.7,977.7,41.7,49.1,13.299999999999999,6,1,5
2026-05-26 07:00:00,29.4,36,6.4,978.4,44.2,51.1,10.0,7,1,5
2026-05-26 08:00:00,32.2,31,5.6,978.9,33.1,43.4,8.52,8,1,5
2026-05-26 09:00:00,35.6,23,6.4,979.4,24.0,32.5,11.959999999999999,9,1,5
2026-05-26 10:00:00,38.3,17,7.4,979.5,17.2,24.3,11.98,10,1,5
2026-05-26 11:00:00,40.2,12,9.8,979.8,11.1,20.7,12.78,11,1,5
2026-05-26 12:00:00,41.0,11,11.6,979.6,10.4,20.7,13.25,12,1,5
2026-05-26 13:00:00,41.4,10,13.0,978.9,10.5,19.7,16.725,13,1,5
2026-05-26 14:00:00,41.6,10,13.1,978.2,11.1,19.4,28.549999999999997,14,1,5
2026-05-26 15:00:00,41.3,11,13.8,977.5,11.9,20.6,40.575,15,1,5
2026-05-26 16:00:00,40.8,12,12.3,977.2,12.7,22.1,56.625,16,1,5
2026-05-26 17:00:00,41.2,11,11.1,976.9,15.7,26.3,62.6,17,1,5
2026-05-26 18:00:00,39.9,13,8.7,977.2,17.2,26.7,53.825,18,1,5
2026-05-26 19:00:00,37.8,17,5.9,977.5,24.4,31.4,49.64,19,1,5
2026-05-26 20:00:00,36.3,20,3.5,977.7,29.2,36.4,46.760000000000005,20,1,5
2026-05-26 21:00:00,35.1,22,3.5,977.8,31.4,38.9,42.1,21,1,5
2026-05-26 22:00:00,33.8,23,4.8,977.9,33.4,40.7,46.56,22,1,5
2026-05-26 23:00:00,33.7,25,4.4,978.1,34.8,42.0,50.6,23,1,5
2026-05-27 00:00:00,32.8,25,5.8,978.0,35.7,42.5,57.379999999999995,0,2,5
2026-05-27 01:00:00,32.5,26,7.1,977.8,37.4,43.7,58.98,1,2,5
2026-05-27 02:00:00,31.4,28,5.4,977.1,38.2,43.8,49.239999999999995,2,2,5
2026-05-27 03:00:00,30.7,30,6.1,976.9,38.8,43.5,35.82,3,2,5
2026-05-27 04:00:00,30.1,31,5.7,976.9,39.1,43.5,25.419999999999998,4,2,5
2026-05-27 05:00:00,29.8,36,5.0,976.9,37.3,41.3,12.86,5,2,5
2026-05-27 06:00:00,30.2,35,6.5,977.5,40.0,44.2,6.5,6,2,5
2026-05-27 07:00:00,32.0,32,4.4,977.9,35.9,38.8,6.220000000000001,7,2,5
2026-05-27 08:00:00,34.7,28,4.9,978.7,28.2,31.0,6.7,8,2,5
2026-05-27 09:00:00,37.8,21,6.1,979.0,21.0,25.1,9.82,9,2,5
2026-05-27 10:00:00,40.3,16,8.9,978.6,16.4,24.5,17.2,10,2,5
2026-05-27 11:00:00,41.9,13,10.3,979.0,14.4,29.9,16.14,11,2,5
2026-05-27 12:00:00,42.9,12,11.3,978.5,16.4,38.8,15.319999999999999,12,2,5
2026-05-27 13:00:00,43.2,12,10.9,977.6,17.6,42.4,18.84,13,2,5
2026-05-27 14:00:00,43.5,12,11.8,976.9,16.5,38.6,27.46,14,2,5
2026-05-27 15:00:00,43.2,12,12.8,976.3,16.0,36.0,32.86,15,2,5
2026-05-27 16:00:00,42.5,12,13.1,975.9,16.1,35.4,37.18,16,2,5
2026-05-27 17:00:00,42.3,12,14.4,975.7,18.7,42.4,44.879999999999995,17,2,5
2026-05-27 18:00:00,41.3,13,14.6,976.1,20.2,38.0,50.1,18,2,5
2026-05-27 19:00:00,40.2,14,8.8,976.2,29.2,44.4,57.44,19,2,5
2026-05-27 20:00:00,39.0,16,5.2,976.5,39.0,55.2,51.239999999999995,20,2,5
2026-05-27 21:00:00,37.9,18,3.0,976.6,47.6,65.7,55.1,21,2,5
2026-05-27 22:00:00,36.3,20,1.6,976.5,58.4,78.0,83.47999999999999,22,2,5
2026-05-27 23:00:00,36.3,23,0.9,976.5,68.2,88.9,78.0,23,2,5
2026-05-28 00:00:00,34.8,23,4.2,976.1,68.5,89.6,77.0,0,3,5
2026-05-28 01:00:00,34.1,26,4.5,975.9,62.6,82.9,67.48,1,3,5
2026-05-28 02:00:00,33.4,28,4.7,975.6,59.1,78.2,53.120000000000005,2,3,5
2026-05-28 03:00:00,32.9,30,2.7,975.2,59.0,75.7,50.64,3,3,5
2026-05-28 04:00:00,31.9,32,2.3,975.4,59.0,73.6,44.64,4,3,5
2026-05-28 05:00:00,30.1,36,6.2,975.4,75.4,97.1,40.1,5,3,5
2026-05-28 06:00:00,29.2,40,7.4,976.7,71.2,92.4,36.18,6,3,5
2026-05-28 07:00:00,30.3,41,2.8,977.5,67.3,82.7,35.44,7,3,5
2026-05-28 08:00:00,33.3,33,2.7,978.0,52.2,69.4,36.12,8,3,5
2026-05-28 09:00:00,36.8,26,5.8,978.2,39.1,56.9,35.42,9,3,5
2026-05-28 10:00:00,39.1,23,7.9,978.2,31.5,50.1,22.48,10,3,5
2026-05-28 11:00:00,40.1,18,14.3,978.2,21.9,48.0,18.84,11,3,5
2026-05-28 12:00:00,41.7,14,13.1,977.9,19.4,45.4,15.66,12,3,5
2026-05-28 13:00:00,40.3,15,13.5,977.8,19.4,46.7,20.72,13,3,5
2026-05-28 14:00:00,40.3,15,14.7,976.9,20.0,49.0,32.839999999999996,14,3,5
2026-05-28 15:00:00,39.1,19,13.6,977.1,20.4,51.1,38.92,15,3,5
2026-05-28 16:00:00,39.3,16,13.8,977.0,20.3,51.6,48.88,16,3,5
2026-05-28 17:00:00,41.0,10,11.7,975.9,16.5,48.8,60.86,17,3,5
2026-05-28 18:00:00,38.7,13,13.4,975.8,18.1,39.5,63.779999999999994,18,3,5
2026-05-28 19:00:00,36.5,16,13.5,975.8,23.0,37.8,64.94,19,3,5
2026-05-28 20:00:00,35.4,17,9.2,976.3,25.7,37.7,59.339999999999996,20,3,5
2026-05-28 21:00:00,34.0,21,3.3,976.9,27.0,37.4,57.925,21,3,5
2026-05-28 22:00:00,33.1,25,0.8,977.0,30.9,40.9,54.725,22,3,5
2026-05-28 23:00:00,34.4,21,3.7,976.6,36.0,46.4,37.099999999999994,23,3,5
2026-05-29 00:00:00,32.9,27,1.3,975.9,38.4,48.2,34.65,0,4,5
2026-05-29 01:00:00,32.5,31,0.6,975.3,38.0,49.4,26.075,1,4,5
2026-05-29 02:00:00,30.8,27,5.0,975.1,48.7,107.1,22.675,2,4,5
2026-05-29 03:00:00,30.0,29,8.1,975.1,71.2,201.6,21.725,3,4,5
2026-05-29 04:00:00,29.3,33,5.3,975.4,89.6,262.6,23.7,4,4,5
2026-05-29 05:00:00,29.0,34,7.9,976.0,94.1,353.0,14.725,5,4,5
2026-05-29 06:00:00,28.2,40,11.9,976.9,106.2,372.5,11.575,6,4,5
2026-05-29 07:00:00,29.3,45,12.9,977.6,120.6,444.2,13.15,7,4,5
2026-05-29 08:00:00,30.8,46,11.8,978.5,143.9,506.6,10.35,8,4,5
2026-05-29 09:00:00,32.5,44,11.9,978.9,152.7,521.5,8.675,9,4,5
2026-05-29 10:00:00,34.5,40,14.1,979.0,143.9,478.7,9.225,10,4,5
2026-05-29 11:00:00,35.9,33,15.1,979.3,131.3,432.1,10.675,11,4,5
2026-05-29 12:00:00,37.4,29,13.9,978.8,123.4,419.1,15.45,12,4,5
2026-05-29 13:00:00,38.8,24,12.1,978.0,117.6,425.6,22.875,13,4,5
2026-05-29 14:00:00,39.5,21,9.7,977.0,109.2,412.6,26.425,14,4,5
2026-05-29 15:00:00,39.7,20,7.9,976.4,101.0,377.2,29.075,15,4,5
2026-05-29 16:00:00,35.3,27,22.9,977.4,94.8,342.7,34.25,16,4,5
2026-05-29 17:00:00,39.5,15,6.2,975.9,105.0,417.2,35.675,17,4,5
2026-05-29 18:00:00,36.9,22,10.9,976.7,98.7,355.8,35.55,18,4,5
2026-05-29 19:00:00,34.5,29,10.7,977.4,101.0,324.1,34.1,19,4,5
2026-05-29 20:00:00,33.3,31,13.1,977.9,106.4,330.6,32.1,20,4,5
2026-05-29 21:00:00,32.7,31,15.9,978.5,107.1,352.0,31.6,21,4,5
2026-05-29 22:00:00,31.5,35,12.4,978.8,106.2,363.2,31.4,22,4,5
2026-05-29 23:00:00,28.2,50,13.6,977.8,109.4,383.7,32.975,23,4,5
2026-05-30 00:00:00,27.3,53,12.8,977.5,112.9,399.5,34.625,0,5,5
2026-05-30 01:00:00,27.6,55,12.0,977.6,111.3,388.4,36.425,1,5,5
2026-05-30 02:00:00,28.5,57,11.4,977.9,103.8,357.6,37.2,2,5,5
2026-05-30 03:00:00,28.5,58,9.6,978.3,96.6,332.5,33.1,3,5,5
2026-05-30 04:00:00,28.0,59,10.3,978.8,106.9,391.2,7.15,4,5,5
2026-05-30 05:00:00,22.8,80,22.6,980.2,154.1,571.8,3.45,5,5,5
2026-05-30 06:00:00,22.9,89,9.5,982.3,186.3,713.4,4.766666666666667,6,5,5
2026-05-30 07:00:00,23.2,89,7.5,983.8,187.7,709.7,7.15,7,5,5
2026-05-30 08:00:00,23.6,91,11.9,983.0,134.6,454.5,7.475,8,5,5
2026-05-30 09:00:00,24.6,87,16.7,982.1,57.2,145.3,4.8,9,5,5
2026-05-30 10:00:00,27.8,67,15.0,982.7,23.3,41.2,14.4,10,5,5
2026-05-30 11:00:00,24.0,75,24.0,985.1,22.9,55.8,21.799999999999997,11,5,5
2026-05-30 12:00:00,25.4,66,16.3,983.7,31.0,96.9,25.425,12,5,5
2026-05-30 13:00:00,27.6,54,13.2,982.5,34.5,112.0,27.975,13,5,5
2026-05-30 14:00:00,27.5,52,17.4,982.1,34.9,112.2,32.775,14,5,5
2026-05-30 15:00:00,27.8,47,13.5,981.8,36.4,119.0,34.425,15,5,5
2026-05-30 16:00:00,27.8,46,13.2,981.1,39.2,136.4,36.7,16,5,5
2026-05-30 17:00:00,28.5,60,11.2,980.4,9.8,9.8,40.175,17,5,5
2026-05-30 18:00:00,27.3,64,10.3,979.8,11.1,14.0,42.375,18,5,5
2026-05-30 19:00:00,26.7,64,8.6,979.9,14.8,17.9,39.725,19,5,5
2026-05-30 20:00:00,26.0,67,7.0,980.3,17.9,20.8,42.075,20,5,5
2026-05-30 21:00:00,25.6,68,5.2,981.4,18.9,21.7,46.8,21,5,5
2026-05-30 22:00:00,25.2,71,4.5,982.0,19.6,21.8,56.375,22,5,5
2026-05-30 23:00:00,24.2,73,8.9,981.2,20.0,21.7,60.05,23,5,5
2026-05-31 00:00:00,23.4,77,6.8,980.9,19.7,20.8,57.575,0,6,5
2026-05-31 01:00:00,23.0,80,4.5,981.1,19.0,20.2,51.975,1,6,5
2026-05-31 02:00:00,22.7,83,4.8,981.7,19.8,21.4,44.6,2,6,5
2026-05-31 03:00:00,22.4,84,7.2,981.7,22.1,24.2,42.55,3,6,5
2026-05-31 04:00:00,22.2,85,7.6,981.8,23.2,26.5,36.975,4,6,5
2026-05-31 05:00:00,22.8,85,8.3,982.3,20.1,47.6,30.0,5,6,5
2026-05-31 06:00:00,22.9,81,8.6,982.6,21.8,59.4,28.925,6,6,5
2026-05-31 07:00:00,24.1,76,9.0,983.2,28.9,99.2,32.0,7,6,5
2026-05-31 08:00:00,26.2,66,11.2,984.0,39.8,157.9,24.225,8,6,5
2026-05-31 09:00:00,28.1,57,12.3,984.2,49.0,201.2,18.675,9,6,5
2026-05-31 10:00:00,29.9,51,12.2,984.3,55.9,236.1,21.759999999999998,10,6,5
2026-05-31 11:00:00,31.4,43,15.6,984.5,57.9,244.9,19.8,11,6,5
2026-05-31 12:00:00,32.3,39,14.2,983.9,56.8,239.3,21.02,12,6,5
2026-05-31 13:00:00,33.1,37,12.0,983.5,56.2,239.3,24.419999999999998,13,6,5
2026-05-31 14:00:00,33.6,34,10.7,983.0,56.5,245.9,31.880000000000003,14,6,5
2026-05-31 15:00:00,33.6,35,10.7,982.2,56.9,251.5,38.44,15,6,5
2026-05-31 16:00:00,33.3,35,11.2,981.8,57.5,257.0,43.08,16,6,5
2026-05-31 17:00:00,32.6,35,7.5,981.7,43.5,191.9,46.5,17,6,5
2026-05-31 18:00:00,31.5,40,7.6,981.5,44.4,169.5,51.0,18,6,5
2026-05-31 19:00:00,30.0,44,8.0,981.9,47.0,139.7,56.58,19,6,5
2026-05-31 20:00:00,29.3,47,9.7,982.3,47.7,129.0,60.7,20,6,5
2026-05-31 21:00:00,28.5,51,7.6,982.4,46.9,127.1,57.46,21,6,5
2026-05-31 22:00:00,27.8,54,7.0,982.8,46.9,128.5,54.94,22,6,5
2026-05-31 23:00:00,27.9,58,6.8,983.1,49.2,139.7,55.9,23,6,5
2026-06-01 00:00:00,27.0,63,4.4,982.5,52.9,158.3,66.78,0,0,6
2026-06-01 01:00:00,26.5,66,4.1,982.2,57.6,177.4,61.58,1,0,6
2026-06-01 02:00:00,25.9,67,5.2,981.9,61.9,192.3,52.54,2,0,6
2026-06-01 03:00:00,25.5,68,6.5,981.6,66.6,213.3,36.94,3,0,6
2026-06-01 04:00:00,25.2,68,6.4,981.6,70.5,229.6,23.68,4,0,6
2026-06-01 05:00:00,25.5,63,6.7,982.0,41.6,98.0,17.4,5,0,6
2026-06-01 06:00:00,25.6,63,6.8,982.3,43.5,95.9,15.12,6,0,6
2026-06-01 07:00:00,27.2,60,6.0,983.1,48.8,135.0,15.16,7,0,6
2026-06-01 08:00:00,29.2,54,6.2,983.5,61.5,248.7,12.383333333333333,8,0,6
2026-06-01 09:00:00,31.3,46,9.5,983.8,58.8,239.3,11.15,9,0,6
2026-06-01 10:00:00,32.9,41,8.7,984.1,48.1,164.4,14.9,10,0,6
2026-06-01 11:00:00,34.1,34,5.3,984.0,39.8,123.4,15.12,11,0,6
2026-06-01 12:00:00,34.7,33,4.0,983.6,36.4,105.0,15.449999999999998,12,0,6
2026-06-01 13:00:00,35.6,31,5.4,983.0,34.7,94.8,19.433333333333334,13,0,6
2026-06-01 14:00:00,34.6,34,7.3,982.2,32.6,85.0,26.566666666666666,14,0,6
2026-06-01 15:00:00,35.1,31,7.4,981.6,31.3,79.2,41.38333333333333,15,0,6
2026-06-01 16:00:00,35.0,31,8.3,981.2,31.4,77.8,48.300000000000004,16,0,6
2026-06-01 17:00:00,35.2,29,9.1,980.4,27.2,39.2,49.449999999999996,17,0,6
2026-06-01 18:00:00,34.2,33,7.2,980.3,31.4,42.6,43.800000000000004,18,0,6
2026-06-01 19:00:00,32.7,41,4.0,980.5,44.2,53.6,45.63333333333333,19,0,6
2026-06-01 20:00:00,32.3,42,4.2,980.5,59.3,70.1,43.5,20,0,6
2026-06-01 21:00:00,31.8,46,4.0,981.3,69.8,82.4,44.666666666666664,21,0,6
2026-06-01 22:00:00,30.9,51,3.1,981.8,73.1,87.1,43.43333333333334,22,0,6
2026-06-01 23:00:00,30.8,56,1.3,982.1,73.8,87.8,45.35,23,0,6
2026-06-02 00:00:00,29.3,55,4.6,981.8,72.6,85.0,51.879999999999995,0,1,6
2026-06-02 01:00:00,28.9,53,5.9,981.6,67.3,78.5,52.650000000000006,1,1,6
2026-06-02 02:00:00,28.5,51,7.8,981.5,61.2,88.7,48.9,2,1,6
2026-06-02 03:00:00,28.0,51,8.0,981.7,63.8,139.2,43.75,3,1,6
2026-06-02 04:00:00,27.5,52,5.1,981.6,75.7,215.6,39.13333333333333,4,1,6
2026-06-02 05:00:00,27.3,60,4.8,981.8,106.4,347.4,33.800000000000004,5,1,6
2026-06-02 06:00:00,27.3,61,4.4,982.2,105.2,312.9,31.733333333333334,6,1,6
2026-06-02 07:00:00,28.9,55,5.0,983.1,106.9,339.0,31.21666666666667,7,1,6
2026-06-02 08:00:00,31.0,49,5.9,983.7,102.4,338.1,29.116666666666664,8,1,6
2026-06-02 09:00:00,33.1,42,7.6,983.6,88.9,280.3,28.666666666666668,9,1,6
2026-06-02 10:00:00,34.8,35,5.2,983.6,75.9,272.9,30.25,10,1,6
2026-06-02 11:00:00,36.0,31,6.1,983.6,72.9,300.8,33.1,11,1,6
2026-06-02 12:00:00,36.8,29,4.9,982.4,61.0,252.4,33.833333333333336,12,1,6
2026-06-02 13:00:00,37.3,28,3.5,981.8,53.9,211.4,38.46666666666667,13,1,6
2026-06-02 14:00:00,37.5,28,4.2,980.8,49.7,182.1,49.666666666666664,14,1,6
2026-06-02 15:00:00,37.5,27,5.7,980.1,48.0,168.1,56.29999999999999,15,1,6
2026-06-02 16:00:00,37.1,28,7.7,979.6,48.4,163.9,30.400000000000002,16,1,6
2026-06-02 17:00:00,38.3,24,4.0,978.3,58.0,207.2,18.283333333333335,17,1,6
2026-06-02 18:00:00,37.3,25,4.7,978.5,59.3,203.5,23.21666666666667,18,1,6
2026-06-02 19:00:00,35.8,28,6.9,979.0,76.6,209.1,25.8,19,1,6
2026-06-02 20:00:00,34.6,31,7.3,979.1,96.9,231.4,35.43333333333333,20,1,6
2026-06-02 21:00:00,34.0,34,2.5,979.1,111.3,241.2,38.65,21,1,6
2026-06-02 22:00:00,33.0,34,4.3,979.3,121.1,242.1,33.11666666666667,22,1,6
2026-06-02 23:00:00,31.7,39,7.9,980.0,126.7,239.3,40.63333333333333,23,1,6
2026-06-03 00:00:00,30.5,43,7.4,980.0,125.3,229.1,44.21666666666667,0,2,6
2026-06-03 01:00:00,29.7,46,7.8,979.5,122.9,220.7,41.61666666666667,1,2,6
2026-06-03 02:00:00,28.8,50,8.3,979.1,120.1,206.8,44.38333333333333,2,2,6
2026-06-03 03:00:00,28.3,53,7.8,978.8,114.1,189.5,43.199999999999996,3,2,6
2026-06-03 04:00:00,28.1,54,8.1,979.0,103.4,164.4,31.0,4,2,6
2026-06-03 05:00:00,27.5,61,4.9,979.3,64.5,107.3,26.833333333333332,5,2,6
2026-06-03 06:00:00,27.2,64,6.9,980.0,60.5,94.5,23.7,6,2,6
2026-06-03 07:00:00,27.5,63,12.2,981.0,58.4,92.4,24.78333333333333,7,2,6
2026-06-03 08:00:00,28.3,62,7.5,980.5,52.6,97.3,26.166666666666668,8,2,6
2026-06-03 09:00:00,30.9,52,7.9,980.6,50.8,115.3,27.766666666666666,9,2,6
2026-06-03 10:00:00,33.2,42,7.9,980.6,53.3,136.0,30.599999999999998,10,2,6
2026-06-03 11:00:00,32.5,43,5.3,980.7,50.4,128.5,29.483333333333334,11,2,6
2026-06-03 12:00:00,34.5,37,2.8,980.0,48.5,122.0,27.483333333333334,12,2,6
2026-06-03 13:00:00,35.7,34,2.7,978.9,47.1,112.5,30.083333333333332,13,2,6
2026-06-03 14:00:00,36.5,31,7.0,977.7,46.1,104.3,35.11666666666667,14,2,6
2026-06-03 15:00:00,37.0,31,9.0,976.8,45.6,98.5,44.18333333333334,15,2,6
2026-06-03 16:00:00,36.9,31,9.9,976.0,45.2,93.4,50.38333333333333,16,2,6
2026-06-03 17:00:00,37.8,27,8.5,975.3,34.9,68.5,62.35,17,2,6
2026-06-03 18:00:00,36.9,29,9.3,975.1,34.3,63.8,60.44,18,2,6
2026-06-03 19:00:00,36.1,31,8.3,975.5,44.8,69.4,60.58,19,2,6
2026-06-03 20:00:00,35.2,38,1.9,975.5,56.1,80.1,63.239999999999995,20,2,6
2026-06-03 21:00:00,34.4,36,3.1,975.7,62.2,86.1,61.4,21,2,6
2026-06-03 22:00:00,33.5,40,3.4,975.8,69.4,94.8,62.379999999999995,22,2,6
2026-06-03 23:00:00,33.8,41,3.4,976.1,79.4,106.2,66.97999999999999,23,2,6
2026-06-04 00:00:00,33.0,43,1.5,975.4,84.8,112.2,73.56,0,3,6
2026-06-04 01:00:00,32.4,46,0.3,975.2,88.9,116.2,80.2,1,3,6
2026-06-04 02:00:00,30.7,50,2.1,974.9,92.4,116.9,72.28,2,3,6
2026-06-04 03:00:00,29.5,55,3.2,974.7,88.5,109.7,52.175,3,3,6
2026-06-04 04:00:00,28.9,58,2.7,974.7,79.9,97.1,39.7,4,3,6
2026-06-04 05:00:00,30.1,52,5.1,975.3,86.4,106.6,36.019999999999996,5,3,6
2026-06-04 06:00:00,29.9,52,7.5,975.7,86.1,103.6,34.36,6,3,6
2026-06-04 07:00:00,31.4,49,5.4,976.0,76.6,95.0,31.6,7,3,6
2026-06-04 08:00:00,33.7,42,7.8,976.0,61.5,87.8,29.880000000000003,8,3,6
2026-06-04 09:00:00,36.0,34,5.7,976.5,55.8,85.9,26.583333333333332,9,3,6
2026-06-04 10:00:00,26.5,75,18.7,979.2,53.2,83.8,14.533333333333333,10,3,6
2026-06-04 11:00:00,31.1,48,5.6,976.7,49.1,86.1,29.939999999999998,11,3,6
2026-06-04 12:00:00,35.7,36,4.7,976.1,46.1,92.4,24.619999999999997,12,3,6
2026-06-04 13:00:00,35.3,34,8.4,976.4,54.0,114.1,18.96,13,3,6
2026-06-04 14:00:00,34.9,36,5.0,975.8,46.4,97.1,16.639999999999997,14,3,6
2026-06-04 15:00:00,35.9,32,7.0,975.2,47.1,97.8,15.183333333333332,15,3,6
2026-06-04 16:00:00,36.1,31,5.0,975.1,46.7,88.7,19.883333333333333,16,3,6
2026-06-04 17:00:00,31.1,46,20.8,975.3,56.2,99.9,19.966666666666665,17,3,6
2026-06-04 18:00:00,28.8,53,13.6,975.3,54.0,93.1,26.966666666666665,18,3,6
2026-06-04 19:00:00,27.8,57,8.4,975.7,52.4,83.8,21.866666666666664,19,3,6
2026-06-04 20:00:00,27.2,59,7.6,976.1,52.3,77.5,22.683333333333334,20,3,6
2026-06-04 21:00:00,26.5,62,5.8,976.4,51.8,75.2,38.15,21,3,6
2026-06-04 22:00:00,26.2,66,3.6,976.6,52.0,73.1,49.48333333333333,22,3,6
2026-06-04 23:00:00,25.7,58,5.9,975.7,51.8,71.0,51.86666666666667,23,3,6
2026-06-05 00:00:00,24.9,60,6.4,976.0,51.0,68.5,47.65,0,4,6
2026-06-05 01:00:00,25.2,57,8.8,975.5,50.4,66.8,46.43333333333334,1,4,6
2026-06-05 02:00:00,24.6,62,4.8,975.5,51.1,66.6,48.48333333333333,2,4,6
2026-06-05 03:00:00,24.1,66,4.3,975.9,54.1,70.1,31.9,3,4,6
2026-06-05 04:00:00,23.7,68,4.5,976.2,57.2,73.6,30.380000000000003,4,4,6
2026-06-05 05:00:00,24.2,71,6.3,977.1,48.4,59.1,28.04,5,4,6
2026-06-05 06:00:00,24.0,73,6.5,977.7,48.8,61.2,26.82,6,4,6
2026-06-05 07:00:00,25.3,68,6.3,978.6,48.7,72.6,26.7,7,4,6
2026-06-05 08:00:00,27.5,58,6.7,979.2,46.3,75.4,27.339999999999996,8,4,6
2026-06-05 09:00:00,29.4,52,7.7,979.3,44.8,75.2,26.0,9,4,6
2026-06-05 10:00:00,31.0,49,7.3,979.3,44.0,75.2,23.740000000000002,10,4,6
2026-06-05 11:00:00,32.6,44,5.0,979.6,43.9,76.4,23.160000000000004,11,4,6
2026-06-05 12:00:00,34.0,41,4.3,979.1,43.7,77.8,23.86,12,4,6
2026-06-05 13:00:00,34.9,38,3.5,978.1,43.0,77.8,26.349999999999998,13,4,6
2026-06-05 14:00:00,35.5,35,2.8,977.5,41.4,75.0,37.11666666666667,14,4,6
2026-06-05 15:00:00,35.9,33,4.4,976.8,40.6,72.4,40.449999999999996,15,4,6
2026-06-05 16:00:00,35.9,31,6.0,976.2,39.6,69.4,51.300000000000004,16,4,6
2026-06-05 17:00:00,35.9,29,2.6,975.7,24.7,32.8,57.75,17,4,6
2026-06-05 18:00:00,35.2,32,2.9,975.8,25.4,33.9,69.21666666666667,18,4,6
2026-06-05 19:00:00,33.3,44,3.0,975.8,30.5,39.0,68.58333333333333,19,4,6
2026-06-05 20:00:00,32.2,46,3.9,976.1,41.9,50.2,76.13333333333334,20,4,6
2026-06-05 21:00:00,31.4,47,4.4,976.5,53.8,61.7,79.30000000000001,21,4,6
2026-06-05 22:00:00,31.3,49,0.6,976.8,65.9,73.6,95.5,22,4,6
2026-06-05 23:00:00,30.4,49,2.9,977.0,76.8,84.5,103.33333333333333,23,4,6
2026-06-06 00:00:00,29.9,47,4.0,976.8,79.2,86.8,98.95,0,5,6
2026-06-06 01:00:00,29.3,46,4.5,976.6,77.3,85.2,107.23333333333333,1,5,6
2026-06-06 02:00:00,28.9,44,5.5,976.2,74.0,82.4,71.46666666666667,2,5,6
2026-06-06 03:00:00,28.3,45,5.3,976.1,71.2,79.9,46.35,3,5,6
2026-06-06 04:00:00,27.7,47,4.5,976.2,70.1,77.8,34.6,4,5,6
2026-06-06 05:00:00,27.4,62,3.9,976.6,100.4,109.7,28.683333333333334,5,5,6
2026-06-06 06:00:00,27.5,58,5.1,977.1,97.3,104.8,28.316666666666666,6,5,6
2026-06-06 07:00:00,29.4,54,2.8,977.9,71.9,78.0,24.849999999999998,7,5,6
2026-06-06 08:00:00,32.2,44,3.2,978.7,41.3,48.1,18.25,8,5,6
2026-06-06 09:00:00,34.9,34,4.8,978.7,35.5,43.5,22.383333333333336,9,5,6
2026-06-06 10:00:00,36.6,29,5.0,978.7,33.3,43.4,24.883333333333336,10,5,6
2026-06-06 11:00:00,37.8,23,3.1,978.9,31.0,41.2,26.616666666666664,11,5,6
2026-06-06 12:00:00,38.6,21,4.0,978.6,29.2,39.3,26.849999999999998,12,5,6
2026-06-06 13:00:00,39.3,20,4.7,977.8,28.6,40.3,27.400000000000002,13,5,6
2026-06-06 14:00:00,39.8,19,4.4,977.0,28.5,41.8,36.766666666666666,14,5,6
2026-06-06 15:00:00,40.0,19,2.4,976.2,28.5,44.0,43.666666666666664,15,5,6
2026-06-06 16:00:00,39.8,19,4.3,975.9,28.8,46.1,46.083333333333336,16,5,6
2026-06-06 17:00:00,39.4,17,7.7,975.2,31.8,44.8,48.68333333333334,17,5,6
2026-06-06 18:00:00,38.3,18,3.7,975.3,32.2,44.6,48.333333333333336,18,5,6
2026-06-06 19:00:00,37.1,28,0.8,975.9,42.6,53.3,48.96666666666667,19,5,6
2026-06-06 20:00:00,35.7,26,3.0,976.5,50.4,61.0,49.01666666666667,20,5,6
2026-06-06 21:00:00,34.6,26,4.6,976.8,55.1,65.2,60.21666666666667,21,5,6
2026-06-06 22:00:00,34.1,27,3.9,976.7,61.5,71.5,55.13333333333333,22,5,6
2026-06-06 23:00:00,34.0,29,3.8,976.7,67.5,77.1,53.46666666666667,23,5,6
2026-06-07 00:00:00,32.9,30,4.0,976.7,70.3,79.6,51.18333333333334,0,6,6
2026-06-07 01:00:00,31.9,32,2.3,976.7,73.8,82.9,47.550000000000004,1,6,6
2026-06-07 02:00:00,30.9,34,3.4,976.7,77.1,85.9,31.983333333333334,2,6,6
2026-06-07 03:00:00,30.0,36,6.5,976.7,81.3,89.9,29.333333333333332,3,6,6
2026-06-07 04:00:00,28.7,41,4.1,976.9,85.0,93.1,28.650000000000002,4,6,6
2026-06-07 05:00:00,29.0,42,2.3,977.4,55.2,61.9,20.516666666666666,5,6,6
2026-06-07 06:00:00,29.0,42,3.1,977.8,62.4,68.9,18.150000000000002,6,6,6
2026-06-07 07:00:00,30.9,36,1.8,978.6,49.2,56.2,16.383333333333333,7,6,6
2026-06-07 08:00:00,33.7,30,2.2,978.9,40.0,48.2,16.400000000000002,8,6,6
2026-06-07 09:00:00,36.2,25,2.8,979.1,32.9,41.3,16.266666666666666,9,6,6
2026-06-07 10:00:00,38.3,20,1.3,979.0,28.2,37.6,15.466666666666667,10,6,6
2026-06-07 11:00:00,38.9,19,1.3,979.0,30.6,45.3,15.049999999999999,11,6,6
2026-06-07 12:00:00,40.3,17,2.6,978.5,31.2,47.3,16.666666666666668,12,6,6
2026-06-07 13:00:00,41.0,16,5.3,977.8,30.6,46.3,22.3,13,6,6
2026-06-07 14:00:00,41.3,16,7.4,976.7,29.9,45.2,36.483333333333334,14,6,6
2026-06-07 15:00:00,41.2,16,8.1,976.1,28.8,43.3,42.03333333333333,15,6,6
2026-06-07 16:00:00,40.9,16,10.9,975.9,27.8,41.7,42.583333333333336,16,6,6
2026-06-07 17:00:00,40.6,16,9.2,975.3,30.3,49.0,45.72,17,6,6
2026-06-07 18:00:00,39.5,17,10.5,975.1,29.6,45.2,46.3,18,6,6
2026-06-07 19:00:00,38.1,20,7.0,975.6,34.0,45.6,54.08,19,6,6
2026-06-07 20:00:00,36.7,24,8.0,976.2,36.7,46.3,55.73333333333333,20,6,6
2026-06-07 21:00:00,35.7,24,6.6,976.4,38.0,46.1,56.23333333333334,21,6,6
2026-06-07 22:00:00,34.8,25,5.2,976.3,39.9,46.9,73.94,22,6,6
2026-06-07 23:00:00,34.5,29,3.6,975.9,42.7,49.2,73.88,23,6,6
2026-06-08 00:00:00,33.4,32,3.7,975.2,46.0,52.4,77.75,0,0,6
2026-06-08 01:00:00,32.8,32,4.3,974.9,49.6,56.1,75.03999999999999,1,0,6
2026-06-08 02:00:00,32.1,33,4.6,974.6,53.2,59.8,63.1,2,0,6
2026-06-08 03:00:00,31.2,36,4.2,974.7,56.8,63.6,54.02,3,0,6
2026-06-08 04:00:00,30.5,37,4.2,974.9,61.2,68.0,47.32,4,0,6
2026-06-08 05:00:00,31.2,38,3.6,975.3,56.7,63.6,41.62,5,0,6
2026-06-08 06:00:00,31.4,39,3.5,975.7,64.7,71.9,36.94,6,0,6
2026-06-08 07:00:00,33.0,35,2.0,976.3,53.6,59.6,33.38333333333333,7,0,6
2026-06-08 08:00:00,35.5,29,1.6,976.9,38.4,46.9,32.199999999999996,8,0,6
2026-06-08 09:00:00,37.7,26,2.2,977.0,32.8,42.8,29.383333333333336,9,0,6
2026-06-08 10:00:00,39.3,23,2.7,976.9,30.0,41.0,28.900000000000002,10,0,6
2026-06-08 11:00:00,40.5,19,6.0,976.7,25.1,37.0,27.0,11,0,6
2026-06-08 12:00:00,41.5,16,7.3,976.3,20.4,32.6,29.78,12,0,6
2026-06-08 13:00:00,41.8,15,8.5,975.5,18.3,31.0,33.583333333333336,13,0,6
2026-06-08 14:00:00,42.0,15,9.9,974.6,17.3,29.9,39.916666666666664,14,0,6
2026-06-08 15:00:00,41.9,15,10.6,974.3,16.6,28.9,49.85,15,0,6
2026-06-08 16:00:00,41.5,16,11.1,973.9,16.3,28.3,54.11666666666667,16,0,6
2026-06-08 17:00:00,41.5,15,12.8,973.5,21.8,37.1,66.76666666666667,17,0,6
2026-06-08 18:00:00,40.7,16,11.4,973.4,23.3,37.6,74.96666666666667,18,0,6
2026-06-08 19:00:00,39.5,18,8.1,973.6,29.7,41.1,83.58333333333333,19,0,6
2026-06-08 20:00:00,38.1,21,6.5,973.8,35.6,46.9,84.51666666666667,20,0,6
2026-06-08 21:00:00,37.2,23,5.5,973.8,39.2,51.8,86.55,21,0,6
2026-06-08 22:00:00,36.2,25,4.2,973.9,42.3,56.3,94.63333333333333,22,0,6
2026-06-08 23:00:00,36.2,29,3.7,973.6,44.9,60.8,99.14999999999999,23,0,6
2026-06-09 00:00:00,34.8,32,3.6,973.3,46.0,64.3,90.83333333333333,0,1,6
2026-06-09 01:00:00,34.0,34,4.5,973.0,46.3,67.3,127.2,1,1,6
2026-06-09 02:00:00,33.6,35,6.2,972.8,47.0,71.0,135.15,2,1,6
2026-06-09 03:00:00,33.1,36,6.1,972.9,51.0,75.0,95.7,3,1,6
2026-06-09 04:00:00,32.5,38,5.1,972.8,56.7,78.0,76.5,4,1,6
2026-06-09 05:00:00,32.5,39,3.8,972.7,56.9,77.8,68.2,5,1,6
2026-06-09 06:00:00,32.4,40,1.5,973.2,61.2,77.8,38.083333333333336,6,1,6
2026-06-09 07:00:00,33.7,36,5.1,973.7,53.0,67.1,32.15,7,1,6
2026-06-09 08:00:00,36.2,31,3.8,974.0,47.3,67.3,29.25,8,1,6
2026-06-09 09:00:00,38.7,27,3.1,974.3,43.7,68.9,27.45,9,1,6
2026-06-09 10:00:00,40.6,22,7.5,974.5,41.4,69.4,23.616666666666664,10,1,6
2026-06-09 11:00:00,41.4,15,8.6,974.5,38.1,66.1,23.266666666666666,11,1,6
2026-06-09 12:00:00,42.4,15,6.7,974.3,35.4,61.5,23.183333333333334,12,1,6
2026-06-09 13:00:00,43.1,15,7.3,973.3,33.3,58.4,29.433333333333334,13,1,6
2026-06-09 14:00:00,43.4,14,9.8,972.5,31.1,56.9,39.7,14,1,6
2026-06-09 15:00:00,43.1,15,13.2,972.2,29.3,58.0,44.833333333333336,15,1,6
2026-06-09 16:00:00,42.5,15,13.4,972.1,29.2,63.3,49.93333333333334,16,1,6
2026-06-09 17:00:00,43.0,13,9.7,971.0,34.9,82.2,55.083333333333336,17,1,6
2026-06-09 18:00:00,41.8,14,9.5,971.1,36.4,81.0,44.6,18,1,6
2026-06-09 19:00:00,40.1,17,4.9,971.5,38.4,80.6,35.766666666666666,19,1,6
2026-06-09 20:00:00,39.0,20,4.5,971.7,41.1,85.4,35.75,20,1,6
2026-06-09 21:00:00,37.9,24,3.1,971.9,45.4,96.9,37.233333333333334,21,1,6
2026-06-09 22:00:00,36.7,27,3.6,972.3,51.3,108.5,41.339999999999996,22,1,6
2026-06-09 23:00:00,36.8,31,4.1,972.3,54.1,114.8,48.3,23,1,6
2026-06-10 00:00:00,35.6,36,4.2,972.0,54.4,119.2,50.019999999999996,0,2,6
2026-06-10 01:00:00,34.5,40,0.4,971.8,57.6,125.3,42.56,1,2,6
2026-06-10 02:00:00,33.2,40,3.2,971.5,62.9,129.9,40.54,2,2,6
2026-06-10 03:00:00,32.3,44,1.3,971.5,68.2,127.6,43.08,3,2,6
2026-06-10 04:00:00,31.1,46,2.9,971.9,68.5,116.6,50.550000000000004,4,2,6
2026-06-10 05:00:00,32.0,50,3.8,972.6,54.4,71.2,49.01666666666667,5,2,6
2026-06-10 06:00:00,31.5,53,6.1,972.9,50.5,63.1,43.9,6,2,6
2026-06-10 07:00:00,33.3,48,5.4,973.2,47.1,57.6,40.88,7,2,6
2026-06-10 08:00:00,35.9,41,6.6,973.8,42.6,59.1,39.32,8,2,6
2026-06-10 09:00:00,38.0,35,7.9,974.1,41.1,65.2,37.86,9,2,6
2026-06-10 10:00:00,40.0,30,7.6,974.1,40.3,73.3,34.28,10,2,6
2026-06-10 11:00:00,41.3,25,4.8,974.0,38.1,74.3,33.02,11,2,6
2026-06-10 12:00:00,42.7,21,4.8,973.7,33.1,64.7,32.739999999999995,12,2,6
2026-06-10 13:00:00,43.3,18,4.5,972.7,29.4,57.6,34.480000000000004,13,2,6
2026-06-10 14:00:00,43.6,18,6.3,971.9,27.2,53.2,40.86,14,2,6
2026-06-10 15:00:00,43.4,17,8.3,971.5,26.4,51.3,49.62,15,2,6
2026-06-10 16:00:00,42.8,18,12.7,971.3,26.5,51.6,52.239999999999995,16,2,6
2026-06-10 17:00:00,42.4,18,14.3,970.9,29.0,58.8,53.96,17,2,6
2026-06-10 18:00:00,41.4,16,12.9,970.9,32.1,58.7,53.866666666666674,18,2,6
2026-06-10 19:00:00,40.3,15,7.8,971.1,41.1,64.0,42.050000000000004,19,2,6
2026-06-10 20:00:00,39.1,18,4.9,971.2,47.4,71.9,23.833333333333332,20,2,6
2026-06-10 21:00:00,37.7,21,4.5,971.6,51.6,78.9,22.849999999999998,21,2,6
2026-06-10 22:00:00,37.1,30,0.4,971.8,56.6,88.7,29.583333333333332,22,2,6
2026-06-10 23:00:00,35.7,26,2.2,971.8,62.9,100.8,31.95,23,2,6
2026-06-11 00:00:00,35.2,29,0.5,971.3,69.4,106.4,29.616666666666664,0,3,6
2026-06-11 01:00:00,33.2,29,4.9,971.0,71.0,102.2,28.2,1,3,6
2026-06-11 02:00:00,32.3,33,3.2,971.0,65.9,88.2,27.816666666666666,2,3,6
2026-06-11 03:00:00,31.2,35,3.5,970.8,58.7,72.9,29.3,3,3,6
2026-06-11 04:00:00,30.6,36,10.9,971.2,50.4,57.4,29.880000000000003,4,3,6
2026-06-11 05:00:00,32.0,42,10.4,971.0,47.0,58.3,29.22,5,3,6
2026-06-11 06:00:00,31.7,44,9.7,971.4,42.6,49.4,26.580000000000002,6,3,6
2026-06-11 07:00:00,32.8,46,8.3,971.8,41.4,51.3,26.82,7,3,6
2026-06-11 08:00:00,35.1,43,9.4,972.3,51.8,98.7,31.080000000000002,8,3,6
2026-06-11 09:00:00,37.4,37,8.3,973.0,71.9,182.5,32.5,9,3,6
2026-06-11 10:00:00,39.4,32,10.1,973.0,85.4,239.3,24.88333333333333,10,3,6
2026-06-11 11:00:00,41.4,22,9.7,972.9,87.3,258.0,23.266666666666666,11,3,6
2026-06-11 12:00:00,42.7,19,8.8,972.6,87.5,279.4,26.566666666666666,12,3,6
2026-06-11 13:00:00,42.2,18,11.8,972.2,92.4,321.3,19.175,13,3,6
2026-06-11 14:00:00,42.1,17,14.2,971.8,98.3,362.3,17.925,14,3,6
2026-06-11 15:00:00,42.1,15,11.8,971.9,103.6,398.6,18.05,15,3,6
2026-06-11 16:00:00,41.7,17,8.5,971.9,105.9,417.2,17.875,16,3,6
2026-06-11 17:00:00,40.7,18,12.9,970.9,109.4,369.7,17.875,17,3,6
2026-06-11 18:00:00,38.7,23,16.2,971.6,114.6,434.0,17.3,18,3,6
2026-06-11 19:00:00,35.9,35,22.7,972.7,129.9,516.0,13.125,19,3,6
2026-06-11 20:00:00,33.1,45,21.6,974.0,151.8,596.0,11.524999999999999,20,3,6
2026-06-11 21:00:00,30.4,56,15.1,975.1,154.1,590.5,10.85,21,3,6
2026-06-11 22:00:00,30.5,59,13.5,975.2,138.3,501.1,13.5,22,3,6
2026-06-11 23:00:00,27.0,69,10.8,974.3,113.6,370.7,21.15,23,3,6
2026-06-12 00:00:00,26.7,69,14.7,974.5,88.7,256.1,29.3,0,4,6
2026-06-12 01:00:00,26.3,70,12.4,975.1,68.9,183.5,28.166666666666668,1,4,6
2026-06-12 02:00:00,25.7,72,13.0,975.1,57.2,152.7,19.566666666666666,2,4,6
2026-06-12 03:00:00,25.7,72,11.8,975.6,56.0,170.0,9.4,3,4,6
2026-06-12 04:00:00,25.7,71,11.1,976.2,69.6,250.5,9.466666666666667,4,4,6
2026-06-12 05:00:00,25.8,70,14.4,977.0,87.5,344.6,11.8,5,4,6
2026-06-12 06:00:00,25.5,74,11.0,978.0,90.6,348.3,11.3,6,4,6
2026-06-12 07:00:00,26.5,71,12.7,978.7,97.3,400.5,11.6,7,4,6
2026-06-12 08:00:00,27.9,68,13.9,979.4,102.2,421.0,10.059999999999999,8,4,6
2026-06-12 09:00:00,29.7,61,16.1,980.0,99.2,390.2,9.58,9,4,6
2026-06-12 10:00:00,31.8,53,19.2,979.5,96.2,366.9,8.48,10,4,6
2026-06-12 11:00:00,33.1,47,17.0,980.7,97.3,391.2,10.24,11,4,6
2026-06-12 12:00:00,33.7,45,13.4,981.4,100.1,423.8,14.780000000000001,12,4,6
2026-06-12 13:00:00,32.3,47,22.9,980.6,106.2,466.6,20.76,13,4,6
2026-06-12 14:00:00,31.3,50,14.2,979.6,112.7,517.8,31.919999999999998,14,4,6
2026-06-12 15:00:00,32.6,46,13.8,979.9,119.2,571.8,36.44,15,4,6
2026-06-12 16:00:00,32.3,47,15.4,979.6,121.5,597.9,6.975,16,4,6
2026-06-12 17:00:00,33.3,46,15.5,978.0,88.9,627.7,9.6,17,4,6
2026-06-12 18:00:00,32.3,51,10.5,977.7,91.3,610.9,9.860000000000001,18,4,6
2026-06-12 19:00:00,31.0,57,8.9,978.4,84.1,497.3,8.059999999999999,19,4,6
2026-06-12 20:00:00,30.4,58,9.1,978.7,76.4,367.9,11.959999999999999,20,4,6
2026-06-12 21:00:00,29.9,60,9.2,979.5,71.7,302.7,31.380000000000003,21,4,6
2026-06-12 22:00:00,29.4,61,9.8,980.0,68.9,244.0,22.240000000000002,22,4,6
2026-06-12 23:00:00,23.9,83,12.2,981.9,65.0,197.0,17.4,23,4,6
2026-06-13 00:00:00,24.2,84,13.3,979.0,57.4,156.5,20.080000000000002,0,5,6
2026-06-13 01:00:00,24.5,83,8.1,977.7,51.7,133.2,13.0,1,5,6
2026-06-13 02:00:00,24.8,81,5.9,979.9,52.0,143.9,18.1,2,5,6
2026-06-13 03:00:00,21.4,94,9.7,980.6,55.3,172.8,22.7,3,5,6
2026-06-13 04:00:00,22.0,97,3.8,981.1,59.8,197.9,24.9,4,5,6
2026-06-13 05:00:00,21.9,86,18.9,979.9,39.6,143.4,27.04,5,5,6
2026-06-13 06:00:00,22.1,89,11.2,980.0,33.2,109.7,24.04,6,5,6
2026-06-13 07:00:00,22.8,91,10.6,980.6,29.8,96.6,28.68,7,5,6
2026-06-13 08:00:00,23.3,92,13.4,981.2,24.2,67.1,28.839999999999996,8,5,6
2026-06-13 09:00:00,25.2,83,14.6,981.3,22.5,66.6,26.9,9,5,6
2026-06-13 10:00:00,27.2,75,7.7,981.6,33.5,130.9,26.02,10,5,6
2026-06-13 11:00:00,28.6,64,11.1,982.8,35.5,142.0,21.54,11,5,6
2026-06-13 12:00:00,29.0,61,12.3,982.7,37.5,152.7,21.3,12,5,6
2026-06-13 13:00:00,29.9,59,10.4,982.1,38.0,153.2,21.0,13,5,6
2026-06-13 14:00:00,30.2,58,12.3,981.5,38.3,153.2,25.04,14,5,6
2026-06-13 15:00:00,30.2,58,11.9,980.8,37.6,147.6,27.32,15,5,6
2026-06-13 16:00:00,30.4,56,11.3,980.1,37.1,142.5,35.339999999999996,16,5,6
2026-06-13 17:00:00,30.1,56,14.3,980.3,19.3,36.9,38.92,17,5,6
2026-06-13 18:00:00,28.4,64,10.4,979.7,18.1,35.0,43.160000000000004,18,5,6
2026-06-13 19:00:00,27.0,71,5.5,979.9,21.1,33.5,48.9,19,5,6
2026-06-13 20:00:00,26.2,76,5.1,979.8,27.1,37.8,50.42,20,5,6
2026-06-13 21:00:00,25.6,79,4.2,979.6,31.4,41.4,61.94000000000001,21,5,6
2026-06-13 22:00:00,25.5,80,1.4,979.4,35.2,44.9,91.36,22,5,6
2026-06-13 23:00:00,25.6,75,7.3,979.3,40.4,51.3,109.75999999999999,23,5,6
2026-06-14 00:00:00,24.9,77,3.6,979.2,47.1,59.6,143.85999999999999,0,6,6
2026-06-14 01:00:00,24.7,78,2.1,979.1,51.6,65.0,155.8,1,6,6
2026-06-14 02:00:00,24.3,80,3.1,978.6,51.6,65.2,77.84,2,6,6
2026-06-14 03:00:00,23.9,82,3.5,978.4,52.6,67.5,41.0,3,6,6
2026-06-14 04:00:00,23.6,82,4.4,978.3,54.0,71.2,29.74,4,6,6
2026-06-14 05:00:00,24.5,85,2.5,978.6,44.4,63.6,22.5,5,6,6
2026-06-14 06:00:00,25.0,81,3.9,979.0,42.3,59.1,20.98,6,6,6
2026-06-14 07:00:00,26.7,75,1.5,979.1,36.7,64.7,20.18,7,6,6
2026-06-14 08:00:00,28.7,60,3.7,979.5,32.1,65.0,20.880000000000003,8,6,6
2026-06-14 09:00:00,30.2,51,5.9,979.5,27.7,57.7,21.8,9,6,6
2026-06-14 10:00:00,31.2,48,4.4,979.5,24.6,53.0,22.119999999999997,10,6,6
2026-06-14 11:00:00,32.4,44,2.8,979.4,21.3,46.1,22.96,11,6,6
2026-06-14 12:00:00,33.1,44,1.0,979.0,18.9,40.0,22.36,12,6,6
2026-06-14 13:00:00,33.7,43,0.8,978.2,18.7,38.5,27.139999999999997,13,6,6
2026-06-14 14:00:00,34.0,42,1.9,977.4,19.1,38.3,31.939999999999998,14,6,6
2026-06-14 15:00:00,34.3,40,2.2,976.9,20.0,39.7,32.82,15,6,6
2026-06-14 16:00:00,34.3,38,2.1,976.3,20.7,40.4,42.44,16,6,6
2026-06-14 17:00:00,33.9,35,3.5,975.7,18.5,36.8,48.92,17,6,6
2026-06-14 18:00:00,31.8,52,2.8,975.5,19.8,36.6,55.52,18,6,6
2026-06-14 19:00:00,30.4,56,0.2,975.2,37.0,49.8,72.56,19,6,6
2026-06-14 20:00:00,29.7,57,3.4,975.3,53.8,67.5,76.38,20,6,6
2026-06-14 21:00:00,29.4,56,2.7,975.8,70.5,84.8,82.42,21,6,6
2026-06-14 22:00:00,28.9,57,2.7,976.2,78.7,92.9,103.05,22,6,6
2026-06-14 23:00:00,29.2,60,4.7,976.0,77.5,92.2,111.275,23,6,6
2026-06-15 00:00:00,28.7,61,4.7,975.7,75.7,90.6,126.94999999999999,0,0,6
2026-06-15 01:00:00,28.5,61,3.1,975.4,75.9,91.0,137.175,1,0,6
2026-06-15 02:00:00,28.2,63,0.9,975.6,79.2,93.8,111.425,2,0,6
2026-06-15 03:00:00,28.0,63,0.0,975.7,78.7,91.0,49.575,3,0,6
2026-06-15 04:00:00,27.2,64,2.1,975.8,70.5,80.6,36.8,4,0,6
2026-06-15 05:00:00,27.3,67,6.0,976.2,51.8,61.7,28.675,5,0,6
2026-06-15 06:00:00,27.3,68,6.3,976.6,52.6,60.1,27.325,6,0,6
2026-06-15 07:00:00,29.0,65,4.9,977.4,49.4,56.6,32.575,7,0,6
2026-06-15 08:00:00,28.3,64,16.6,978.8,37.5,45.4,34.4,8,0,6
2026-06-15 09:00:00,29.2,60,7.9,979.8,30.4,35.7,28.950000000000003,9,0,6
2026-06-15 10:00:00,30.9,55,9.1,980.2,26.7,32.1,25.650000000000002,10,0,6
2026-06-15 11:00:00,32.8,50,4.4,979.2,26.4,38.6,24.775,11,0,6
2026-06-15 12:00:00,33.1,47,4.5,978.9,27.8,49.2,24.55,12,0,6
2026-06-15 13:00:00,33.3,46,4.2,978.2,29.3,56.5,24.34,13,0,6
2026-06-15 14:00:00,34.4,44,4.8,977.9,30.3,58.6,28.22,14,0,6
2026-06-15 15:00:00,34.4,42,4.0,977.5,31.8,61.9,33.88,15,0,6
2026-06-15 16:00:00,34.6,40,2.6,977.0,34.9,70.3,39.239999999999995,16,0,6
2026-06-15 17:00:00,34.8,38,1.7,976.4,48.0,102.2,52.06,17,0,6
2026-06-15 18:00:00,33.6,54,0.9,976.6,49.7,96.2,57.02,18,0,6
2026-06-15 19:00:00,31.5,61,4.4,976.9,47.7,74.0,50.54,19,0,6
2026-06-15 20:00:00,30.2,63,6.0,976.9,45.3,67.8,50.78,20,0,6
2026-06-15 21:00:00,29.3,63,6.3,977.5,44.1,65.9,55.5,21,0,6
2026-06-15 22:00:00,28.5,64,5.8,977.8,44.4,66.4,60.86,22,0,6
2026-06-15 23:00:00,29.0,65,5.2,978.2,45.3,68.0,78.36,23,0,6
2026-06-16 00:00:00,28.0,68,4.5,977.6,46.2,69.8,61.839999999999996,0,1,6
2026-06-16 01:00:00,27.4,70,4.5,977.3,47.0,71.2,24.48,1,1,6
2026-06-16 02:00:00,27.1,71,4.7,977.2,47.5,70.3,19.68,2,1,6
2026-06-16 03:00:00,26.7,73,4.7,977.5,46.9,66.8,41.32,3,1,6
2026-06-16 04:00:00,26.3,75,4.4,978.1,45.9,62.4,25.3,4,1,6
2026-06-16 05:00:00,26.8,79,6.4,978.5,40.7,53.4,19.8,5,1,6
2026-06-16 06:00:00,26.0,71,12.2,979.8,40.4,53.4,24.14,6,1,6
2026-06-16 07:00:00,24.9,80,4.5,980.5,43.4,66.6,37.36,7,1,6
2026-06-16 08:00:00,24.9,90,8.2,980.1,47.1,85.0,42.62,8,1,6
2026-06-16 09:00:00,25.6,85,11.4,980.3,47.5,91.0,43.92,9,1,6
2026-06-16 10:00:00,28.1,71,9.7,980.7,46.6,90.3,44.8,10,1,6
2026-06-16 11:00:00,29.8,56,11.9,981.4,47.3,94.3,44.56,11,1,6
2026-06-16 12:00:00,30.6,53,5.7,981.6,47.0,95.9,44.125,12,1,6
2026-06-16 13:00:00,31.8,52,6.0,980.6,46.3,95.2,47.025,13,1,6
2026-06-16 14:00:00,32.4,52,4.6,979.4,48.5,99.9,54.575,14,1,6
2026-06-16 15:00:00,33.1,51,1.2,979.1,46.3,91.7,46.675,15,1,6
2026-06-16 16:00:00,33.1,50,3.7,978.9,47.5,92.7,44.525,16,1,6
2026-06-16 17:00:00,32.9,43,3.7,977.9,39.1,65.0,38.275,17,1,6
2026-06-16 18:00:00,32.5,46,1.1,978.1,40.5,64.3,42.45,18,1,6
2026-06-16 19:00:00,31.2,62,0.4,978.4,45.2,61.7,41.6,19,1,6
2026-06-16 20:00:00,30.7,63,2.5,978.6,48.1,62.6,50.949999999999996,20,1,6
2026-06-16 21:00:00,29.8,64,4.9,979.2,51.7,63.6,72.65,21,1,6
2026-06-16 22:00:00,29.1,67,4.9,979.3,54.6,65.0,67.56,22,1,6
2026-06-16 23:00:00,29.4,69,4.7,979.4,52.6,65.9,60.2,23,1,6
2026-06-17 00:00:00,29.0,72,3.0,978.9,55.1,68.2,61.56,0,2,6
2026-06-17 01:00:00,28.5,73,0.7,978.9,59.1,72.2,76.56,1,2,6
2026-06-17 02:00:00,27.3,80,3.4,979.0,64.7,79.4,68.11999999999999,2,2,6
2026-06-17 03:00:00,26.8,82,4.0,979.2,68.7,85.4,58.64,3,2,6
2026-06-17 04:00:00,26.4,84,3.5,979.5,72.6,90.3,54.56,4,2,6
2026-06-17 05:00:00,26.8,86,3.3,979.4,62.4,75.9,49.9,5,2,6
2026-06-17 06:00:00,27.0,85,3.4,979.8,62.6,76.1,46.56,6,2,6
2026-06-17 07:00:00,28.2,81,3.2,980.3,55.9,83.4,47.760000000000005,7,2,6
2026-06-17 08:00:00,30.0,72,3.1,980.8,52.6,93.6,52.56,8,2,6
2026-06-17 09:00:00,31.5,64,4.9,981.1,50.4,92.4,52.42,9,2,6
2026-06-17 10:00:00,32.8,57,5.1,980.9,47.5,81.7,50.82,10,2,6
2026-06-17 11:00:00,34.0,44,3.3,981.1,47.7,77.1,48.56,11,2,6
2026-06-17 12:00:00,34.6,40,3.7,980.6,47.6,74.7,46.2,12,2,6
2026-06-17 13:00:00,34.8,39,2.9,979.9,47.5,73.3,45.32,13,2,6
2026-06-17 14:00:00,35.0,38,1.6,979.1,47.4,71.9,45.42,14,2,6
2026-06-17 15:00:00,35.0,38,2.7,978.7,47.5,70.3,47.88,15,2,6
2026-06-17 16:00:00,34.9,39,2.3,978.0,47.5,69.2,48.58,16,2,6
2026-06-17 17:00:00,35.8,37,2.2,976.8,49.6,76.4,45.82,17,2,6
2026-06-17 18:00:00,35.0,42,4.3,976.8,49.2,74.3,26.54,18,2,6
2026-06-17 19:00:00,33.0,56,2.8,977.2,57.7,75.4,26.119999999999997,19,2,6
2026-06-17 20:00:00,32.2,64,0.6,977.5,71.9,92.0,26.660000000000004,20,2,6
2026-06-17 21:00:00,31.4,68,2.3,977.8,85.2,105.5,33.775,21,2,6
2026-06-17 22:00:00,30.7,70,2.9,978.0,90.6,109.2,31.275,22,2,6
2026-06-17 23:00:00,30.5,64,4.9,979.0,83.8,100.4,33.925,23,2,6
2026-06-18 00:00:00,29.6,67,4.5,978.4,79.9,95.5,35.375,0,3,6
2026-06-18 01:00:00,29.1,68,4.2,977.9,80.6,97.1,40.2,1,3,6
2026-06-18 02:00:00,28.6,68,4.1,977.5,82.7,99.2,33.775,2,3,6
2026-06-18 03:00:00,28.0,69,4.4,977.7,80.1,94.1,34.55,3,3,6
2026-06-18 04:00:00,27.5,71,4.5,977.9,78.2,90.1,33.875,4,3,6
2026-06-18 05:00:00,27.3,73,4.8,978.3,83.4,92.2,34.575,5,3,6
2026-06-18 06:00:00,27.5,72,4.5,978.7,84.3,92.2,33.86,6,3,6
2026-06-18 07:00:00,28.8,69,3.1,979.1,72.6,84.5,36.3,7,3,6
2026-06-18 08:00:00,30.6,61,3.8,979.6,57.3,71.2,41.9,8,3,6
2026-06-18 09:00:00,32.2,56,3.3,979.7,53.7,67.5,44.660000000000004,9,3,6
2026-06-18 10:00:00,33.8,50,2.9,979.9,50.4,65.2,44.019999999999996,10,3,6
2026-06-18 11:00:00,35.0,42,2.0,980.0,45.3,61.9,40.6,11,3,6
2026-06-18 12:00:00,35.8,41,1.2,979.5,41.9,59.1,37.94,12,3,6
2026-06-18 13:00:00,36.5,37,0.7,978.6,40.4,58.1,37.339999999999996,13,3,6
2026-06-18 14:00:00,36.8,35,1.0,978.0,39.7,57.9,40.4,14,3,6
2026-06-18 15:00:00,36.6,35,2.0,977.4,38.9,57.4,42.94,15,3,6
2026-06-18 16:00:00,36.5,33,7.7,977.2,37.5,55.6,38.260000000000005,16,3,6
2026-06-18 17:00:00,37.0,33,4.7,975.8,42.8,64.7,20.919999999999998,17,3,6
2026-06-18 18:00:00,35.7,41,5.1,975.6,42.0,60.8,25.3,18,3,6
2026-06-18 19:00:00,34.0,45,4.9,976.2,45.4,62.6,29.78,19,3,6
2026-06-18 20:00:00,33.0,44,5.7,976.7,49.8,65.4,30.380000000000003,20,3,6
2026-06-18 21:00:00,31.8,52,4.5,977.2,51.1,66.8,33.42,21,3,6
2026-06-18 22:00:00,31.2,58,3.7,977.4,48.8,64.5,33.3,22,3,6
2026-06-18 23:00:00,30.2,55,12.9,978.3,41.1,56.3,31.580000000000002,23,3,6
2026-06-19 00:00:00,28.9,59,5.2,977.4,37.1,49.2,36.4,0,4,6
2026-06-19 01:00:00,28.2,65,3.6,977.1,36.2,48.0,36.82,1,4,6
2026-06-19 02:00:00,28.2,62,5.0,976.8,36.1,47.1,38.980000000000004,2,4,6
2026-06-19 03:00:00,27.8,65,4.3,977.2,35.6,46.4,47.1,3,4,6
2026-06-19 04:00:00,27.1,70,3.4,978.0,35.7,46.4,43.4,4,4,6
2026-06-19 05:00:00,26.9,70,10.0,977.7,40.2,53.7,37.06,5,4,6
2026-06-19 06:00:00,26.9,71,6.1,978.0,42.1,54.4,37.94,6,4,6
2026-06-19 07:00:00,27.0,70,14.8,978.9,43.5,58.4,39.279999999999994,7,4,6
2026-06-19 08:00:00,25.8,77,5.8,979.6,44.0,62.2,38.02,8,4,6
2026-06-19 09:00:00,27.7,72,4.8,979.6,42.5,64.3,35.760000000000005,9,4,6
2026-06-19 10:00:00,31.4,52,5.8,980.3,41.8,65.9,25.919999999999998,10,4,6
2026-06-19 11:00:00,32.4,47,4.4,980.1,41.2,66.6,30.060000000000002,11,4,6
2026-06-19 12:00:00,33.5,44,4.6,979.8,41.2,68.0,32.42,12,4,6
2026-06-19 13:00:00,34.4,42,3.1,979.6,41.8,70.3,30.3,13,4,6
2026-06-19 14:00:00,35.1,40,2.1,979.0,41.2,71.2,31.18,14,4,6
2026-06-19 15:00:00,34.7,39,3.9,978.8,40.4,71.5,41.62,15,4,6
2026-06-19 16:00:00,33.8,42,5.8,978.2,39.6,70.5,43.38,16,4,6
2026-06-19 17:00:00,31.6,51,5.0,978.5,42.4,63.6,56.67999999999999,17,4,6
2026-06-19 18:00:00,32.6,48,4.7,978.6,42.6,62.6,63.239999999999995,18,4,6
2026-06-19 19:00:00,31.8,51,3.7,978.6,50.5,65.7,81.75,19,4,6
2026-06-19 20:00:00,30.9,57,3.4,978.8,65.0,81.0,70.975,20,4,6
2026-06-19 21:00:00,30.4,63,1.6,979.2,78.9,95.5,73.25,21,4,6
2026-06-19 22:00:00,29.9,65,1.3,979.3,94.3,110.6,77.45,22,4,6
2026-06-19 23:00:00,31.1,56,4.3,979.5,105.2,121.5,70.2,23,4,6
2026-06-20 00:00:00,30.0,59,5.3,979.0,109.4,125.7,56.725,0,5,6
2026-06-20 01:00:00,29.1,62,6.1,978.7,107.3,122.9,72.85,1,5,6
2026-06-20 02:00:00,28.5,64,6.2,978.8,109.2,125.3,56.05,2,5,6
2026-06-20 03:00:00,27.9,67,4.9,978.3,113.9,129.9,55.1,3,5,6
2026-06-20 04:00:00,27.5,70,3.1,978.5,117.6,134.1,38.675,4,5,6
2026-06-20 05:00:00,27.2,79,1.3,978.4,81.3,92.4,35.65,5,5,6
2026-06-20 06:00:00,27.4,80,1.3,978.7,81.7,92.2,31.85,6,5,6
2026-06-20 07:00:00,29.5,65,2.2,979.3,69.4,80.1,29.35,7,5,6
2026-06-20 08:00:00,31.7,52,2.6,980.0,46.9,59.5,27.8,8,5,6
2026-06-20 09:00:00,33.6,44,2.9,980.2,40.2,53.7,27.674999999999997,9,5,6
2026-06-20 10:00:00,35.1,39,4.3,980.2,36.6,51.5,29.0,10,5,6
2026-06-20 11:00:00,36.1,34,5.6,980.4,35.4,50.6,28.375,11,5,6
2026-06-20 12:00:00,36.7,33,5.6,979.9,34.7,49.8,28.575,12,5,6
2026-06-20 13:00:00,37.4,30,5.6,979.2,34.0,49.4,31.475,13,5,6
2026-06-20 14:00:00,37.8,29,6.4,978.7,33.2,49.6,35.725,14,5,6
2026-06-20 15:00:00,37.1,29,8.0,978.0,32.1,49.8,35.925,15,5,6
2026-06-20 16:00:00,37.4,28,6.9,977.6,31.3,50.5,38.75,16,5,6
2026-06-20 17:00:00,38.0,26,8.2,977.0,27.8,47.7,44.625,17,5,6
2026-06-20 18:00:00,37.0,27,7.4,976.9,29.2,47.5,50.225,18,5,6
2026-06-20 19:00:00,35.8,31,5.6,977.3,36.0,51.1,53.125,19,5,6
2026-06-20 20:00:00,34.7,33,7.7,977.5,40.2,55.8,50.9,20,5,6
2026-06-20 21:00:00,33.7,36,7.7,978.0,42.0,61.0,53.775000000000006,21,5,6
2026-06-20 22:00:00,33.1,38,6.9,977.9,46.0,68.7,51.675,22,5,6
2026-06-20 23:00:00,33.2,40,7.1,978.0,50.5,75.7,51.6,23,5,6
2026-06-21 00:00:00,32.4,43,7.1,977.5,52.3,79.2,107.3,0,6,6
2026-06-21 01:00:00,31.4,49,7.9,977.3,52.7,81.5,109.125,1,6,6
2026-06-21 02:00:00,30.8,54,7.2,976.9,53.4,83.1,93.425,2,6,6
2026-06-21 03:00:00,30.2,57,5.8,976.8,54.1,83.4,58.224999999999994,3,6,6
2026-06-21 04:00:00,29.7,59,4.5,976.9,54.8,83.6,39.475,4,6,6
2026-06-21 05:00:00,30.0,65,3.2,977.0,51.9,89.9,35.225,5,6,6
2026-06-21 06:00:00,30.2,62,3.5,977.3,53.9,90.3,34.325,6,6,6
2026-06-21 07:00:00,31.3,58,0.4,977.8,53.4,93.1,33.725,7,6,6
2026-06-21 08:00:00,33.3,51,1.8,978.3,51.6,98.5,32.199999999999996,8,6,6
2026-06-21 09:00:00,34.9,42,4.0,978.1,47.8,96.4,31.475,9,6,6
2026-06-21 10:00:00,35.5,38,10.6,978.4,42.6,91.3,29.125,10,6,6
2026-06-21 11:00:00,37.0,29,9.6,977.7,43.8,97.3,28.2,11,6,6
2026-06-21 12:00:00,37.4,29,8.5,977.4,44.9,100.8,25.5,12,6,6
2026-06-21 13:00:00,37.6,28,10.7,977.0,45.3,102.0,29.4,13,6,6
2026-06-21 14:00:00,37.1,29,7.7,976.3,42.0,93.8,29.35,14,6,6
2026-06-21 15:00:00,37.6,28,7.0,976.1,39.3,87.1,30.15,15,6,6
2026-06-21 16:00:00,37.7,27,8.3,976.0,37.6,82.2,21.775,16,6,6
2026-06-21 17:00:00,35.1,33,17.8,975.3,35.9,76.1,20.45,17,6,6
2026-06-21 18:00:00,32.6,44,7.3,975.6,35.5,68.0,28.575,18,6,6
2026-06-21 19:00:00,32.1,47,7.2,976.0,36.7,66.8,30.825000000000003,19,6,6
2026-06-21 20:00:00,31.5,52,1.9,976.2,39.1,65.7,32.45,20,6,6
2026-06-21 21:00:00,30.9,56,3.9,976.5,40.4,64.7,34.775,21,6,6
2026-06-21 22:00:00,30.2,59,4.8,976.8,41.4,61.5,31.875,22,6,6
2026-06-21 23:00:00,27.1,62,10.1,977.4,42.7,60.3,36.375,23,6,6
2026-06-22 00:00:00,27.0,64,8.3,976.9,42.3,58.7,40.325,0,0,6
2026-06-22 01:00:00,27.0,63,7.9,976.5,42.3,57.6,42.125,1,0,6
2026-06-22 02:00:00,27.2,68,3.1,976.3,43.1,56.6,42.375,2,0,6
2026-06-22 03:00:00,26.8,65,10.2,976.8,44.8,59.3,37.625,3,0,6
2026-06-22 04:00:00,26.3,64,8.9,977.0,45.6,59.5,32.025,4,0,6
2026-06-22 05:00:00,26.6,69,4.4,977.8,34.3,46.3,20.96,5,0,6
2026-06-22 06:00:00,26.2,70,3.6,978.2,36.4,48.1,20.619999999999997,6,0,6
2026-06-22 07:00:00,26.9,67,4.1,979.3,38.5,54.1,21.380000000000003,7,0,6
2026-06-22 08:00:00,28.6,60,5.3,979.7,38.8,58.4,22.44,8,0,6
2026-06-22 09:00:00,30.2,54,6.0,980.1,37.5,59.6,23.9,9,0,6
2026-06-22 10:00:00,31.6,49,4.2,980.1,37.6,61.0,20.56,10,0,6
2026-06-22 11:00:00,33.6,43,3.6,979.9,37.8,62.6,17.54,11,0,6
2026-06-22 12:00:00,34.8,40,2.0,979.6,38.5,64.3,18.36,12,0,6
2026-06-22 13:00:00,34.5,40,7.7,979.2,39.0,65.7,21.919999999999998,13,0,6
2026-06-22 14:00:00,32.8,45,8.9,978.3,41.1,69.6,29.679999999999996,14,0,6
2026-06-22 15:00:00,32.7,46,8.0,978.1,38.3,64.3,36.980000000000004,15,0,6
2026-06-22 16:00:00,32.9,47,4.2,977.5,36.6,62.6,40.46,16,0,6
2026-06-22 17:00:00,35.3,35,9.2,976.3,27.3,39.6,38.32,17,0,6
2026-06-22 18:00:00,34.6,37,7.0,976.3,26.5,38.6,40.44,18,0,6
2026-06-22 19:00:00,34.1,38,4.5,976.7,32.0,41.9,42.36,19,0,6
2026-06-22 20:00:00,33.4,40,6.0,976.8,37.6,46.3,43.12,20,0,6
2026-06-22 21:00:00,32.8,44,2.7,977.2,39.0,48.3,52.32000000000001,21,0,6
2026-06-22 22:00:00,32.1,47,2.4,977.2,39.9,51.1,55.839999999999996,22,0,6
2026-06-22 23:00:00,32.2,47,3.4,976.9,42.8,56.2,66.32,23,0,6
2026-06-23 00:00:00,31.3,54,1.3,976.6,45.8,61.0,74.24,0,1,6
2026-06-23 01:00:00,30.8,55,1.4,976.4,45.6,61.2,72.26,1,1,6
2026-06-23 02:00:00,30.2,57,1.2,976.4,46.3,63.3,59.3,2,1,6
2026-06-23 03:00:00,29.5,61,0.8,976.2,48.5,66.8,45.14,3,1,6
2026-06-23 04:00:00,29.2,66,0.0,976.1,51.7,70.3,40.3,4,1,6
2026-06-23 05:00:00,29.7,60,1.3,976.0,72.6,94.8,34.0,5,1,6
2026-06-23 06:00:00,29.6,60,4.2,976.1,76.1,95.5,33.06,6,1,6
2026-06-23 07:00:00,31.0,55,2.8,976.5,60.8,79.4,37.160000000000004,7,1,6
2026-06-23 08:00:00,33.1,45,4.6,976.9,42.6,58.6,41.7,8,1,6
2026-06-23 09:00:00,34.6,39,6.2,976.9,32.6,45.9,41.260000000000005,9,1,6
2026-06-23 10:00:00,34.8,39,8.5,976.9,28.1,43.9,35.440000000000005,10,1,6
2026-06-23 11:00:00,33.2,45,4.8,977.2,28.1,48.1,32.88,11,1,6
2026-06-23 12:00:00,35.9,35,6.5,976.5,29.3,54.2,31.04,12,1,6
2026-06-23 13:00:00,37.2,30,5.1,975.6,31.0,60.3,30.9,13,1,6
2026-06-23 14:00:00,37.8,29,7.0,974.7,31.7,62.6,37.8,14,1,6
2026-06-23 15:00:00,38.0,28,7.8,974.0,31.8,62.6,41.480000000000004,15,1,6
2026-06-23 16:00:00,37.8,28,9.9,973.5,31.3,61.7,47.14,16,1,6
2026-06-23 17:00:00,37.2,30,9.0,972.8,36.9,82.4,52.9,17,1,6
2026-06-23 18:00:00,36.5,32,9.0,972.9,37.5,77.1,65.67999999999999,18,1,6
2026-06-23 19:00:00,35.6,34,9.4,973.2,40.3,78.5,87.42,19,1,6
2026-06-23 20:00:00,35.1,35,8.6,973.5,47.6,81.3,87.775,20,1,6
2026-06-23 21:00:00,34.5,36,5.4,973.9,54.0,88.0,85.025,21,1,6
2026-06-23 22:00:00,33.6,40,3.1,974.3,55.9,87.5,74.875,22,1,6
2026-06-23 23:00:00,34.2,40,4.0,974.2,55.3,87.3,67.625,23,1,6
2026-06-24 00:00:00,32.5,49,7.8,974.5,54.1,85.7,74.9,0,2,6
2026-06-24 01:00:00,31.7,52,5.8,974.5,53.6,85.2,89.75,1,2,6
2026-06-24 02:00:00,31.1,55,4.8,974.5,53.3,85.2,80.875,2,2,6
2026-06-24 03:00:00,29.4,56,11.6,975.4,53.9,88.2,68.025,3,2,6
2026-06-24 04:00:00,28.2,63,8.2,975.5,56.0,92.7,56.25,4,2,6
2026-06-24 05:00:00,30.7,62,1.2,974.9,41.8,63.6,42.1,5,2,6
2026-06-24 06:00:00,29.2,59,12.4,975.9,41.2,58.4,41.475,6,2,6
2026-06-24 07:00:00,30.2,56,2.5,975.8,43.1,65.9,46.75,7,2,6
2026-06-24 08:00:00,32.3,50,7.4,976.4,44.8,80.8,44.260000000000005,8,2,6
2026-06-24 09:00:00,34.5,42,7.8,976.8,46.8,92.0,41.12,9,2,6
2026-06-24 10:00:00,36.3,35,6.7,976.9,50.2,105.2,42.46666666666667,10,2,6
2026-06-24 11:00:00,37.8,27,6.1,976.5,51.9,114.6,43.699999999999996,11,2,6
2026-06-24 12:00:00,38.8,26,4.8,976.0,50.3,113.9,40.88333333333333,12,2,6
2026-06-24 13:00:00,39.2,25,4.4,975.2,46.8,105.5,39.0,13,2,6
2026-06-24 14:00:00,39.4,26,5.6,974.5,43.3,96.4,42.43333333333333,14,2,6
2026-06-24 15:00:00,39.5,26,6.7,974.2,41.0,90.6,49.26666666666667,15,2,6
2026-06-24 16:00:00,38.8,28,6.5,973.7,40.2,88.7,52.949999999999996,16,2,6
2026-06-24 17:00:00,37.2,33,8.5,973.2,40.3,88.5,48.63333333333333,17,2,6
2026-06-24 18:00:00,36.7,33,9.9,973.5,42.4,87.3,44.199999999999996,18,2,6
2026-06-24 19:00:00,35.4,37,12.6,973.5,46.6,88.7,33.43333333333333,19,2,6
2026-06-24 20:00:00,33.8,44,10.4,973.9,54.1,91.5,27.916666666666668,20,2,6
2026-06-24 21:00:00,32.9,47,10.3,974.8,59.5,97.1,23.880000000000003,21,2,6
2026-06-24 22:00:00,32.4,48,10.5,975.6,63.1,102.2,25.04,22,2,6
2026-06-24 23:00:00,32.1,51,10.1,975.7,60.5,100.4,47.120000000000005,23,2,6
2026-06-25 00:00:00,31.2,55,9.9,975.8,55.3,95.5,34.54,0,3,6
2026-06-25 01:00:00,30.8,57,10.7,975.7,52.6,92.0,24.240000000000002,1,3,6
2026-06-25 02:00:00,30.3,58,10.2,975.6,51.9,92.9,26.839999999999996,2,3,6
2026-06-25 03:00:00,29.8,60,9.7,975.4,52.2,94.1,29.46,3,3,6
2026-06-25 04:00:00,29.4,63,7.7,975.9,52.0,94.3,23.66,4,3,6
2026-06-25 05:00:00,24.5,94,18.5,978.5,53.4,96.9,26.26,5,3,6
2026-06-25 06:00:00,24.3,94,16.6,978.7,54.4,89.6,26.380000000000003,6,3,6
2026-06-25 07:00:00,24.7,92,15.0,979.1,53.7,85.4,31.920000000000005,7,3,6
2026-06-25 08:00:00,25.6,84,13.6,979.7,51.9,93.8,34.64,8,3,6
2026-06-25 09:00:00,26.4,78,12.1,980.4,47.7,90.1,34.2,9,3,6
2026-06-25 10:00:00,26.9,76,11.4,980.1,43.4,81.7,35.96,10,3,6
2026-06-25 11:00:00,28.4,66,12.3,980.1,41.0,73.8,35.1,11,3,6
2026-06-25 12:00:00,27.4,72,10.7,979.6,39.8,69.4,34.94,12,3,6
2026-06-25 13:00:00,28.4,69,9.4,979.0,39.7,67.8,38.38,13,3,6
2026-06-25 14:00:00,29.5,67,6.8,978.4,40.3,67.3,37.839999999999996,14,3,6
2026-06-25 15:00:00,30.1,66,4.9,977.6,40.2,65.9,41.26,15,3,6
2026-06-25 16:00:00,30.4,65,5.8,976.9,40.5,65.7,45.14,16,3,6
2026-06-25 17:00:00,32.2,54,3.2,976.5,52.5,125.3,41.0,17,3,6
2026-06-25 18:00:00,32.0,56,3.2,976.7,53.2,125.7,40.0,18,3,6
2026-06-25 19:00:00,30.9,65,3.2,976.9,57.7,109.9,39.4,19,3,6
2026-06-25 20:00:00,30.2,68,4.0,976.9,66.6,110.1,43.4,20,3,6
2026-06-25 21:00:00,29.8,71,2.7,977.3,69.8,109.9,60.64,21,3,6
2026-06-25 22:00:00,28.9,74,4.3,977.5,68.7,103.6,42.64,22,3,6
2026-06-25 23:00:00,29.5,72,6.2,977.4,66.6,99.0,27.1,23,3,6
2026-06-26 00:00:00,28.9,74,4.2,977.2,62.9,94.5,28.959999999999997,0,4,6
2026-06-26 01:00:00,28.6,75,3.9,977.3,60.3,91.3,28.619999999999997,1,4,6
2026-06-26 02:00:00,28.3,76,4.6,977.2,59.8,89.4,30.78,2,4,6
2026-06-26 03:00:00,28.0,79,3.4,977.3,60.1,88.5,30.28,3,4,6
2026-06-26 04:00:00,27.7,81,3.1,977.8,59.8,86.1,29.74,4,4,6
2026-06-26 05:00:00,28.1,78,4.4,978.0,56.6,75.9,31.76,5,4,6
2026-06-26 06:00:00,28.3,77,1.3,978.5,57.3,75.9,33.94,6,4,6
2026-06-26 07:00:00,29.1,75,3.0,979.2,55.9,80.1,37.18,7,4,6
2026-06-26 08:00:00,30.4,68,4.5,979.8,52.3,89.4,37.480000000000004,8,4,6
2026-06-26 09:00:00,31.8,64,4.5,979.8,53.8,105.9,44.42,9,4,6
2026-06-26 10:00:00,32.8,60,3.5,979.8,55.4,114.6,45.5,10,4,6
2026-06-26 11:00:00,33.6,55,2.2,980.0,53.3,105.9,44.2,11,4,6
2026-06-26 12:00:00,34.7,52,4.6,979.5,53.6,102.0,43.5,12,4,6
2026-06-26 13:00:00,35.3,49,8.8,978.8,53.6,98.7,45.06,13,4,6
2026-06-26 14:00:00,35.2,48,9.7,978.1,52.6,93.8,48.3,14,4,6
2026-06-26 15:00:00,35.0,49,7.8,977.4,52.9,91.3,56.080000000000005,15,4,6
2026-06-26 16:00:00,35.0,49,6.8,976.9,51.9,86.8,59.760000000000005,16,4,6
2026-06-26 17:00:00,35.8,41,2.1,976.1,60.5,91.0,64.74,17,4,6
2026-06-26 18:00:00,34.5,56,1.3,976.3,60.8,88.2,73.62,18,4,6
2026-06-26 19:00:00,32.9,61,0.4,976.6,77.1,99.2,83.24,19,4,6
2026-06-26 20:00:00,31.7,69,1.2,977.0,92.0,114.3,87.2,20,4,6
2026-06-26 21:00:00,31.3,73,1.1,977.3,98.0,118.5,82.16,21,4,6
2026-06-26 22:00:00,30.9,74,1.9,977.7,104.8,125.3,86.26,22,4,6
2026-06-26 23:00:00,31.7,72,1.0,977.8,106.9,128.1,92.24,23,4,6
2026-06-27 00:00:00,30.8,73,1.2,977.5,98.5,120.6,96.9,0,5,6
2026-06-27 01:00:00,29.8,79,3.6,977.3,94.5,119.0,93.1,1,5,6
2026-06-27 02:00:00,29.7,80,2.8,977.1,94.8,122.0,68.9,2,5,6
2026-06-27 03:00:00,29.5,80,2.2,977.3,97.3,128.5,55.64,3,5,6
2026-06-27 04:00:00,29.0,82,2.5,977.4,102.9,139.2,46.32,4,5,6
2026-06-27 05:00:00,29.2,86,0.5,977.3,106.4,130.9,42.5,5,5,6
2026-06-27 06:00:00,29.1,86,4.2,977.7,106.4,130.4,41.96,6,5,6
2026-06-27 07:00:00,30.6,78,4.6,978.2,96.4,126.7,42.260000000000005,7,5,6
2026-06-27 08:00:00,32.4,67,5.3,978.6,77.5,124.3,40.46,8,5,6
2026-06-27 09:00:00,34.1,57,5.9,978.6,72.9,124.3,39.7,9,5,6
2026-06-27 10:00:00,35.4,50,5.4,978.6,71.5,118.7,40.22,10,5,6
2026-06-27 11:00:00,36.3,47,5.2,978.6,68.2,109.7,40.06,11,5,6
2026-06-27 12:00:00,36.8,45,4.7,978.1,65.4,103.8,39.760000000000005,12,5,6
2026-06-27 13:00:00,37.3,43,4.6,977.4,62.4,99.0,40.839999999999996,13,5,6
2026-06-27 14:00:00,37.6,42,4.1,976.6,59.5,94.1,44.480000000000004,14,5,6
2026-06-27 15:00:00,37.7,41,4.6,975.9,57.0,88.0,47.46,15,5,6
2026-06-27 16:00:00,37.5,41,3.9,974.9,54.1,81.3,50.519999999999996,16,5,6
2026-06-27 17:00:00,37.4,41,7.4,974.1,57.0,85.0,52.120000000000005,17,5,6
2026-06-27 18:00:00,36.1,51,6.8,974.0,57.9,80.6,50.7,18,5,6
2026-06-27 19:00:00,34.5,58,4.4,974.0,65.0,85.0,54.2,19,5,6
2026-06-27 20:00:00,33.5,62,3.7,973.9,79.9,99.9,60.82000000000001,20,5,6
2026-06-27 21:00:00,33.3,59,4.2,974.4,90.1,110.8,64.14000000000001,21,5,6
2026-06-27 22:00:00,32.5,61,4.6,974.6,100.8,121.1,67.16,22,5,6
2026-06-27 23:00:00,33.0,61,6.1,974.4,99.0,116.4,70.78,23,5,6
2026-06-28 00:00:00,32.3,63,5.2,974.4,95.2,111.1,71.14,0,6,6
2026-06-28 01:00:00,31.9,63,5.2,974.5,92.0,107.3,72.36,1,6,6
2026-06-28 02:00:00,31.5,64,5.3,974.3,88.7,103.8,54.02,2,6,6
2026-06-28 03:00:00,31.1,64,5.8,974.2,85.2,99.9,40.5,3,6,6
2026-06-28 04:00:00,27.5,79,18.2,975.6,82.9,97.8,45.92,4,6,6
2026-06-28 05:00:00,31.5,66,6.8,973.5,77.5,92.0,49.56,5,6,6
2026-06-28 06:00:00,26.8,80,24.4,975.4,74.5,88.5,44.660000000000004,6,6,6
2026-06-28 07:00:00,26.8,88,8.0,975.0,72.6,87.3,42.5,7,6,6
2026-06-28 08:00:00,29.9,77,7.3,975.9,67.8,87.3,41.58,8,6,6
2026-06-28 09:00:00,32.3,67,9.1,975.8,64.7,85.4,41.239999999999995,9,6,6
2026-06-28 10:00:00,34.3,59,9.5,976.0,61.9,83.6,40.04,10,6,6
2026-06-28 11:00:00,35.9,53,8.8,975.9,58.2,80.3,32.2,11,6,6
2026-06-28 12:00:00,37.4,45,7.8,975.4,52.4,75.2,24.8,12,6,6
2026-06-28 13:00:00,38.4,42,6.6,974.8,47.3,70.8,25.339999999999996,13,6,6
2026-06-28 14:00:00,38.9,39,6.3,973.7,44.5,67.8,32.14,14,6,6
2026-06-28 15:00:00,39.2,37,6.8,973.0,40.7,63.3,40.760000000000005,15,6,6
2026-06-28 16:00:00,39.1,37,7.3,972.4,36.1,58.3,44.0,16,6,6
2026-06-28 17:00:00,38.3,41,7.7,972.0,32.1,54.6,48.36,17,6,6
2026-06-28 18:00:00,37.2,48,4.9,971.7,32.4,53.1,54.94,18,6,6
2026-06-28 19:00:00,35.9,56,3.1,971.7,37.5,56.6,55.779999999999994,19,6,6
2026-06-28 20:00:00,34.9,58,4.5,971.9,46.8,66.6,52.739999999999995,20,6,6
2026-06-28 21:00:00,34.2,59,5.1,972.3,53.6,73.1,46.92,21,6,6
2026-06-28 22:00:00,33.5,62,5.0,972.4,54.6,74.3,48.62,22,6,6
2026-06-28 23:00:00,35.0,50,8.2,972.7,52.6,74.5,59.9,23,6,6
2026-06-29 00:00:00,34.2,52,7.0,972.5,48.2,75.0,79.96000000000001,0,0,6
2026-06-29 01:00:00,33.5,53,7.4,972.1,45.3,80.1,87.5,1,0,6
2026-06-29 02:00:00,32.7,56,6.6,971.9,43.4,82.2,66.88,2,0,6
2026-06-29 03:00:00,31.7,62,5.1,972.0,44.7,86.8,41.239999999999995,3,0,6
2026-06-29 04:00:00,31.8,64,0.7,972.4,47.8,93.6,33.82,4,0,6
2026-06-29 05:00:00,31.9,69,2.7,972.0,40.3,49.4,32.0,5,0,6
2026-06-29 06:00:00,32.0,65,4.3,972.2,46.3,54.8,29.52,6,0,6
2026-06-29 07:00:00,33.1,61,1.8,972.4,52.7,62.2,27.400000000000002,7,0,6
2026-06-29 08:00:00,34.8,53,2.8,972.8,53.3,67.8,23.357142857142858,8,0,6
2026-06-29 09:00:00,36.2,49,6.3,973.3,50.3,66.1,21.142857142857142,9,0,6
2026-06-29 10:00:00,37.5,44,7.2,973.5,45.6,61.7,19.014285714285712,10,0,6
2026-06-29 11:00:00,38.1,40,7.0,973.8,42.1,59.4,20.52857142857143,11,0,6
2026-06-29 12:00:00,38.7,39,7.2,973.7,39.2,59.4,23.928571428571427,12,0,6
2026-06-29 13:00:00,39.5,37,8.1,973.2,37.3,62.2,28.8,13,0,6
2026-06-29 14:00:00,39.9,36,8.3,972.5,34.6,63.3,32.05714285714286,14,0,6
2026-06-29 15:00:00,40.1,36,7.8,971.9,32.0,64.7,40.371428571428574,15,0,6
2026-06-29 16:00:00,39.9,36,6.4,971.2,32.7,71.2,43.583333333333336,16,0,6
2026-06-29 17:00:00,40.0,34,9.0,970.9,34.2,77.3,52.166666666666664,17,0,6
2026-06-29 18:00:00,39.4,36,7.6,970.6,35.5,75.7,67.25,18,0,6
2026-06-29 19:00:00,38.7,38,7.8,970.5,41.6,82.2,70.05,19,0,6
2026-06-29 20:00:00,37.8,42,6.8,970.8,47.7,86.8,82.38571428571429,20,0,6
2026-06-29 21:00:00,36.6,47,4.4,971.4,51.2,96.9,79.48571428571428,21,0,6
2026-06-29 22:00:00,35.9,55,2.6,971.8,57.3,109.2,83.3,22,0,6
2026-06-29 23:00:00,36.5,46,7.4,971.7,62.9,117.1,85.5,23,0,6
2026-06-30 00:00:00,35.3,50,6.0,971.6,65.7,121.5,78.10000000000001,0,1,6
2026-06-30 01:00:00,34.4,56,3.7,971.5,69.2,124.3,74.72857142857143,1,1,6
2026-06-30 02:00:00,33.8,56,3.5,971.2,70.8,123.9,60.92857142857143,2,1,6
2026-06-30 03:00:00,33.0,59,2.0,971.4,70.8,117.6,42.971428571428575,3,1,6
2026-06-30 04:00:00,32.0,66,6.6,971.5,68.9,110.6,32.34285714285714,4,1,6
2026-06-30 05:00:00,33.8,56,5.2,971.4,68.9,128.1,30.542857142857144,5,1,6
2026-06-30 06:00:00,33.5,59,1.7,972.0,68.9,128.1,27.914285714285715,6,1,6
2026-06-30 07:00:00,32.6,65,8.7,972.6,68.2,132.2,26.285714285714285,7,1,6
2026-06-30 08:00:00,33.7,62,6.3,973.0,65.2,133.6,25.842857142857145,8,1,6
2026-06-30 09:00:00,35.6,55,4.3,973.5,63.1,127.1,27.042857142857144,9,1,6
2026-06-30 10:00:00,37.7,45,3.8,973.6,62.6,123.4,27.400000000000002,10,1,6
2026-06-30 11:00:00,38.4,41,6.3,974.2,61.5,121.5,27.8,11,1,6
2026-06-30 12:00:00,38.6,40,9.0,974.0,61.0,123.4,27.057142857142853,12,1,6
2026-06-30 13:00:00,39.0,39,9.8,973.7,57.0,119.0,26.0,13,1,6
2026-06-30 14:00:00,39.0,37,8.6,973.1,54.9,118.7,26.714285714285715,14,1,6
2026-06-30 15:00:00,38.6,40,9.0,972.4,53.7,119.7,27.071428571428573,15,1,6
2026-06-30 16:00:00,38.8,40,7.9,971.8,53.4,122.5,29.485714285714288,16,1,6
2026-06-30 17:00:00,39.3,36,10.8,971.5,57.6,135.0,33.82857142857143,17,1,6
2026-06-30 18:00:00,38.3,36,12.6,971.7,58.7,127.1,37.728571428571435,18,1,6
2026-06-30 19:00:00,37.7,36,11.2,971.7,59.5,122.0,40.028571428571425,19,1,6
2026-06-30 20:00:00,37.1,39,7.3,972.2,59.8,111.5,39.785714285714285,20,1,6
2026-06-30 21:00:00,36.4,42,6.8,972.2,60.5,103.8,39.94285714285714,21,1,6
2026-06-30 22:00:00,34.1,54,11.2,973.0,62.4,99.0,43.214285714285715,22,1,6
2026-06-30 23:00:00,35.6,46,5.9,973.1,62.9,92.9,46.699999999999996,23,1,6
2026-07-01 00:00:00,34.2,53,7.2,972.8,61.0,87.8,52.17142857142857,0,2,7
2026-07-01 01:00:00,33.3,58,7.6,972.6,65.4,120.1,64.41428571428571,1,2,7
2026-07-01 02:00:00,32.7,60,10.6,972.7,78.2,207.2,71.1,2,2,7
2026-07-01 03:00:00,32.3,66,9.6,972.6,98.5,328.8,67.6,3,2,7
2026-07-01 04:00:00,31.9,73,7.9,973.3,107.6,375.3,62.728571428571435,4,2,7
2026-07-01 05:00:00,31.4,76,8.6,972.9,119.2,395.8,58.271428571428565,5,2,7
2026-07-01 06:00:00,31.2,77,10.1,973.0,111.5,374.4,55.699999999999996,6,2,7
2026-07-01 07:00:00,30.6,80,11.6,973.7,123.9,476.8,54.75714285714286,7,2,7
2026-07-01 08:00:00,31.6,74,16.2,974.5,128.5,499.2,53.4,8,2,7
2026-07-01 09:00:00,33.6,67,15.0,974.9,140.6,540.2,51.48571428571428,9,2,7
2026-07-01 10:00:00,34.8,62,15.8,975.2,156.9,597.9,50.628571428571426,10,2,7
2026-07-01 11:00:00,34.6,60,12.2,975.4,168.1,653.8,50.785714285714285,11,2,7
2026-07-01 12:00:00,35.8,56,9.0,975.0,172.3,665.0,56.199999999999996,12,2,7
2026-07-01 13:00:00,36.8,51,7.4,974.1,158.8,597.9,63.9,13,2,7
2026-07-01 14:00:00,37.1,48,7.7,973.6,153.2,558.8,73.34285714285714,14,2,7
2026-07-01 15:00:00,34.4,58,11.4,973.6,163.4,594.2,73.57142857142857,15,2,7
2026-07-01 16:00:00,34.3,59,10.5,972.9,163.9,594.2,69.21428571428571,16,2,7
2026-07-01 17:00:00,36.0,51,10.3,972.0,153.2,467.5,28.914285714285715,17,2,7
2026-07-01 18:00:00,35.8,50,12.1,972.1,132.7,349.2,19.45,18,2,7
2026-07-01 19:00:00,34.2,59,13.4,972.7,127.1,297.1,19.714285714285715,19,2,7
2026-07-01 20:00:00,32.6,66,13.5,973.6,133.2,321.3,11.8,20,2,7
2026-07-01 21:00:00,31.8,70,9.0,975.4,137.4,345.5,10.483333333333333,21,2,7
2026-07-01 22:00:00,29.3,80,12.6,975.0,137.4,377.2,18.866666666666667,22,2,7
2026-07-01 23:00:00,28.4,77,15.5,976.6,142.0,451.7,20.016666666666666,23,2,7
2026-07-02 00:00:00,27.5,81,10.5,975.5,148.5,510.4,28.642857142857142,0,3,7
2026-07-02 01:00:00,27.2,84,13.6,974.8,149.5,516.0,27.442857142857143,1,3,7
2026-07-02 02:00:00,27.0,86,10.6,974.7,143.0,486.2,28.728571428571428,2,3,7
2026-07-02 03:00:00,26.9,86,9.5,975.2,122.9,388.4,31.071428571428573,3,3,7
2026-07-02 04:00:00,26.7,87,8.0,975.8,102.0,296.2,26.385714285714283,4,3,7
2026-07-02 05:00:00,25.7,91,12.2,975.0,106.6,366.0,22.342857142857145,5,3,7
2026-07-02 06:00:00,25.7,89,10.7,976.7,111.8,394.9,21.24285714285714,6,3,7
2026-07-02 07:00:00,25.2,95,12.8,976.3,119.0,460.1,19.385714285714283,7,3,7
2026-07-02 08:00:00,25.9,93,9.7,976.2,121.1,471.2,15.185714285714285,8,3,7
2026-07-02 09:00:00,28.0,83,6.4,976.6,117.6,442.4,11.885714285714284,9,3,7
2026-07-02 10:00:00,29.9,75,7.1,976.4,114.6,416.3,12.757142857142856,10,3,7
2026-07-02 11:00:00,30.7,70,5.5,977.7,114.8,413.5,13.357142857142858,11,3,7
2026-07-02 12:00:00,32.0,65,3.6,977.3,113.4,399.5,16.116666666666667,12,3,7
2026-07-02 13:00:00,33.0,62,3.8,976.6,107.3,357.6,19.985714285714288,13,3,7
2026-07-02 14:00:00,33.7,60,4.4,975.9,100.8,317.6,27.285714285714285,14,3,7
2026-07-02 15:00:00,33.9,59,4.5,975.1,95.2,286.8,31.7,15,3,7
2026-07-02 16:00:00,33.7,60,5.6,974.4,90.8,262.6,34.114285714285714,16,3,7
2026-07-02 17:00:00,33.6,59,8.5,974.7,73.6,205.4,36.3,17,3,7
2026-07-02 18:00:00,33.1,60,7.3,974.4,74.7,188.6,40.385714285714286,18,3,7
2026-07-02 19:00:00,32.5,63,6.1,974.4,76.8,158.8,45.385714285714286,19,3,7
2026-07-02 20:00:00,31.9,67,5.4,974.8,79.9,155.5,54.771428571428565,20,3,7
2026-07-02 21:00:00,31.4,70,6.0,975.9,83.6,152.3,58.84285714285714,21,3,7
2026-07-02 22:00:00,31.0,70,6.8,976.6,86.1,150.4,64.6,22,3,7
2026-07-02 23:00:00,31.3,68,9.5,976.9,86.1,148.1,66.95714285714286,23,3,7
2026-07-03 00:00:00,30.5,74,9.2,976.9,83.1,140.6,67.04285714285714,0,4,7
2026-07-03 01:00:00,30.1,76,7.9,976.6,78.7,130.4,63.4,1,4,7
2026-07-03 02:00:00,29.8,78,7.6,976.5,73.3,117.6,55.18571428571429,2,4,7
2026-07-03 03:00:00,29.5,80,8.3,976.8,67.1,102.0,44.25714285714286,3,4,7
2026-07-03 04:00:00,29.3,81,8.3,976.9,60.3,84.8,39.91428571428571,4,4,7
2026-07-03 05:00:00,29.5,82,5.0,977.4,48.0,56.3,37.028571428571425,5,4,7
2026-07-03 06:00:00,29.5,82,4.8,977.8,47.6,53.2,36.714285714285715,6,4,7
2026-07-03 07:00:00,30.8,75,4.7,977.8,38.5,41.8,36.41428571428572,7,4,7
2026-07-03 08:00:00,32.2,69,10.3,977.5,27.1,28.1,38.214285714285715,8,4,7
2026-07-03 09:00:00,33.6,60,13.5,977.1,22.8,23.2,40.32857142857143,9,4,7
2026-07-03 10:00:00,34.7,56,13.1,976.9,21.5,24.0,42.75714285714286,10,4,7
2026-07-03 11:00:00,35.9,50,5.3,978.0,22.1,28.1,45.61428571428571,11,4,7
2026-07-03 12:00:00,35.2,52,6.0,977.8,23.3,32.1,47.34285714285714,12,4,7
2026-07-03 13:00:00,35.6,49,3.5,977.2,23.9,33.6,48.4,13,4,7
2026-07-03 14:00:00,36.2,47,2.6,976.0,24.3,34.3,42.728571428571435,14,4,7
2026-07-03 15:00:00,36.8,45,0.2,975.1,24.7,35.4,41.357142857142854,15,4,7
2026-07-03 16:00:00,36.8,45,1.8,974.3,25.2,35.7,44.371428571428574,16,4,7
2026-07-03 17:00:00,37.1,43,7.0,973.5,49.2,82.4,49.385714285714286,17,4,7
2026-07-03 18:00:00,36.1,46,8.4,974.0,50.8,82.0,47.1,18,4,7
2026-07-03 19:00:00,35.4,47,8.2,974.1,57.2,78.5,44.871428571428574,19,4,7
2026-07-03 20:00:00,35.0,48,7.2,974.5,59.6,75.7,46.74285714285714,20,4,7
2026-07-03 21:00:00,34.4,51,7.7,975.3,58.6,72.6,51.371428571428574,21,4,7
2026-07-03 22:00:00,33.3,58,7.9,975.5,55.2,67.5,53.42857142857143,22,4,7
2026-07-03 23:00:00,33.2,60,7.5,975.0,51.3,61.0,58.42857142857143,23,4,7
2026-07-04 00:00:00,32.4,64,6.1,975.0,46.9,53.8,62.271428571428565,0,5,7
2026-07-04 01:00:00,32.1,66,5.1,975.1,43.8,48.9,68.01428571428572,1,5,7
2026-07-04 02:00:00,31.7,67,5.3,975.4,42.5,47.1,59.24285714285714,2,5,7
2026-07-04 03:00:00,31.4,68,4.6,975.3,42.4,47.3,48.6,3,5,7
2026-07-04 04:00:00,31.1,68,5.6,975.2,43.0,47.8,45.714285714285715,4,5,7
2026-07-04 05:00:00,29.1,77,11.5,975.9,46.9,53.8,43.114285714285714,5,5,7
2026-07-04 06:00:00,28.5,82,5.0,975.5,47.0,52.7,40.371428571428574,6,5,7
2026-07-04 07:00:00,30.8,71,3.8,976.1,46.0,52.5,38.5,7,5,7
2026-07-04 08:00:00,33.2,59,4.8,976.2,43.5,50.4,38.471428571428575,8,5,7
2026-07-04 09:00:00,34.2,57,8.1,976.0,41.7,48.5,39.17142857142857,9,5,7
2026-07-04 10:00:00,35.2,54,8.0,976.0,41.3,48.9,38.08571428571429,10,5,7
2026-07-04 11:00:00,35.7,49,8.5,976.4,41.1,51.3,42.84285714285714,11,5,7
2026-07-04 12:00:00,36.8,46,6.9,975.5,39.0,49.6,48.18571428571429,12,5,7
2026-07-04 13:00:00,37.0,44,5.7,974.5,37.5,48.2,51.699999999999996,13,5,7
2026-07-04 14:00:00,37.7,42,5.2,973.8,35.9,46.1,59.08571428571429,14,5,7
2026-07-04 15:00:00,37.8,41,4.8,973.0,35.3,45.3,59.5,15,5,7
2026-07-04 16:00:00,37.7,41,3.9,972.2,38.5,51.3,58.6,16,5,7
2026-07-04 17:00:00,37.6,46,4.8,971.9,75.9,103.6,57.87142857142857,17,5,7
2026-07-04 18:00:00,36.9,47,6.3,971.4,77.3,102.7,58.15714285714286,18,5,7
2026-07-04 19:00:00,36.2,48,5.5,971.6,83.4,106.4,58.385714285714286,19,5,7
2026-07-04 20:00:00,35.2,53,7.5,972.0,89.6,107.6,61.51428571428572,20,5,7
2026-07-04 21:00:00,34.1,59,9.1,972.4,87.5,103.6,60.271428571428565,21,5,7
2026-07-04 22:00:00,33.2,65,9.1,972.8,84.5,99.4,64.35714285714286,22,5,7
2026-07-04 23:00:00,33.7,65,8.9,972.7,80.1,93.8,67.58571428571427,23,5,7
2026-07-05 00:00:00,33.2,64,8.4,973.1,74.7,87.1,65.97142857142858,0,6,7
2026-07-05 01:00:00,32.8,67,7.9,973.0,70.1,81.3,71.61428571428571,1,6,7
2026-07-05 02:00:00,32.4,68,8.2,972.6,67.5,77.3,71.61428571428571,2,6,7
2026-07-05 03:00:00,32.0,70,6.9,972.7,66.6,75.9,62.614285714285714,3,6,7
2026-07-05 04:00:00,30.0,76,14.8,973.6,67.1,76.6,55.32857142857143,4,6,7
2026-07-05 05:00:00,30.0,69,12.8,973.9,66.4,84.8,46.57142857142857,5,6,7
2026-07-05 06:00:00,28.6,86,4.5,973.9,66.1,87.8,46.82857142857143,6,6,7
2026-07-05 07:00:00,30.3,77,8.3,974.4,66.8,93.6,49.05714285714286,7,6,7
2026-07-05 08:00:00,31.8,73,4.6,974.7,65.2,94.3,49.114285714285714,8,6,7
2026-07-05 09:00:00,33.9,64,4.3,974.8,64.7,90.6,48.73333333333333,9,6,7
2026-07-05 10:00:00,35.6,56,5.1,974.5,66.8,94.8,49.68571428571429,10,6,7
2026-07-05 11:00:00,35.5,54,5.8,975.2,68.5,99.2,50.84285714285715,11,6,7
2026-07-05 12:00:00,36.2,51,5.9,974.6,70.1,102.2,52.17142857142857,12,6,7
2026-07-05 13:00:00,37.1,48,4.9,973.9,71.0,103.8,51.75714285714286,13,6,7
2026-07-05 14:00:00,37.3,47,4.0,973.2,70.3,103.1,55.01428571428572,14,6,7
2026-07-05 15:00:00,37.8,46,1.4,972.5,68.5,100.8,60.0,15,6,7
2026-07-05 16:00:00,37.9,42,0.9,971.6,67.1,98.7,61.728571428571435,16,6,7
2026-07-05 17:00:00,37.4,46,1.5,971.2,91.3,132.7,62.042857142857144,17,6,7
2026-07-05 18:00:00,37.1,45,3.1,970.7,90.8,131.8,63.42857142857143,18,6,7
2026-07-05 19:00:00,36.6,46,3.3,971.0,98.3,135.5,61.67142857142857,19,6,7
2026-07-05 20:00:00,35.6,52,6.3,971.5,110.8,143.9,63.128571428571426,20,6,7
2026-07-05 21:00:00,34.5,58,7.6,972.5,113.2,138.8,69.72857142857143,21,6,7
2026-07-05 22:00:00,33.7,62,8.0,973.0,111.1,131.8,77.82857142857142,22,6,7
2026-07-05 23:00:00,34.1,64,8.0,973.0,105.5,122.5,83.45714285714287,23,6,7
2026-07-06 00:00:00,33.7,64,7.8,972.6,99.2,113.4,59.55714285714286,0,0,7
2026-07-06 01:00:00,33.2,63,8.3,972.7,94.1,106.4,34.5,1,0,7
2026-07-06 02:00:00,32.6,67,7.1,972.7,90.3,101.7,39.31428571428571,2,0,7
2026-07-06 03:00:00,32.2,71,6.5,972.4,87.5,97.8,38.471428571428575,3,0,7
2026-07-06 04:00:00,31.7,74,7.6,972.8,82.7,91.3,37.5,4,0,7
2026-07-06 05:00:00,30.7,75,10.6,973.4,67.3,72.4,37.1,5,0,7
2026-07-06 06:00:00,29.7,80,12.0,974.3,57.4,62.9,32.6,6,0,7
2026-07-06 07:00:00,30.0,78,9.6,974.9,49.5,53.6,33.51428571428571,7,0,7
2026-07-06 08:00:00,31.4,71,9.6,975.3,35.2,38.5,34.72857142857143,8,0,7
2026-07-06 09:00:00,33.0,63,10.9,975.3,30.0,34.0,35.25714285714286,9,0,7
2026-07-06 10:00:00,34.4,57,10.6,975.2,29.0,33.4,35.785714285714285,10,0,7
2026-07-06 11:00:00,33.0,60,9.6,975.7,29.7,34.1,36.214285714285715,11,0,7
2026-07-06 12:00:00,33.3,60,7.6,975.0,30.2,35.2,37.9,12,0,7
2026-07-06 13:00:00,34.6,56,7.6,974.3,30.5,35.4,40.42857142857143,13,0,7
2026-07-06 14:00:00,35.3,53,6.7,973.4,30.9,35.7,43.91428571428571,14,0,7
2026-07-06 15:00:00,35.8,52,5.2,972.8,30.9,35.7,46.8,15,0,7
2026-07-06 16:00:00,35.9,53,5.0,972.1,30.3,34.9,50.74285714285714,16,0,7
2026-07-06 17:00:00,36.1,50,4.1,971.8,67.8,83.8,63.385714285714286,17,0,7
2026-07-06 18:00:00,35.2,53,6.1,971.9,69.2,84.1,57.857142857142854,18,0,7
2026-07-06 19:00:00,34.2,58,8.2,972.2,75.7,85.7,59.371428571428574,19,0,7
2026-07-06 20:00:00,33.2,63,8.0,972.8,78.0,85.7,50.34285714285714,20,0,7
2026-07-06 21:00:00,32.5,67,7.0,973.6,75.7,82.7,58.44285714285714,21,0,7
2026-07-06 22:00:00,32.0,71,7.4,974.2,74.7,81.5,66.15714285714286,22,0,7
2026-07-06 23:00:00,32.6,67,1.8,974.6,73.8,80.8,67.55714285714285,23,0,7
2026-07-07 00:00:00,31.4,76,4.8,973.8,71.0,79.6,69.44285714285715,0,1,7
2026-07-07 01:00:00,31.0,76,5.2,973.4,68.2,80.3,77.85714285714286,1,1,7
2026-07-07 02:00:00,30.6,78,8.0,973.5,67.3,84.1,66.02857142857142,2,1,7
2026-07-07 03:00:00,30.1,82,6.6,973.2,73.1,94.5,66.14285714285714,3,1,7
2026-07-07 04:00:00,29.9,83,6.8,973.8,78.5,99.2,68.25714285714285,4,1,7
2026-07-07 05:00:00,31.1,81,6.6,973.5,68.0,77.3,72.94285714285715,5,1,7
2026-07-07 06:00:00,29.1,86,3.0,974.1,67.1,75.0,73.18571428571428,6,1,7
2026-07-07 07:00:00,26.2,91,2.7,974.9,65.9,79.9,64.7,7,1,7
2026-07-07 08:00:00,26.6,93,8.7,975.1,65.0,97.6,57.325,8,1,7
2026-07-07 09:00:00,27.9,87,7.0,975.3,65.4,116.4,57.025,9,1,7
2026-07-07 10:00:00,30.0,79,1.5,974.7,67.3,122.0,59.9375,10,1,7
2026-07-07 11:00:00,33.4,69,4.7,973.7,67.1,115.0,63.885714285714286,11,1,7
2026-07-07 12:00:00,35.5,58,5.6,973.4,66.8,110.1,65.1875,12,1,7
2026-07-07 13:00:00,36.2,53,6.0,972.3,65.9,105.5,55.214285714285715,13,1,7
2026-07-07 14:00:00,36.9,48,6.4,971.9,69.4,109.4,50.11666666666667,14,1,7
2026-07-07 15:00:00,36.6,50,6.5,971.0,64.7,100.1,56.68333333333334,15,1,7
2026-07-07 16:00:00,36.6,50,6.8,970.6,64.0,96.4,66.98571428571428,16,1,7
2026-07-07 17:00:00,37.6,45,7.3,970.4,99.4,139.2,82.44285714285715,17,1,7
2026-07-07 18:00:00,36.9,46,4.7,970.4,102.9,139.7,93.44285714285715,18,1,7
2026-07-07 19:00:00,36.1,48,7.6,970.8,111.3,146.7,86.89999999999999,19,1,7
2026-07-07 20:00:00,34.6,54,10.9,971.5,113.6,144.4,81.45714285714287,20,1,7
2026-07-07 21:00:00,33.7,57,10.6,972.3,116.4,145.3,68.34285714285714,21,1,7
2026-07-07 22:00:00,33.5,61,9.4,972.5,119.0,144.4,54.81428571428571,22,1,7
2026-07-07 23:00:00,33.1,65,8.9,972.4,122.0,154.6,48.357142857142854,23,1,7
2026-07-08 00:00:00,32.5,68,7.5,972.1,121.5,153.7,46.74285714285714,0,2,7
2026-07-08 01:00:00,32.2,71,6.8,972.1,113.9,146.2,46.44285714285714,1,2,7
2026-07-08 02:00:00,31.7,73,8.5,972.5,107.6,143.4,47.48571428571428,2,2,7
2026-07-08 03:00:00,30.2,81,5.9,973.0,103.1,144.4,48.42857142857143,3,2,7
2026-07-08 04:00:00,29.5,87,9.8,972.8,99.4,152.3,46.3625,4,2,7
2026-07-08 05:00:00,27.4,82,3.9,972.6,94.3,170.9,42.6875,5,2,7
2026-07-08 06:00:00,28.4,83,8.9,972.8,99.9,202.1,40.125,6,2,7
2026-07-08 07:00:00,29.3,81,8.9,972.9,105.9,244.9,36.971428571428575,7,2,7
2026-07-08 08:00:00,31.1,74,8.4,973.2,111.8,271.0,30.225,8,2,7
2026-07-08 09:00:00,32.8,68,9.4,973.4,112.2,271.9,29.575,9,2,7
2026-07-08 10:00:00,34.2,61,8.9,973.9,109.9,259.8,28.45,10,2,7
2026-07-08 11:00:00,35.5,54,10.9,973.9,104.8,239.3,29.5625,11,2,7
2026-07-08 12:00:00,35.9,48,11.2,973.5,101.5,223.5,37.1125,12,2,7
2026-07-08 13:00:00,36.1,49,11.5,972.9,100.8,215.6,48.65,13,2,7
2026-07-08 14:00:00,36.1,48,12.2,972.5,100.6,209.5,49.1125,14,2,7
2026-07-08 15:00:00,35.4,51,6.4,972.6,99.4,204.9,53.67142857142857,15,2,7
2026-07-08 16:00:00,35.4,52,7.4,971.9,129.5,264.5,50.24285714285714,16,2,7
2026-07-08 17:00:00,35.5,45,3.1,971.7,91.7,204.9,45.800000000000004,17,2,7
2026-07-08 18:00:00,34.9,47,5.4,971.9,81.3,170.0,49.82857142857143,18,2,7
2026-07-08 19:00:00,33.7,53,10.6,972.1,67.5,123.9,52.01428571428571,19,2,7
2026-07-08 20:00:00,32.9,59,9.5,972.9,62.2,95.7,62.74285714285714,20,2,7
2026-07-08 21:00:00,31.8,66,9.0,973.5,55.6,72.4,71.91428571428573,21,2,7
2026-07-08 22:00:00,31.1,70,7.6,973.6,52.9,63.1,92.98571428571428,22,2,7
2026-07-08 23:00:00,30.1,73,7.5,973.8,50.6,58.9,81.22857142857143,23,2,7
2026-07-09 00:00:00,29.3,79,6.9,973.5,49.5,57.5,73.87142857142858,0,3,7
2026-07-09 01:00:00,28.8,81,5.1,973.2,49.0,56.9,86.68571428571428,1,3,7
2026-07-09 02:00:00,28.6,81,3.5,973.2,49.8,57.4,89.08571428571429,2,3,7
2026-07-09 03:00:00,28.5,80,3.1,972.7,52.9,59.6,66.48333333333333,3,3,7
2026-07-09 04:00:00,28.3,80,3.9,973.1,56.6,62.2,50.1,4,3,7
2026-07-09 05:00:00,28.6,83,2.0,973.3,54.0,65.2,45.3125,5,3,7
2026-07-09 06:00:00,28.7,84,2.1,973.3,56.8,71.7,49.925,6,3,7
2026-07-09 07:00:00,29.7,79,2.3,973.8,56.5,84.8,52.5875,7,3,7
2026-07-09 08:00:00,30.9,72,2.4,974.0,59.8,113.2,52.4875,8,3,7
2026-07-09 09:00:00,32.3,64,3.4,973.8,63.6,149.5,55.2,9,3,7
2026-07-09 10:00:00,34.4,55,3.1,973.8,71.5,173.2,57.475,10,3,7
2026-07-09 11:00:00,34.6,51,1.9,974.3,74.7,173.2,65.4,11,3,7
2026-07-09 12:00:00,36.8,44,1.1,974.2,77.3,171.8,69.3875,12,3,7
2026-07-09 13:00:00,37.9,41,0.4,973.6,76.1,162.5,71.8875,13,3,7
2026-07-09 14:00:00,38.5,39,0.9,973.1,78.0,158.8,60.375,14,3,7
2026-07-09 15:00:00,38.6,38,1.9,972.8,75.7,147.6,39.9875,15,3,7
2026-07-09 16:00:00,37.5,42,7.2,972.2,73.8,139.2,22.4375,16,3,7
2026-07-09 17:00:00,35.3,52,14.0,972.5,81.3,153.2,9.985714285714286,17,3,7
2026-07-09 18:00:00,35.1,51,10.5,972.7,83.4,144.4,5.1000000000000005,18,3,7
2026-07-09 19:00:00,34.9,50,10.0,972.9,87.5,136.0,8.066666666666666,19,3,7
2026-07-09 20:00:00,32.8,62,15.4,973.6,85.9,124.3,21.5,20,3,7
2026-07-09 21:00:00,31.1,70,15.7,974.6,79.9,109.9,25.771428571428572,21,3,7
2026-07-09 22:00:00,29.9,74,13.3,975.1,73.6,96.6,25.62857142857143,22,3,7
2026-07-09 23:00:00,30.1,73,12.6,975.1,70.3,91.7,28.28333333333333,23,3,7
2026-07-10 00:00:00,29.7,67,11.5,975.1,68.9,92.4,30.514285714285712,0,4,7
2026-07-10 01:00:00,29.1,67,9.4,974.5,68.9,97.3,30.2,1,4,7
2026-07-10 02:00:00,28.6,69,8.0,974.3,69.6,102.0,31.042857142857144,2,4,7
2026-07-10 03:00:00,28.3,71,7.6,974.2,70.8,109.4,31.78333333333333,3,4,7
2026-07-10 04:00:00,28.0,72,5.0,974.3,72.2,111.3,31.414285714285715,4,4,7
2026-07-10 05:00:00,28.4,72,6.3,974.4,69.8,97.3,30.099999999999998,5,4,7
2026-07-10 06:00:00,27.9,75,8.6,974.7,69.8,95.5,32.13333333333333,6,4,7
2026-07-10 07:00:00,28.3,75,10.1,974.7,64.5,86.4,33.81666666666667,7,4,7
2026-07-10 08:00:00,30.0,70,8.4,975.1,59.5,78.9,38.25,8,4,7
2026-07-10 09:00:00,32.1,64,8.2,975.1,59.3,80.1,40.3,9,4,7
2026-07-10 10:00:00,34.4,56,6.4,974.9,62.6,89.4,40.7625,10,4,7
2026-07-10 11:00:00,35.7,47,6.2,975.0,67.3,101.3,40.475,11,4,7
2026-07-10 12:00:00,36.4,46,6.8,974.7,68.9,110.8,39.3875,12,4,7
2026-07-10 13:00:00,36.6,46,8.6,973.9,66.4,109.4,37.1125,13,4,7
2026-07-10 14:00:00,36.7,44,9.0,973.6,62.6,106.6,33.4125,14,4,7
2026-07-10 15:00:00,36.5,46,9.6,973.2,58.7,103.6,34.4875,15,4,7
2026-07-10 16:00:00,36.7,47,8.8,972.6,57.6,105.9,20.6,16,4,7
2026-07-10 17:00:00,36.7,48,8.8,971.9,60.3,102.4,15.6125,17,4,7
2026-07-10 18:00:00,33.1,62,11.5,973.0,61.2,103.4,23.0125,18,4,7
2026-07-10 19:00:00,29.9,76,4.8,972.7,66.1,100.4,29.4875,19,4,7
2026-07-10 20:00:00,29.3,79,6.9,973.0,69.8,99.9,26.800000000000004,20,4,7
2026-07-10 21:00:00,29.2,81,6.7,973.4,72.2,103.8,23.771428571428572,21,4,7
2026-07-10 22:00:00,29.4,81,5.7,973.7,74.7,114.3,23.657142857142855,22,4,7
2026-07-10 23:00:00,29.1,78,8.5,974.3,77.5,133.2,26.4875,23,4,7
2026-07-11 00:00:00,27.8,87,10.3,973.2,73.1,134.6,27.075000000000003,0,5,7
2026-07-11 01:00:00,28.1,85,11.9,972.5,68.5,128.5,31.85,1,5,7
2026-07-11 02:00:00,27.2,88,8.6,971.9,71.9,140.6,44.4625,2,5,7
2026-07-11 03:00:00,26.8,89,7.2,971.7,75.0,180.2,38.8875,3,5,7
2026-07-11 04:00:00,26.5,90,9.1,971.9,75.0,191.9,28.85,4,5,7
2026-07-11 05:00:00,26.9,89,9.4,972.1,51.1,74.5,25.9125,5,5,7
2026-07-11 06:00:00,26.9,86,7.3,972.2,49.8,75.4,27.375,6,5,7
2026-07-11 07:00:00,27.5,82,8.7,972.7,47.5,82.0,29.87142857142857,7,5,7
2026-07-11 08:00:00,28.7,80,7.6,973.2,49.0,96.2,31.383333333333336,8,5,7
2026-07-11 09:00:00,30.5,73,11.8,973.5,51.7,119.2,33.22857142857143,9,5,7
2026-07-11 10:00:00,31.2,70,13.8,973.5,56.7,138.8,32.98571428571429,10,5,7
2026-07-11 11:00:00,32.6,62,9.8,973.6,65.4,172.3,32.028571428571425,11,5,7
2026-07-11 12:00:00,32.6,63,6.8,973.3,78.0,228.6,32.357142857142854,12,5,7
2026-07-11 13:00:00,33.5,60,3.8,972.5,85.4,258.9,36.32857142857143,13,5,7
2026-07-11 14:00:00,34.2,58,3.6,971.8,89.6,272.9,37.028571428571425,14,5,7
2026-07-11 15:00:00,34.9,56,5.1,971.2,90.8,271.0,38.300000000000004,15,5,7
2026-07-11 16:00:00,34.8,56,6.6,970.8,90.8,263.6,39.142857142857146,16,5,7
2026-07-11 17:00:00,32.1,69,3.4,970.9,106.6,317.6,39.871428571428574,17,5,7
2026-07-11 18:00:00,32.4,68,2.9,970.9,126.2,329.7,41.42857142857143,18,5,7
2026-07-11 19:00:00,31.9,73,6.6,971.4,128.5,282.2,42.214285714285715,19,5,7
2026-07-11 20:00:00,31.3,77,9.4,972.0,122.5,249.6,42.57142857142857,20,5,7
2026-07-11 21:00:00,30.6,78,9.7,972.0,114.6,227.7,44.55714285714286,21,5,7
2026-07-11 22:00:00,30.1,76,7.0,972.4,106.6,208.6,43.84285714285714,22,5,7
2026-07-11 23:00:00,30.3,80,9.8,972.4,99.9,191.9,44.31428571428571,23,5,7
2026-07-12 00:00:00,30.1,80,8.4,971.6,93.6,176.5,45.82857142857143,0,6,7
2026-07-12 01:00:00,27.0,85,15.8,971.2,87.5,159.7,33.2,1,6,7
2026-07-12 02:00:00,24.2,98,16.2,969.9,81.3,142.0,6.349999999999999,2,6,7
2026-07-12 03:00:00,25.0,96,12.5,969.7,75.2,126.2,9.783333333333333,3,6,7
2026-07-12 04:00:00,25.1,96,12.8,969.5,70.5,117.1,8.533333333333333,4,6,7
2026-07-12 05:00:00,25.0,93,11.9,969.9,70.3,123.4,22.02,5,6,7
2026-07-12 06:00:00,25.7,91,5.2,969.6,65.4,108.7,11.379999999999999,6,6,7
2026-07-12 07:00:00,26.2,92,6.2,970.7,63.6,105.9,5.32,7,6,7
2026-07-12 08:00:00,26.3,93,3.8,971.4,65.0,124.8,8.72,8,6,7
2026-07-12 09:00:00,26.9,90,7.6,971.2,68.2,150.9,14.939999999999998,9,6,7
2026-07-12 10:00:00,28.8,80,6.8,971.6,67.1,160.2,17.54,10,6,7
2026-07-12 11:00:00,25.8,85,7.1,972.8,59.1,140.2,24.88,11,6,7
2026-07-12 12:00:00,27.7,79,7.7,972.7,62.6,148.5,25.46666666666667,12,6,7
2026-07-12 13:00:00,29.6,71,7.5,972.2,72.4,189.5,26.766666666666666,13,6,7
2026-07-12 14:00:00,31.8,62,5.9,972.0,82.9,244.9,37.800000000000004,14,6,7
2026-07-12 15:00:00,32.0,61,5.1,971.9,91.0,281.3,48.35,15,6,7
2026-07-12 16:00:00,32.2,61,5.5,971.3,98.7,310.1,55.699999999999996,16,6,7
2026-07-12 17:00:00,29.5,72,3.4,971.9,73.1,201.2,66.88333333333334,17,6,7
2026-07-12 18:00:00,28.8,75,3.9,972.4,76.8,198.8,77.46666666666665,18,6,7
2026-07-12 19:00:00,28.1,81,5.1,971.7,89.2,182.5,61.68333333333334,19,6,7
2026-07-12 20:00:00,27.7,85,3.3,972.6,105.5,197.9,51.65,20,6,7
2026-07-12 21:00:00,27.7,85,2.5,972.8,114.3,203.5,54.96666666666667,21,6,7
2026-07-12 22:00:00,27.4,87,4.4,972.7,116.2,201.2,55.21666666666667,22,6,7
2026-07-12 23:00:00,27.9,86,5.0,973.0,115.7,198.4,56.11666666666667,23,6,7
2026-07-13 00:00:00,27.5,88,5.5,972.6,113.9,187.2,56.76666666666667,0,0,7
2026-07-13 01:00:00,27.1,88,5.6,972.2,109.2,171.8,66.23333333333333,1,0,7
2026-07-13 02:00:00,26.9,90,2.2,972.1,102.9,158.3,62.28333333333333,2,0,7
2026-07-13 03:00:00,25.4,93,10.0,972.4,98.7,151.8,82.25,3,0,7
2026-07-13 04:00:00,25.3,93,4.1,971.9,101.7,162.5,88.96666666666665,4,0,7
2026-07-13 05:00:00,27.2,88,5.0,972.2,82.7,139.7,91.48571428571428,5,0,7
2026-07-13 06:00:00,27.3,88,2.5,971.9,78.7,136.9,81.72857142857143,6,0,7
2026-07-13 07:00:00,27.8,86,2.2,972.3,75.7,140.2,78.54285714285713,7,0,7
2026-07-13 08:00:00,28.1,86,1.3,973.1,71.0,130.4,66.41428571428571,8,0,7
2026-07-13 09:00:00,28.9,83,2.3,973.3,68.9,128.1,50.58571428571429,9,0,7
2026-07-13 10:00:00,31.1,71,5.0,973.4,68.9,132.2,45.48333333333333,10,0,7
2026-07-13 11:00:00,31.5,67,1.8,973.7,71.0,140.6,42.471428571428575,11,0,7
2026-07-13 12:00:00,31.4,67,2.0,973.6,73.6,149.0,41.542857142857144,12,0,7
2026-07-13 13:00:00,32.4,64,1.5,973.3,75.2,155.1,42.94285714285714,13,0,7
2026-07-13 14:00:00,32.7,62,2.5,973.0,76.4,158.8,46.21666666666667,14,0,7
2026-07-13 15:00:00,33.4,60,1.9,972.5,78.7,165.3,55.11666666666667,15,0,7
2026-07-13 16:00:00,34.1,58,0.4,972.3,80.6,170.9,57.73333333333333,16,0,7
2026-07-13 17:00:00,33.7,56,1.8,971.8,59.6,132.2,60.48333333333334,17,0,7
2026-07-13 18:00:00,33.0,67,0.9,972.1,60.1,129.0,56.06666666666666,18,0,7
2026-07-13 19:00:00,31.3,74,3.1,972.5,72.2,140.2,47.86666666666667,19,0,7
2026-07-13 20:00:00,30.4,76,4.8,972.8,96.4,165.8,47.050000000000004,20,0,7
2026-07-13 21:00:00,29.6,78,5.0,973.2,118.7,188.6,46.550000000000004,21,0,7
2026-07-13 22:00:00,29.0,80,6.2,973.3,130.4,201.6,47.78333333333333,22,0,7
2026-07-13 23:00:00,29.5,81,4.8,974.0,128.5,199.8,49.88333333333333,23,0,7
2026-07-14 00:00:00,28.9,83,4.2,974.0,114.8,184.9,62.68333333333334,0,1,7
2026-07-14 01:00:00,28.5,85,3.7,973.7,106.4,178.3,80.39999999999999,1,1,7
2026-07-14 02:00:00,28.3,88,2.7,973.4,105.7,182.5,66.89999999999999,2,1,7
2026-07-14 03:00:00,27.9,89,3.5,973.0,107.6,188.6,59.128571428571426,3,1,7
2026-07-14 04:00:00,27.8,90,4.1,973.1,109.0,191.9,48.74285714285714,4,1,7
2026-07-14 05:00:00,28.1,92,1.9,973.3,92.7,168.1,41.0,5,1,7
2026-07-14 06:00:00,27.9,92,3.5,973.5,96.9,168.1,33.885714285714286,6,1,7
2026-07-14 07:00:00,28.9,89,3.9,974.2,98.3,195.1,33.65714285714286,7,1,7
2026-07-14 08:00:00,30.3,80,4.7,974.5,102.2,222.6,33.22857142857143,8,1,7
2026-07-14 09:00:00,31.5,71,4.3,975.0,107.1,255.2,31.12857142857143,9,1,7
2026-07-14 10:00:00,33.0,64,2.3,975.2,105.5,250.5,32.285714285714285,10,1,7
2026-07-14 11:00:00,34.2,56,1.0,975.6,100.4,226.8,43.25714285714286,11,1,7
2026-07-14 12:00:00,34.5,55,1.3,975.3,93.1,204.4,39.471428571428575,12,1,7
2026-07-14 13:00:00,35.0,52,0.8,975.0,81.3,175.1,42.05714285714286,13,1,7
2026-07-14 14:00:00,35.6,49,1.3,974.7,72.2,152.7,34.857142857142854,14,1,7
2026-07-14 15:00:00,35.7,47,2.7,974.4,66.8,138.8,30.814285714285713,15,1,7
2026-07-14 16:00:00,35.7,46,4.8,974.3,63.3,129.5,32.67142857142857,16,1,7
2026-07-14 17:00:00,35.3,50,2.5,974.0,74.3,144.8,34.41428571428572,17,1,7
2026-07-14 18:00:00,34.4,56,3.6,974.2,72.9,133.2,37.228571428571435,18,1,7
2026-07-14 19:00:00,33.1,63,3.7,974.5,75.0,129.9,39.471428571428575,19,1,7
2026-07-14 20:00:00,32.1,70,2.8,974.9,78.7,127.6,32.72857142857143,20,1,7
2026-07-14 21:00:00,31.1,73,3.7,975.4,81.7,129.5,33.65714285714286,21,1,7
2026-07-14 22:00:00,30.4,75,3.8,975.5,88.0,138.8,34.028571428571425,22,1,7
2026-07-14 23:00:00,29.8,70,7.1,975.6,95.5,148.1,30.785714285714285,23,1,7
2026-07-15 00:00:00,28.9,74,5.4,975.7,103.8,156.9,30.642857142857142,0,2,7
2026-07-15 01:00:00,28.5,75,5.1,975.8,111.5,160.7,22.67142857142857,1,2,7
2026-07-15 02:00:00,28.1,77,5.0,975.7,117.1,163.9,23.62857142857143,2,2,7
2026-07-15 03:00:00,27.6,78,5.3,975.2,120.1,166.2,30.014285714285712,3,2,7
2026-07-15 04:00:00,27.2,80,4.7,975.1,123.9,169.5,31.185714285714283,4,2,7
2026-07-15 05:00:00,28.2,71,7.5,976.1,89.4,114.6,28.785714285714285,5,2,7
2026-07-15 06:00:00,27.9,71,5.8,976.2,79.6,101.3,31.685714285714287,6,2,7
2026-07-15 07:00:00,28.0,72,1.9,976.6,70.3,99.2,26.928571428571427,7,2,7
2026-07-15 08:00:00,29.0,69,2.8,977.1,72.6,122.9,26.8,8,2,7
2026-07-15 09:00:00,29.9,67,1.8,977.0,79.4,154.6,27.071428571428573,9,2,7
2026-07-15 10:00:00,32.9,54,2.2,977.3,84.5,178.8,27.97142857142857,10,2,7
2026-07-15 11:00:00,33.0,54,3.4,978.0,84.3,181.1,28.985714285714288,11,2,7
2026-07-15 12:00:00,33.3,55,4.3,977.9,79.9,171.8,19.342857142857145,12,2,7
2026-07-15 13:00:00,34.0,53,5.4,977.2,74.0,161.1,22.442857142857147,13,2,7
2026-07-15 14:00:00,34.8,52,5.1,976.9,69.4,151.8,33.528571428571425,14,2,7
2026-07-15 15:00:00,34.8,52,5.5,976.3,65.9,143.9,35.0,15,2,7
2026-07-15 16:00:00,34.6,52,6.0,976.1,62.9,136.0,44.971428571428575,16,2,7
2026-07-15 17:00:00,34.8,45,6.5,975.9,58.1,129.0,44.142857142857146,17,2,7
2026-07-15 18:00:00,33.9,51,6.5,975.9,57.9,119.2,51.48571428571428,18,2,7
2026-07-15 19:00:00,32.7,59,4.5,976.1,59.6,114.8,70.3,19,2,7
2026-07-15 20:00:00,32.0,64,4.5,976.7,62.4,106.9,77.87142857142858,20,2,7
2026-07-15 21:00:00,31.3,67,4.0,977.2,64.7,102.2,93.68571428571428,21,2,7
2026-07-15 22:00:00,30.9,71,2.8,977.5,69.4,103.6,87.61428571428571,22,2,7
2026-07-15 23:00:00,30.5,73,3.9,977.4,73.1,105.2,85.18571428571428,23,2,7
2026-07-16 00:00:00,29.8,78,3.3,977.3,75.2,105.0,76.31428571428572,0,3,7
2026-07-16 01:00:00,29.5,80,2.5,977.3,76.4,103.1,73.2,1,3,7
2026-07-16 02:00:00,29.2,81,2.7,977.4,77.3,100.8,63.471428571428575,2,3,7
2026-07-16 03:00:00,28.8,82,1.8,977.0,78.7,99.7,50.76666666666667,3,3,7
2026-07-16 04:00:00,28.5,86,0.3,976.7,80.6,99.4,45.26666666666667,4,3,7
2026-07-16 05:00:00,28.6,86,2.6,976.9,76.8,100.1,42.449999999999996,5,3,7
2026-07-16 06:00:00,28.4,90,2.0,977.5,82.4,104.8,36.483333333333334,6,3,7
2026-07-16 07:00:00,30.2,78,0.6,977.7,74.7,99.2,36.666666666666664,7,3,7
2026-07-16 08:00:00,31.8,67,0.9,977.9,67.3,100.8,30.17142857142857,8,3,7
2026-07-16 09:00:00,33.1,59,1.5,977.9,65.0,103.6,25.775,9,3,7
2026-07-16 10:00:00,34.2,55,2.2,978.0,63.6,102.7,30.4,10,3,7
2026-07-16 11:00:00,35.4,49,3.1,978.3,60.5,96.4,33.575,11,3,7
2026-07-16 12:00:00,35.9,47,4.5,978.1,58.6,92.7,31.775,12,3,7
2026-07-16 13:00:00,36.0,46,6.0,977.4,55.3,87.1,30.1875,13,3,7
2026-07-16 14:00:00,36.1,45,7.1,976.9,53.2,84.1,31.862499999999997,14,3,7
2026-07-16 15:00:00,36.0,46,6.9,976.2,50.6,81.3,51.1,15,3,7
2026-07-16 16:00:00,35.8,46,7.3,975.6,50.5,82.9,50.2375,16,3,7
2026-07-16 17:00:00,36.0,45,7.3,975.5,46.7,80.8,55.0,17,3,7
2026-07-16 18:00:00,35.4,49,5.5,975.2,49.2,81.7,60.2,18,3,7
2026-07-16 19:00:00,34.2,57,3.8,975.2,53.7,86.4,65.4125,19,3,7
2026-07-16 20:00:00,33.6,61,3.9,975.5,61.5,92.7,60.5625,20,3,7
2026-07-16 21:00:00,33.3,64,2.7,975.8,70.3,102.7,52.9,21,3,7
2026-07-16 22:00:00,32.3,68,4.1,975.9,77.3,110.8,60.5125,22,3,7
2026-07-16 23:00:00,33.1,66,2.8,975.4,79.4,110.1,78.25,23,3,7
2026-07-17 00:00:00,32.6,65,4.0,975.2,79.2,107.8,78.05,0,4,7
2026-07-17 01:00:00,31.5,70,5.2,975.1,79.2,107.8,82.3375,1,4,7
2026-07-17 02:00:00,30.9,74,3.9,975.0,80.6,111.3,61.2875,2,4,7
2026-07-17 03:00:00,30.6,76,3.5,974.8,81.7,116.9,46.2625,3,4,7
2026-07-17 04:00:00,30.2,78,3.8,974.9,82.9,122.5,36.725,4,4,7
2026-07-17 05:00:00,30.4,75,5.8,975.2,80.1,135.0,31.5625,5,4,7
2026-07-17 06:00:00,30.2,76,5.2,975.8,83.4,137.4,30.825,6,4,7
2026-07-17 07:00:00,31.2,74,3.4,976.2,81.5,130.9,29.200000000000003,7,4,7
2026-07-17 08:00:00,33.0,65,1.3,976.7,76.6,129.9,24.5125,8,4,7
2026-07-17 09:00:00,34.7,56,3.0,976.9,71.2,129.5,22.0625,9,4,7
2026-07-17 10:00:00,36.3,44,9.3,977.0,67.5,129.9,20.1,10,4,7
2026-07-17 11:00:00,36.9,42,9.9,977.3,63.3,126.7,17.3375,11,4,7
2026-07-17 12:00:00,37.3,41,8.9,977.0,58.9,119.0,20.275,12,4,7
2026-07-17 13:00:00,37.7,40,8.3,976.4,53.9,108.7,25.425,13,4,7
2026-07-17 14:00:00,38.0,39,9.3,975.5,49.4,99.7,30.9125,14,4,7
2026-07-17 15:00:00,38.0,39,11.0,974.9,45.1,91.7,34.7,15,4,7
2026-07-17 16:00:00,37.6,39,11.4,974.5,42.0,88.5,40.1125,16,4,7
2026-07-17 17:00:00,37.3,40,11.8,974.2,39.1,94.8,41.075,17,4,7
2026-07-17 18:00:00,36.5,43,10.2,974.2,42.8,104.1,43.525,18,4,7
2026-07-17 19:00:00,35.3,48,6.9,974.3,49.1,113.4,48.675,19,4,7
2026-07-17 20:00:00,34.3,53,5.9,974.7,55.4,120.1,50.675,20,4,7
2026-07-17 21:00:00,33.3,57,5.1,975.4,59.0,128.1,52.075,21,4,7
2026-07-17 22:00:00,32.7,60,5.3,975.6,62.4,140.6,51.55,22,4,7
2026-07-17 23:00:00,33.3,56,6.2,975.3,65.4,153.2,59.1875,23,4,7
2026-07-18 00:00:00,32.7,58,4.6,975.1,67.5,163.9,50.775,0,5,7
2026-07-18 01:00:00,32.2,61,4.1,975.0,69.8,177.4,45.325,1,5,7
2026-07-18 02:00:00,32.0,64,3.1,974.8,73.1,192.8,41.35,2,5,7
2026-07-18 03:00:00,31.5,66,3.3,974.8,77.3,206.8,40.275,3,5,7
2026-07-18 04:00:00,31.0,68,3.6,974.9,83.1,216.5,36.8,4,5,7
2026-07-18 05:00:00,31.6,67,5.4,974.8,74.3,188.6,31.35,5,5,7
2026-07-18 06:00:00,31.5,68,5.5,975.1,79.4,194.2,26.271428571428572,6,5,7
2026-07-18 07:00:00,32.7,63,5.7,975.5,79.6,195.1,23.775,7,5,7
2026-07-18 08:00:00,34.4,54,5.8,975.7,79.9,219.3,23.142857142857142,8,5,7
2026-07-18 09:00:00,36.4,43,7.3,975.6,77.3,220.7,20.771428571428572,9,5,7
2026-07-18 10:00:00,37.6,39,8.5,975.4,71.5,190.5,22.900000000000002,10,5,7
2026-07-18 11:00:00,38.0,39,8.3,975.7,65.4,162.5,25.6875,11,5,7
2026-07-18 12:00:00,38.3,39,8.4,975.5,60.5,143.4,27.349999999999998,12,5,7
2026-07-18 13:00:00,38.8,39,9.3,974.9,55.5,125.3,29.625,13,5,7
2026-07-18 14:00:00,38.8,39,10.4,974.3,50.9,109.0,32.5,14,5,7
2026-07-18 15:00:00,38.6,39,10.8,973.9,48.1,100.4,35.6875,15,5,7
2026-07-18 16:00:00,38.2,40,9.9,973.6,43.1,91.5,34.5125,16,5,7
2026-07-18 17:00:00,38.3,39,9.7,973.4,48.0,120.1,37.625,17,5,7
2026-07-18 18:00:00,37.3,42,9.5,973.5,51.3,126.7,41.775,18,5,7
2026-07-18 19:00:00,36.5,45,6.3,973.7,57.6,136.4,45.25,19,5,7
2026-07-18 20:00:00,35.8,49,5.0,974.3,63.1,143.0,43.57142857142857,20,5,7
2026-07-18 21:00:00,35.1,54,4.1,974.9,67.8,147.1,39.2375,21,5,7
2026-07-18 22:00:00,34.6,56,4.2,975.5,71.7,150.9,35.371428571428574,22,5,7
2026-07-18 23:00:00,34.9,55,4.2,975.4,75.9,158.8,32.58571428571428,23,5,7
2026-07-19 00:00:00,33.8,61,3.8,974.9,79.6,167.2,34.81428571428571,0,6,7
2026-07-19 01:00:00,33.2,65,3.0,974.6,83.1,161.1,34.971428571428575,1,6,7
2026-07-19 02:00:00,32.9,66,1.5,974.8,84.5,146.7,36.51428571428571,2,6,7
2026-07-19 03:00:00,32.4,65,3.3,974.4,84.5,136.0,33.675,3,6,7
2026-07-19 04:00:00,31.8,66,3.3,974.1,83.4,127.1,31.362499999999997,4,6,7
2026-07-19 05:00:00,32.0,65,6.1,974.8,82.0,165.8,33.7125,5,6,7
2026-07-19 06:00:00,31.9,67,5.9,974.9,81.0,146.7,31.7625,6,6,7
2026-07-19 07:00:00,32.9,64,5.2,975.7,82.0,149.0,31.1875,7,6,7
2026-07-19 08:00:00,34.1,60,6.8,975.8,83.4,162.5,25.0375,8,6,7
2026-07-19 09:00:00,35.3,54,3.5,976.3,86.8,184.4,22.225,9,6,7
2026-07-19 10:00:00,36.1,53,5.6,976.8,90.6,204.4,21.25,10,6,7
2026-07-19 11:00:00,36.9,42,1.1,976.8,90.8,215.1,21.4375,11,6,7
2026-07-19 12:00:00,37.5,40,0.8,976.3,90.1,219.3,23.325,12,6,7
2026-07-19 13:00:00,38.1,39,2.3,975.6,92.9,227.7,31.2375,13,6,7
2026-07-19 14:00:00,38.0,39,3.4,975.0,93.1,229.6,35.1125,14,6,7
2026-07-19 15:00:00,38.5,38,4.5,974.3,87.8,220.3,40.4875,15,6,7
2026-07-19 16:00:00,38.1,38,4.0,974.0,85.2,220.7,46.5,16,6,7
2026-07-19 17:00:00,37.7,39,2.7,974.3,79.6,217.5,48.575,17,6,7
2026-07-19 18:00:00,36.8,42,2.0,974.4,77.8,200.7,49.0125,18,6,7
2026-07-19 19:00:00,35.1,55,7.4,974.7,77.5,190.0,47.65,19,6,7
2026-07-19 20:00:00,33.3,67,8.9,975.0,81.7,186.7,45.7625,20,6,7
2026-07-19 21:00:00,32.7,68,8.3,975.5,85.7,177.4,44.3375,21,6,7
2026-07-19 22:00:00,32.2,71,8.2,975.7,88.7,172.8,44.1375,22,6,7
2026-07-19 23:00:00,32.3,72,9.6,975.8,90.8,165.8,51.5875,23,6,7
2026-07-20 00:00:00,31.6,74,8.2,975.4,91.7,158.3,48.5625,0,0,7
2026-07-20 01:00:00,31.4,73,8.2,975.0,92.7,155.5,46.175,1,0,7
2026-07-20 02:00:00,31.4,72,9.2,974.8,97.8,167.6,48.325,2,0,7
2026-07-20 03:00:00,30.9,73,8.8,974.7,94.3,156.5,43.9625,3,0,7
2026-07-20 04:00:00,30.5,74,6.6,975.3,93.4,169.5,51.925,4,0,7
2026-07-20 05:00:00,31.0,77,8.7,974.9,80.3,153.7,55.9,5,0,7
2026-07-20 06:00:00,31.1,76,4.7,974.8,78.5,149.9,61.3875,6,0,7
2026-07-20 07:00:00,31.7,74,8.7,975.8,86.4,179.3,62.0,7,0,7
2026-07-20 08:00:00,31.3,78,9.1,975.8,101.3,246.8,58.075,8,0,7
2026-07-20 09:00:00,33.2,69,10.7,975.8,112.9,299.0,36.91428571428571,9,0,7
2026-07-20 10:00:00,34.3,63,9.2,976.0,119.0,323.2,16.175,10,0,7
2026-07-20 11:00:00,34.9,56,7.9,976.4,116.9,318.5,32.2125,11,0,7
2026-07-20 12:00:00,30.1,83,12.4,976.5,101.5,270.1,45.199999999999996,12,0,7
2026-07-20 13:00:00,31.6,78,9.3,976.1,91.0,229.1,54.0375,13,0,7
2026-07-20 14:00:00,32.2,76,10.4,975.4,79.4,182.5,65.125,14,0,7
2026-07-20 15:00:00,32.4,75,7.7,974.8,72.4,150.4,78.075,15,0,7
2026-07-20 16:00:00,32.8,74,6.8,974.5,69.4,139.2,70.6875,16,0,7
2026-07-20 17:00:00,31.9,75,12.5,974.9,83.8,203.5,59.2875,17,0,7
2026-07-20 18:00:00,31.7,73,9.2,975.3,79.4,154.6,49.5125,18,0,7
2026-07-20 19:00:00,29.2,83,11.3,975.8,75.4,136.4,46.9375,19,0,7
2026-07-20 20:00:00,29.3,84,8.7,976.2,68.2,122.5,46.3,20,0,7
2026-07-20 21:00:00,29.2,87,11.3,976.8,58.2,102.0,40.175,21,0,7
2026-07-20 22:00:00,29.1,87,10.5,977.1,51.7,86.6,37.3875,22,0,7
2026-07-20 23:00:00,29.7,85,11.1,976.7,47.5,72.4,36.125,23,0,7
2026-07-21 00:00:00,29.5,85,11.1,976.4,44.2,60.5,35.575,0,1,7
2026-07-21 01:00:00,29.3,88,6.1,976.2,41.2,56.2,43.05,1,1,7
2026-07-21 02:00:00,26.9,95,5.4,976.4,42.0,63.6,53.35,2,1,7
2026-07-21 03:00:00,27.6,95,8.2,975.8,41.6,70.1,64.3375,3,1,7
2026-07-21 04:00:00,27.5,97,12.5,975.7,43.0,78.7,59.0875,4,1,7
2026-07-21 05:00:00,26.9,92,11.5,975.8,47.7,130.4,59.6125,5,1,7
2026-07-21 06:00:00,27.0,90,5.6,976.1,43.9,104.3,55.9,6,1,7
2026-07-21 07:00:00,27.1,91,10.6,976.8,40.3,87.3,24.037499999999998,7,1,7
2026-07-21 08:00:00,26.7,92,10.5,977.6,37.4,75.9,11.45,8,1,7
2026-07-21 09:00:00,27.7,94,8.4,978.1,39.0,80.6,17.75,9,1,7
2026-07-21 10:00:00,28.2,93,10.9,977.6,31.5,60.8,15.462499999999999,10,1,7
2026-07-21 11:00:00,29.6,79,14.3,978.1,29.3,55.2,14.014285714285714,11,1,7
2026-07-21 12:00:00,30.0,76,12.7,977.9,27.9,52.4,18.985714285714288,12,1,7
2026-07-21 13:00:00,29.8,77,13.2,977.8,25.7,47.0,24.914285714285715,13,1,7
2026-07-21 14:00:00,29.0,84,14.4,977.5,23.4,41.9,38.13333333333333,14,1,7
2026-07-21 15:00:00,28.5,86,14.3,976.9,21.4,36.8,42.300000000000004,15,1,7
2026-07-21 16:00:00,29.1,82,14.2,976.6,20.7,33.5,41.11666666666667,16,1,7
2026-07-21 17:00:00,29.5,75,11.4,976.6,22.6,26.4,38.13333333333333,17,1,7
2026-07-21 18:00:00,28.9,79,10.5,976.5,22.8,24.3,46.4,18,1,7
2026-07-21 19:00:00,28.0,84,10.4,976.5,24.3,24.7,48.166666666666664,19,1,7
2026-07-21 20:00:00,27.4,87,8.3,976.9,25.7,25.8,44.61666666666667,20,1,7
2026-07-21 21:00:00,27.2,87,7.0,977.4,25.8,26.0,44.166666666666664,21,1,7
2026-07-21 22:00:00,27.0,87,7.1,977.9,27.3,27.6,40.666666666666664,22,1,7
2026-07-21 23:00:00,27.4,87,6.6,977.9,27.2,27.7,35.800000000000004,23,1,7
2026-07-22 00:00:00,27.2,86,7.1,977.1,25.6,26.2,21.566666666666666,0,2,7
2026-07-22 01:00:00,27.0,86,9.1,976.8,24.4,25.0,19.150000000000002,1,2,7
2026-07-22 02:00:00,26.6,86,12.4,976.6,24.0,24.6,29.150000000000002,2,2,7
2026-07-22 03:00:00,25.4,90,11.3,976.5,23.5,24.2,36.43333333333333,3,2,7
2026-07-22 04:00:00,25.2,90,9.8,977.2,23.7,24.3,39.028571428571425,4,2,7
2026-07-22 05:00:00,24.3,97,12.7,977.4,14.4,14.8,38.94285714285714,5,2,7
2026-07-22 06:00:00,24.4,98,7.7,977.3,13.2,13.6,34.885714285714286,6,2,7
2026-07-22 07:00:00,24.9,96,9.8,977.4,13.9,14.1,43.166666666666664,7,2,7
2026-07-22 08:00:00,25.9,96,12.2,976.9,17.0,17.1,34.733333333333334,8,2,7
2026-07-22 09:00:00,27.1,91,12.3,977.5,18.7,18.7,41.166666666666664,9,2,7
2026-07-22 10:00:00,28.8,82,15.6,977.5,16.7,16.8,38.233333333333334,10,2,7
2026-07-22 11:00:00,29.6,78,13.4,978.0,17.2,17.3,39.416666666666664,11,2,7
2026-07-22 12:00:00,30.5,73,14.8,977.5,19.9,20.1,39.67142857142857,12,2,7
2026-07-22 13:00:00,29.3,79,15.0,976.9,21.9,22.1,37.628571428571426,13,2,7
2026-07-22 14:00:00,28.8,82,8.7,976.6,24.4,24.6,38.57142857142857,14,2,7
2026-07-22 15:00:00,29.0,81,8.6,976.1,25.6,25.8,33.81428571428571,15,2,7
2026-07-22 16:00:00,29.9,79,9.7,975.5,29.2,29.5,32.44285714285714,16,2,7
2026-07-22 17:00:00,29.5,79,8.9,975.5,49.1,49.4,34.871428571428574,17,2,7
2026-07-22 18:00:00,28.8,80,9.4,975.9,45.4,45.9,40.25714285714286,18,2,7
2026-07-22 19:00:00,27.6,87,8.4,976.2,44.6,44.9,45.957142857142856,19,2,7
2026-07-22 20:00:00,27.5,89,8.9,976.9,44.9,45.1,42.34285714285714,20,2,7
2026-07-22 21:00:00,27.2,89,11.0,977.0,46.4,46.6,37.25714285714286,21,2,7
2026-07-22 22:00:00,27.0,88,10.2,977.0,48.8,48.9,33.25714285714286,22,2,7
2026-07-22 23:00:00,27.2,86,7.7,977.1,48.1,48.2,27.385714285714283,23,2,7
2026-07-23 00:00:00,26.9,86,6.4,977.0,44.9,44.9,16.185714285714287,0,3,7
2026-07-23 01:00:00,26.8,86,6.0,976.3,40.4,40.6,16.814285714285713,1,3,7
2026-07-23 02:00:00,26.6,88,7.1,976.0,34.7,35.0,12.742857142857144,2,3,7
2026-07-23 03:00:00,26.3,91,7.4,975.5,28.4,30.0,6.614285714285714,3,3,7
2026-07-23 04:00:00,25.4,95,9.4,976.1,22.7,24.1,12.385714285714286,4,3,7
2026-07-23 05:00:00,26.2,91,11.9,975.8,11.6,16.7,29.585714285714285,5,3,7
2026-07-23 06:00:00,25.8,95,12.4,976.3,9.3,11.4,21.74285714285714,6,3,7
2026-07-23 07:00:00,25.8,96,6.9,976.4,10.3,11.4,11.757142857142856,7,3,7
2026-07-23 08:00:00,25.7,94,12.9,977.0,11.2,11.6,14.77142857142857,8,3,7
2026-07-23 09:00:00,25.1,98,13.3,977.2,12.6,12.9,19.585714285714285,9,3,7
2026-07-23 10:00:00,25.3,97,7.0,977.1,14.2,14.5,25.785714285714285,10,3,7
2026-07-23 11:00:00,26.0,95,9.5,977.5,16.8,17.2,32.92857142857143,11,3,7
2026-07-23 12:00:00,26.1,94,10.1,976.9,19.2,19.7,34.6,12,3,7
2026-07-23 13:00:00,26.8,89,11.9,976.7,19.5,20.1,26.599999999999998,13,3,7
2026-07-23 14:00:00,27.0,88,11.6,976.1,20.7,21.1,26.114285714285717,14,3,7
2026-07-23 15:00:00,28.1,81,11.8,975.7,23.5,23.9,33.385714285714286,15,3,7
2026-07-23 16:00:00,28.2,82,9.2,974.7,23.1,23.4,40.65714285714286,16,3,7
2026-07-23 17:00:00,28.1,85,9.1,974.8,48.5,49.4,40.142857142857146,17,3,7
2026-07-23 18:00:00,27.8,86,7.9,974.4,46.1,46.7,38.57142857142857,18,3,7
2026-07-23 19:00:00,27.4,87,6.4,974.7,44.5,44.9,56.728571428571435,19,3,7
2026-07-23 20:00:00,27.3,86,6.1,975.5,41.9,42.3,45.042857142857144,20,3,7
2026-07-23 21:00:00,27.0,86,6.8,975.9,40.4,40.7,36.114285714285714,21,3,7
2026-07-23 22:00:00,26.9,85,6.7,976.1,40.7,41.1,36.27142857142857,22,3,7
2026-07-23 23:00:00,27.5,83,7.7,976.0,39.1,39.5,26.314285714285713,23,3,7
2026-07-24 00:00:00,27.2,83,8.1,976.2,37.0,37.4,27.37142857142857,0,4,7
2026-07-24 01:00:00,27.3,82,8.3,975.9,34.2,34.7,28.24285714285714,1,4,7
2026-07-24 02:00:00,26.9,84,7.9,975.7,31.8,32.2,27.72857142857143,2,4,7
2026-07-24 03:00:00,26.0,91,7.9,975.4,27.9,28.5,27.2,3,4,7
2026-07-24 04:00:00,25.8,91,8.4,975.7,26.0,26.7,24.885714285714283,4,4,7
2026-07-24 05:00:00,25.8,97,6.9,975.7,18.0,18.3,21.514285714285712,5,4,7
2026-07-24 06:00:00,25.3,98,8.9,976.1,18.4,18.6,26.414285714285715,6,4,7
2026-07-24 07:00:00,25.8,97,8.2,976.2,19.8,20.0,33.52857142857143,7,4,7
2026-07-24 08:00:00,26.9,91,7.8,976.9,21.0,21.3,36.22857142857143,8,4,7
2026-07-24 09:00:00,28.1,88,5.7,977.4,22.0,22.3,37.771428571428565,9,4,7
2026-07-24 10:00:00,29.7,81,6.2,977.1,22.6,22.9,36.371428571428574,10,4,7
2026-07-24 11:00:00,30.8,75,8.2,977.4,24.3,24.7,36.042857142857144,11,4,7
2026-07-24 12:00:00,31.5,72,8.0,976.9,27.2,27.5,35.27142857142857,12,4,7
2026-07-24 13:00:00,32.1,67,5.9,975.8,28.6,28.8,39.15714285714286,13,4,7
2026-07-24 14:00:00,31.3,71,5.1,975.1,29.4,29.6,45.857142857142854,14,4,7
2026-07-24 15:00:00,29.7,82,4.6,974.2,28.7,28.9,54.25714285714285,15,4,7
2026-07-24 16:00:00,30.7,78,2.7,973.6,27.2,27.4,69.01428571428572,16,4,7
2026-07-24 17:00:00,32.3,64,5.6,973.3,43.2,43.5,63.699999999999996,17,4,7
2026-07-24 18:00:00,31.4,73,4.9,973.2,45.5,45.9,46.857142857142854,18,4,7
2026-07-24 19:00:00,30.3,79,3.6,973.4,52.3,52.5,45.271428571428565,19,4,7
2026-07-24 20:00:00,29.6,82,4.1,974.5,55.4,55.5,42.9,20,4,7
2026-07-24 21:00:00,29.2,83,4.5,975.7,58.3,58.6,52.93333333333334,21,4,7
2026-07-24 22:00:00,29.1,83,4.2,975.9,64.3,64.3,47.449999999999996,22,4,7
2026-07-24 23:00:00,28.8,84,8.5,976.0,67.5,67.8,38.11666666666667,23,4,7
